tree
version=v4
num_class=1
num_tree_per_iteration=1
label_index=0
max_feature_idx=3
objective=binary sigmoid:1
feature_names=semantic_sim category_match price_fit user_cat_clicks
feature_infos=[0.005551275797188282:0.44910544157028198] [0:1] [0:1] [0:31]
tree_sizes=3291 3404 3411 3407 3408 3410 3404 3413 3418 3401 3414 3386 3397 3404 3409 3417 3411 3406 3390 3406 3411 3419 3418 3410 3414 3412 3414 3394 3421 3435 3429 3423 3415 3384 3388 3425 3423 3415 3419 3420 3421 3419 3427 3410 3414 3420 3401 3428 3416 3406 3408 3427 3434 3423 3434 3423 3419 3437 3413 3425 3437 3434 3435 3473 3398 3436 3434 3444 3426 3421 3442 3455 3433 3441 3448 3459 3437 3460 3460 3445 3448 3441 3453 3436 3455 3474 3429 3465 3433 3454 3436 3429 3436 3429 3438 3429 3444 3461 3467 3467 3429 3471 3451 3447 3443 3446 3494 3437 3458 3443 3432 3447 3447 3449 3469 3431 3438 3467 3467 3443 3415 3455 3464 3444 3429 3454 3433 3437 3462 3453 3457 3436 3431 3475 3464 3465 3457 3448 3423 3473 3439 3436 3448 3429 3454 3451 3467 3434 3453 3451 3450 3458 3459 3450 3453 3443 3473 3492 3443 3439 3455 3445 3447 3454 3447 3467 3462 3466 3462 3446 3439 3458 3452 3462 3464 3471 3440 3472 3443 3453 3460 3443 3445 3437 3474 3438 3452 3463 3437 3461 3451 3441 3469 3457 3477 3437 3452 3436 3441 3464

Tree=0
num_leaves=31
num_cat=0
split_feature=3 3 2 2 3 3 0 0 0 3 0 0 0 0 0 0 0 0 3 3 0 3 0 3 0 0 0 3 3 0
split_gain=786.502 203.627 80.0224 25.787 8.47288 8.11742 4.90821 4.25801 8.13849 3.85472 4.74196 6.24022 4.22379 3.39926 3.3452 3.0732 3.1324 1.98944 1.74264 3.54987 3.45091 1.60195 1.57767 1.56793 1.31009 2.26103 2.21436 1.16321 1.14478 1.09446
threshold=1.0000000180025095e-35 2.5000000000000004 1.0000000180025095e-35 1.0000000180025095e-35 6.5000000000000009 1.5000000000000002 0.012417749967426063 0.062144866213202483 0.013884788379073145 1.5000000000000002 0.019022217020392421 0.066854614764451994 0.017367155291140083 0.072267085313797011 0.022184890694916252 0.069155588746070876 0.24861386418342593 0.015380621422082187 16.500000000000004 11.500000000000002 0.019912107847630981 16.500000000000004 0.22997444868087771 7.5000000000000009 0.062328308820724494 0.063921783119440093 0.018745350651443008 4.5000000000000009 7.5000000000000009 0.069628302007913603
decision_type=2 2 2 2 2 2 2 2 2 2 2 2 2 2 2 2 2 2 2 2 2 2 2 2 2 2 2 2 2 2
left_child=-1 3 4 9 27 -5 -6 8 -7 10 12 -12 17 28 -11 18 22 -2 19 24 -21 -18 29 -15 26 -26 -8 -3 -4 -17
right_child=1 2 13 5 6 7 15 -9 -10 14 11 -13 -14 23 -16 16 21 -19 -20 20 -22 -23 -24 -25 25 -27 -28 -29 -30 -31
leaf_value=0.73740922103440221 0.8596771239923845 0.8771439672720962 0.96244217126381737 0.87916910852191787 0.9728881452497754 0.87820256383450301 0.90776000717810779 0.88162264503612486 0.94383555070372283 0.85152593046185232 0.80051523546432857 0.86420556484268007 0.89688909445785725 0.93303786576717374 0.90413817961346887 0.95230432320297698 0.88413070458398091 0.81892115633972373 0.90263611692356738 0.96360484150666925 0.92181327139726066 0.92230214745866801 0.95593057951249805 0.95971449913982443 0.87079238789765556 0.91854685504622768 0.93703028708825076 0.90150561710958887 0.97274396913008432 0.93052980621931769
leaf_weight=58.069207370281219 6.543009281158449 7.1564164012670526 33.328453525900841 42.325091287493706 5.520664080977439 6.747478321194655 18.197744563221935 7.9742925614118567 15.744116082787512 9.2011068016290647 12.677080482244493 5.520664080977439 4.7027879208326331 6.1340712010860434 4.4983188807964316 6.7474783211946479 4.0893808007240287 5.5206640809774399 15.130708962678908 8.1787616014480609 12.472611442208288 8.3832306414842588 9.6100448817014676 53.97982656955719 4.4983188807964307 5.5206640809774399 10.018982961773871 15.539647042751312 141.28810666501522 39.871462807059288
leaf_count=284 32 35 163 207 27 33 89 39 77 45 62 27 23 30 22 33 20 27 74 40 61 41 47 264 22 27 49 76 691 195
internal_value=0.912053 0.931293 0.948297 0.874497 0.922274 0.893335 0.926629 0.913015 0.924146 0.84632 0.837512 0.819837 0.856695 0.967247 0.868802 0.92484 0.932456 0.841026 0.917771 0.92166 0.938364 0.909787 0.937484 0.956992 0.912638 0.897106 0.918153 0.893824 0.970778 0.933681
internal_weight=585.19 527.121 405.667 121.455 170.936 72.791 148.24 30.4659 22.4916 48.6636 34.9642 18.1977 16.7665 234.73 13.6994 142.719 68.7016 12.0637 74.0178 58.8871 20.6514 12.4726 56.229 60.1139 38.2357 10.019 28.2167 22.6961 174.617 46.6189
internal_count=2862 2578 1984 594 836 356 725 149 110 238 171 89 82 1148 67 698 336 59 362 288 101 61 275 294 187 49 138 111 854 228
is_linear=0
shrinkage=1


Tree=1
num_leaves=31
num_cat=0
split_feature=3 3 2 2 3 3 3 0 0 0 0 0 0 3 0 0 0 0 0 0 0 0 0 0 0 3 0 0 3 0
split_gain=674.688 168.097 70.7937 24.122 11.5856 6.51284 3.97223 3.45416 3.37175 4.73828 3.32858 5.70332 3.24863 2.92583 2.84484 5.3914 3.98656 2.82031 2.69983 4.06198 2.66513 3.22162 2.39743 5.13747 2.38573 2.20064 2.11968 1.922 2.85819 2.02618
threshold=1.0000000180025095e-35 2.5000000000000004 1.0000000180025095e-35 1.0000000180025095e-35 7.5000000000000009 1.5000000000000002 1.5000000000000002 0.021620291285216812 0.012417749967426063 0.017743511125445369 0.059228794649243362 0.013884788379073145 0.019347880966961387 7.5000000000000009 0.019022217020392421 0.065984569489955916 0.017367155291140083 0.073012433946132674 0.022047972306609157 0.069155588746070876 0.017230210825800899 0.013884788379073145 0.22037933766841891 0.22931337356567386 0.015223377849906685 4.5000000000000009 0.24861386418342593 0.22382622212171557 11.500000000000002 0.069628302007913603
decision_type=2 2 2 2 2 2 2 2 2 2 2 2 2 2 2 2 2 2 2 2 2 2 2 2 2 2 2 2 2 2
left_child=-1 3 4 6 12 20 14 -8 -6 -10 11 -7 -3 17 16 -16 24 -4 -11 -20 21 -5 -15 -24 -2 -14 27 29 -29 -21
right_child=1 2 13 5 8 10 7 -9 9 18 -12 -13 25 22 15 -17 -18 -19 19 26 -22 -23 23 -25 -26 -27 -28 28 -30 -31
leaf_value=-0.15452562800987779 -0.04847747596770971 0.0047295021802773599 0.04475117705302626 -0.029253892123836729 0.057978695682604886 -0.022986586106805984 -0.053331845858732109 0.00085756867759983243 -0.0058916987544626381 0.03791957596539608 -0.024896129236950556 0.030307005996279932 -0.061751351233327839 0.057351937530152733 -0.098248403860904471 -0.039248394478925266 -0.014126439508217703 0.0023645226711823276 -0.00047035297793908182 0.045207742369599027 -0.036242668464581872 0.019070399979100365 0.0082482435752422503 0.055725508644771375 -0.090452254167748866 -0.021133354279008133 0.0037098131906864885 0.011631330675678711 0.053489572443341099 0.013427585461915276
leaf_weight=63.691980600357056 7.5224161148071307 10.676328450441362 32.820626735687256 8.4991267919540388 4.5784226804971686 7.4656278491020265 9.2243519425392133 4.316969856619834 23.699183359742165 15.778906986117361 7.8529561161994925 15.32581967115402 4.1493836045265224 159.61068503558636 13.473672240972521 5.4334647059440604 4.7327052205801001 4.4574318230152121 27.620935589075089 6.2279938757419613 27.570338129997253 5.8042817115783683 8.2099286317825335 18.622521042823792 6.1550688147544861 16.983432814478874 12.056157365441321 6.0511735081672695 12.508010327816008 25.759620279073715
leaf_count=291 36 52 164 41 23 36 44 21 116 78 38 76 20 801 63 26 23 22 135 31 133 28 41 93 29 83 59 30 62 127
internal_value=-0.00103752 0.018012 0.0341111 -0.0328533 0.00938113 -0.0143385 -0.0592531 -0.0360563 0.0158084 0.0143198 0.00317716 0.01285 -0.0177513 0.0524704 -0.0676706 -0.0812932 -0.0536803 0.0396829 0.0188385 0.0155015 -0.027157 -0.00964403 0.0550272 0.0411989 -0.0673667 -0.0291086 0.0225485 0.0270418 0.0398418 0.0196152
internal_weight=576.88 513.188 389.811 123.377 166.09 72.5182 50.8586 13.5413 134.28 129.702 30.6444 22.7914 31.8091 223.721 37.3173 18.9071 18.4102 37.2781 106.003 90.2239 41.8737 14.3034 186.443 26.8324 13.6775 21.1328 62.603 50.5468 18.5592 31.9876
internal_count=2822 2531 1937 594 816 352 242 65 661 638 150 112 155 1121 177 89 88 186 522 444 202 69 935 134 65 103 309 250 92 158
is_linear=0
shrinkage=0.05


Tree=2
num_leaves=31
num_cat=0
split_feature=3 3 2 1 3 2 0 0 0 0 3 3 0 0 0 0 3 0 0 0 0 3 0 0 3 3 0 1 0 0
split_gain=566.432 135.021 65.6814 29.4316 16.4195 14.4171 4.58104 3.46692 3.57365 3.09389 3.04458 3.38534 3.81655 2.54696 4.80998 3.71904 2.41378 3.0922 5.72384 2.401 2.37079 2.27999 2.03633 1.99653 2.32224 1.45884 1.30247 1.22408 1.20115 1.92432
threshold=1.5000000000000002 1.0000000180025095e-35 1.0000000180025095e-35 1.0000000180025095e-35 4.5000000000000009 1.0000000180025095e-35 0.28880871832370764 0.073063034564256682 0.071710307151079192 0.19420886039733889 23.000000000000004 10.500000000000002 0.063968017697334303 0.019022217020392421 0.070647068321704878 0.017082292586565021 2.5000000000000004 0.059228794649243362 0.015223377849906685 0.072267085313797011 0.014553235843777658 11.500000000000002 0.069628302007913603 0.019912107847630981 17.500000000000004 12.500000000000002 0.020066848956048492 1.0000000180025095e-35 0.017230210825800899 0.013884788379073145
decision_type=2 2 2 2 2 2 2 2 2 2 2 2 2 2 2 2 2 2 2 2 2 2 2 2 2 2 2 2 2 2
left_child=1 -1 4 16 26 13 7 8 10 -9 11 -6 23 15 -15 20 17 18 -4 -5 -3 -11 -14 24 25 -13 -2 -28 29 -7
right_child=2 5 3 19 6 28 -8 9 -10 21 -12 12 22 14 -16 -17 -18 -19 -20 -21 -22 -23 -24 -25 -26 -27 27 -29 -30 -31
leaf_value=-0.13955980240534127 -0.045622922460268951 -0.040809883427957223 -0.021365698975285681 0.056455171821390794 0.0030711009441735868 -0.025100411735563724 -0.033368315804828616 0.060416905258118825 -0.032987783524272972 0.0058130252990384792 -0.022268928326258926 0.015346423551284329 0.06248254664532317 -0.087638679708105183 -0.029230954773481577 -0.014512819987578463 0.027722126977644021 -0.025776855442520088 0.031795716235249898 0.044437309455847555 -0.084179794924113954 0.029512128086746549 0.021769467902543003 0.0020658895668225932 0.0039807960423379586 0.050398374096251114 -0.0071268385779943242 -0.040328487608701509 -0.027971599468154879 0.011678200163369932
leaf_weight=63.225918263196945 11.044212073087694 5.7508833110332507 8.6881529390811973 157.09632423520088 45.534123316407204 8.8107584416866285 5.3157066851854315 5.4585421085357657 4.8677426576614371 16.426276743412018 6.5102970600128165 4.6275808215141323 7.4152218252420408 16.967814326286319 4.4491179138422003 5.2375540137290946 9.8316409289836866 8.7705671489238721 12.135895922780035 56.510194480419159 6.9702386260032654 26.555516764521599 5.2427626848220825 18.466224730014801 8.3411458879709226 8.2792086750268918 6.4200137108564359 4.8909860104322433 27.137301877140999 5.9639330208301535
leaf_count=275 52 27 42 809 223 42 26 27 24 81 32 23 37 77 21 25 50 42 61 288 32 133 26 91 41 42 31 23 129 29
internal_value=0.00108753 -0.0847597 0.0293842 0.0459497 0.00677529 -0.0421359 0.0122852 0.0138238 0.00888846 0.0249582 0.0108407 0.0130423 0.0217116 -0.0638605 -0.0755052 -0.0499735 0.00625769 -0.000873017 0.00961586 0.0532758 -0.0645734 0.0204551 0.0456198 0.0140914 0.0245426 0.0378309 -0.0334092 -0.0214836 -0.021726 -0.0102544
internal_weight=582.942 144.514 438.428 253.033 185.396 81.2876 163.04 157.725 109.284 48.4403 104.417 97.9063 52.3721 39.3756 21.4169 17.9587 39.4263 29.5946 20.824 213.607 12.7211 42.9818 12.658 39.7142 21.2479 12.9068 22.3552 11.311 41.912 14.7747
internal_count=2861 657 2204 1292 912 382 806 780 539 241 515 483 260 182 98 84 195 145 103 1097 59 214 63 197 106 65 106 54 200 71
is_linear=0
shrinkage=0.05


Tree=3
num_leaves=31
num_cat=0
split_feature=3 3 2 3 3 2 0 0 0 0 0 0 0 0 0 0 1 0 0 0 0 0 3 0 3 0 0 3 0 0
split_gain=546.292 100.828 66.5322 22.0399 13.0132 10.3273 5.74772 3.95194 3.55678 3.46338 3.24713 2.91163 2.67588 3.40026 2.28456 2.12489 2.10878 1.69662 2.38645 2.50553 1.62077 1.97379 3.42168 1.90516 3.33573 1.70267 1.607 1.54036 1.52805 1.6819
threshold=1.5000000000000002 1.0000000180025095e-35 1.0000000180025095e-35 2.5000000000000004 7.5000000000000009 1.0000000180025095e-35 0.015223377849906685 0.2080323398113251 0.22931337356567386 0.22382622212171557 0.012417749967426063 0.062144866213202483 0.017743511125445369 0.014388924930244686 0.020066848956048492 0.073012433946132674 1.0000000180025095e-35 0.28880871832370764 0.073063034564256682 0.19420886039733889 0.070586379617452635 0.069155588746070876 13.500000000000002 0.057193430140614517 8.5000000000000018 0.01378528540953994 0.014553235843777658 12.500000000000002 0.017230210825800899 0.014553235843777658
decision_type=2 2 2 2 2 2 2 2 2 2 2 2 2 2 2 2 2 2 2 2 2 2 2 2 2 2 2 2 2 2
left_child=1 -1 4 6 12 26 -4 16 9 -9 -6 -8 13 -2 -14 -16 -5 18 20 -20 21 23 -23 24 -12 -26 -3 -27 29 -7
right_child=2 5 3 7 10 28 11 8 -10 -11 17 -13 14 -15 15 -17 -18 -19 19 -21 -22 22 -24 -25 25 27 -28 -29 -30 -31
leaf_value=-0.12789383767712845 -0.022958972155811358 -0.037418908092260367 -0.030572957355710841 0.031109892185021654 0.056120908115822092 -0.026304991588810708 0.033102095678049975 0.037404119100228207 0.048317639355652385 -0.016951298264826244 -0.025755431096912453 -0.0070704480745199076 -0.056985703155809468 0.022925841868674454 -0.011831364366067779 -0.045406795203811058 0.055284191182026876 -0.017524028650606892 0.057696040113482665 0.01898067581417608 -0.015310888135236636 0.058878026362177829 -0.0010944050544324732 -0.0034189916879621713 -0.0010189048803794941 0.014692806858070895 -0.067913329695146629 0.037537411138578142 -0.034256613041948381 0.011953162588867118
leaf_weight=67.622653424739838 7.9487791061401394 4.9746500551700583 8.3526116907596606 9.5116764605045301 4.4105585664510718 8.6651464551687223 12.764705717563631 6.5799828469753283 18.368788361549377 5.2839379012584686 4.6973824054002753 6.9750735014677039 4.6534060090780249 8.2053481191396695 21.693303108215336 6.0200034677982321 174.94672395288944 4.5415280759334555 4.7091397047042838 37.122335121035576 6.4754132330417624 5.2936003953218442 4.3186957538127899 24.501502841711044 8.4155882745981199 17.340718761086467 32.84473891556263 12.844795390963553 29.1381925791502 4.2974002808332434
leaf_count=284 38 23 40 49 23 41 65 34 96 27 23 33 22 39 104 29 924 22 24 187 32 27 22 120 41 86 148 65 137 21
internal_value=-4.23208e-05 -0.082959 0.0286771 0.0458418 0.00592873 -0.0449384 0.00419536 0.0512913 0.034535 0.0131954 0.0139277 0.0189071 -0.0162728 0.000347819 -0.0245681 -0.0191248 0.0540376 0.0124991 0.0135837 0.023339 0.00871906 0.0107291 0.0319331 0.00772295 0.0140279 0.0188691 -0.0639022 0.0244138 -0.0279032 -0.0136215
internal_weight=573.518 147.543 425.976 242.784 183.192 79.9201 28.0924 214.691 30.2327 11.8639 134.671 19.7398 48.5208 16.1541 32.3667 27.7133 184.458 130.261 125.719 41.8315 83.8877 77.4123 9.6123 67.8 43.2985 38.6011 37.8194 30.1855 42.1007 12.9625
internal_count=2826 654 2172 1268 904 370 138 1130 157 61 672 98 232 77 155 133 973 649 627 211 416 384 49 335 215 192 171 151 199 62
is_linear=0
shrinkage=0.05


Tree=4
num_leaves=31
num_cat=0
split_feature=3 3 2 1 3 2 0 0 0 0 0 0 0 0 3 0 3 3 0 0 0 0 0 0 0 0 0 0 0 0
split_gain=470.397 92.1712 68.5698 28.3824 15.1739 9.13193 3.38421 3.40735 3.0074 2.5533 2.18995 3.94126 2.12192 3.04802 2.31429 2.30813 1.67967 3.80114 1.58504 2.51233 2.08758 1.53066 1.86889 1.50837 3.1199 2.716 2.79824 1.29295 1.28526 2.41344
threshold=1.5000000000000002 1.0000000180025095e-35 1.0000000180025095e-35 1.0000000180025095e-35 7.5000000000000009 1.0000000180025095e-35 0.012417749967426063 0.018745350651443008 0.21070312708616259 0.22931337356567386 0.014388924930244686 0.017743511125445369 0.28557106852531439 0.22997444868087771 17.500000000000004 0.019912107847630981 11.500000000000002 17.500000000000004 0.073012433946132674 0.061847647652029998 0.063195791095495238 0.019912107847630981 0.064849406480789198 0.019975381903350357 0.066854614764451994 0.017082292586565021 0.015223377849906685 0.016661843284964565 0.069155588746070876 0.062041370198130615
decision_type=2 2 2 2 2 2 2 2 2 2 2 2 2 2 2 2 2 2 2 2 2 2 2 2 2 2 2 2 2 2
left_child=1 -1 4 -4 10 23 -6 16 21 -10 -2 -12 13 15 -15 -9 27 -18 19 -13 -21 -5 -23 25 -25 26 -3 -8 29 -17
right_child=2 5 3 8 6 -7 7 12 9 -11 11 18 -14 14 -16 28 17 -19 -20 20 -22 22 -24 24 -26 -27 -28 -29 -30 -31
leaf_value=-0.11854243515943907 -0.043453391487606755 -0.045003439914877104 0.0059085808701977638 0.060748368366920047 0.055394613369811309 -0.024373697481954087 -0.0012709928018342133 0.047023448445242866 0.01625064229520988 0.04854001886939685 0.01593185066271828 -0.033681157099394676 -0.013282336973102622 0.056264589038986096 0.016723694040113393 0.019276248297984355 0.040763861361956838 -0.0132975769479635 -0.046386962861657728 0.025604971036081628 -0.016341826280409661 0.041562261740965209 0.055698826303236831 -0.083910221762361598 -0.038689182406237248 -0.028808500882702478 -0.091923559182489234 -0.029810272380087523 0.017091732894233689 -0.008456644688134984
leaf_weight=68.531172916293144 8.2348331212997419 7.9465873837471026 39.309851258993149 66.504572510719299 4.482752948999404 43.375034719705582 8.3976667076349276 4.8270603269338599 9.6873060017824191 16.63720840215683 8.1372002810239774 12.749312952160837 5.9702188819646826 8.0942178368568403 6.8172664344310752 14.022831231355669 5.583144932985304 7.7855074852705002 5.9202781319618216 4.3868748098611823 9.1582841873168928 34.741334050893784 71.488271042704582 11.366940423846247 5.7403224706649771 9.573846831917761 5.2949934154748917 7.5245642662048331 41.866792470216751 17.806461378931999
leaf_count=281 39 36 196 362 24 203 41 25 50 89 39 60 29 41 35 70 29 38 28 21 44 189 387 49 26 43 23 37 213 87
internal_value=-0.000164035 -0.0755925 0.0270945 0.0447334 0.00396254 -0.0402564 0.0126883 0.0112008 0.0524005 0.0366577 -0.0199553 -0.0151599 0.0156171 0.0174637 0.0381872 0.0135283 -0.00378686 0.00928008 -0.0230135 -0.0177508 -0.0027565 0.0547997 0.0510756 -0.0575126 -0.0687364 -0.0490969 -0.0637657 -0.0147582 0.0113344 0.00376146
internal_weight=571.963 151.829 420.134 238.369 181.765 83.2977 133.178 128.696 199.059 26.3245 48.5868 40.352 99.4048 93.4346 14.9115 78.5231 29.2909 13.3687 32.2148 26.2945 13.5452 172.734 106.23 39.9227 17.1073 22.8154 13.2416 15.9222 73.6961 31.8293
internal_count=2834 661 2173 1273 900 380 669 645 1077 139 231 192 500 471 76 395 145 67 153 125 65 938 576 177 75 102 59 78 370 157
is_linear=0
shrinkage=0.05


Tree=5
num_leaves=31
num_cat=0
split_feature=3 3 2 1 3 2 0 0 0 0 0 0 0 0 0 3 0 3 0 3 0 0 0 0 0 0 3 3 0 0
split_gain=434.879 77.6417 56.5365 24.4382 16.2569 7.98308 4.59898 4.05945 4.87347 3.65371 3.36593 4.24594 5.18797 2.91735 5.22289 2.42151 4.48453 3.30847 2.07917 1.91458 3.60573 5.88476 1.59011 2.8503 1.53499 1.47287 1.84334 2.30065 1.68375 1.40841
threshold=1.5000000000000002 1.0000000180025095e-35 1.0000000180025095e-35 1.0000000180025095e-35 6.5000000000000009 1.0000000180025095e-35 0.40391938388347631 0.22037933766841891 0.22931337356567386 0.012417749967426063 0.070647068321704878 0.019022217020392421 0.017367155291140083 0.073063034564256682 0.071710307151079192 28.000000000000004 0.063968017697334303 9.5000000000000018 0.24861386418342593 2.5000000000000004 0.059228794649243362 0.015380621422082187 0.018871597945690158 0.013884788379073145 0.013045935891568662 0.062041370198130615 14.500000000000002 8.5000000000000018 0.063759762793779387 0.19420886039733889
decision_type=2 2 2 2 2 2 2 2 2 2 2 2 2 2 2 2 2 2 2 2 2 2 2 2 2 2 2 2 2 2
left_child=1 -1 4 19 -2 10 9 -5 -9 -6 11 12 -3 14 15 16 24 -18 29 20 21 -4 23 -7 -11 26 27 -26 -27 -15
right_child=2 5 3 7 6 22 -8 8 -10 13 -12 -13 -14 18 -16 -17 17 -19 -20 -21 -22 -23 -24 -25 25 28 -28 -29 -30 -31
leaf_value=-0.11088035571240883 -0.024724081342186632 -0.059193789726825999 -0.017980468233470978 0.05244685956770348 0.056348245429992921 -0.032168079662322289 -0.039881201124719969 -0.0014416108151755428 0.04578643611052708 -0.019220874661320955 -0.014778910738944601 -0.078891738452982557 0.0037346803826189372 0.055738257281806175 -0.045989251319795921 -0.02707149748426052 0.0016867493642536804 0.046466858241993689 0.0020769547154791831 0.026116253013547908 -0.026680512030560478 0.03460159158548639 -0.032680269755653114 0.0075573794770694494 -0.0047354133827651156 -0.02747548339441841 -0.010864270826331929 0.022943582074814152 0.012145388356417951 0.025324937402468512
leaf_weight=70.068755894899368 36.026983559131622 13.503962188959123 9.4809489101171547 171.87323515117168 4.9911997914314261 9.5036094784736651 4.0234143286943427 7.9402437210083034 17.503594100475311 5.5704455226659766 4.4503930211067191 16.934038817882538 4.3239736557006827 4.3724095970392218 4.3032711893320075 4.1059526950120917 5.8763593882322338 13.837831571698187 8.8836812824010831 9.7242128998041135 8.6436302214860898 12.127131700515745 25.435777276754379 8.6026573032140714 9.9380259364843351 5.5977941900491697 7.4610558450222006 30.695623233914375 5.1469383239746094 29.418325513601303
leaf_count=283 169 59 45 960 27 44 19 41 96 27 20 72 20 23 21 20 29 71 44 51 41 63 117 41 48 27 37 156 25 152
internal_value=1.6533e-05 -0.0721496 0.0264298 0.0424651 0.00531971 -0.0393559 0.0128247 0.0496875 0.031048 0.0143372 -0.0557204 -0.060962 -0.0439312 0.0127864 0.00779873 0.0104222 0.0122522 0.0331189 0.0236015 0.00681634 0.000612517 0.0115302 -0.0246187 -0.0132937 0.00586538 0.00824035 0.0119794 0.016174 -0.00849631 0.0292603
internal_weight=570.365 152.823 417.542 237.293 180.249 82.7544 144.222 197.317 25.4438 140.199 39.2124 34.762 17.8279 135.208 92.5333 88.23 84.1241 19.7142 42.6744 39.9759 30.2517 21.6081 43.542 18.1063 64.4099 58.8394 48.0947 40.6336 10.7447 33.7907
internal_count=2848 656 2192 1297 895 373 726 1097 137 707 171 151 79 680 461 440 420 100 219 200 149 108 202 85 320 293 241 204 52 175
is_linear=0
shrinkage=0.05


Tree=6
num_leaves=31
num_cat=0
split_feature=3 3 2 3 3 2 0 0 0 0 3 0 0 0 0 3 3 3 3 0 0 0 0 0 0 0 0 0 0 0
split_gain=387.106 76.8122 53.0271 21.206 8.79823 5.73657 3.7552 3.07335 2.55005 2.81782 2.2169 1.8335 3.53925 1.76512 3.01221 3.26049 2.57684 1.81467 1.64125 2.09044 1.38463 1.24779 1.24392 1.52392 1.24254 3.31938 2.14754 2.12442 2.5684 1.18387
threshold=1.5000000000000002 1.0000000180025095e-35 1.0000000180025095e-35 2.5000000000000004 7.5000000000000009 1.0000000180025095e-35 0.019022217020392421 0.072267085313797011 0.017082292586565021 0.014553235843777658 7.5000000000000009 0.059228794649243362 0.015380621422082187 0.28880871832370764 0.22037933766841891 28.000000000000004 12.500000000000002 13.500000000000002 4.5000000000000009 0.017743511125445369 0.24861386418342593 0.073012433946132674 0.066854614764451994 0.060366710647940643 0.063992727547884001 0.072238828986883177 0.062328308820724494 0.018745350651443008 0.016943091526627544 0.069985084235668196
decision_type=2 2 2 2 2 2 2 2 2 2 2 2 2 2 2 2 2 2 2 2 2 2 2 2 2 2 2 2 2 2
left_child=1 -1 4 11 18 6 8 -5 9 -3 -9 12 -4 14 15 16 24 -18 -2 -20 -16 -12 23 -8 26 -26 27 28 -6 -19
right_child=2 5 3 7 13 -7 22 10 -10 -11 21 -13 -14 -15 20 -17 17 29 19 -21 -22 -23 -24 -25 25 -27 -28 -29 -30 -31
leaf_value=-0.10449070680274986 -0.022475531742465946 -0.013512713169604069 -0.013366326701798005 0.051602117213922695 0.0081195637953462001 -0.021560001324233594 -0.058934011124131352 0.0093459598083215512 -0.0017919594429114138 -0.061330867426577888 0.01873952627119586 -0.019093448284996886 0.028013689470050781 -0.018408156467277177 0.03377460410597409 -0.025368315349192289 0.038933047003148369 0.010126515615236746 0.018132144194561228 -0.012888633463550722 0.0090016396469329088 0.044174884113479057 -0.042525853334651129 -0.092888258234945273 0.033588017232864927 -0.01129248847172307 -0.026683261690657892 0.026006175736617777 -0.031619287357536337 0.035018178703247228
leaf_weight=71.617475688457489 21.806284338235855 4.9902974963188198 9.3533486574888283 147.20306523144245 13.046075448393827 44.142866909503937 10.550851285457613 6.1310782879590979 5.2596468627452841 8.0515883564949018 5.4407754838466635 7.6657463908195487 11.546241089701651 4.4359465092420569 22.446428492665294 6.2943282276391974 10.617993801832197 24.683107271790508 7.628467425704005 18.852448463439941 7.5335864275693885 42.381321027874947 5.8799833059310904 4.8115549534559241 10.121116101741793 6.948132872581481 6.6560818254947653 8.3484613597393018 5.907083496451377 5.9230152219533911
leaf_count=287 100 22 44 845 65 203 44 33 24 34 31 36 61 21 118 31 56 125 37 89 38 236 26 20 52 36 32 43 29 30
internal_value=0.000769406 -0.0664794 0.0261825 0.0421358 0.0059627 -0.0339502 -0.0477813 0.0478605 -0.0311815 -0.0430339 0.0376521 0.00182275 0.00949458 0.0126014 0.0136717 0.0094497 0.0118253 0.0211225 -0.0123173 -0.00395235 0.0275495 0.0412811 -0.062083 -0.0695686 0.00431424 0.0153192 -0.00121751 0.00499099 -0.00426574 0.0149436
internal_weight=566.274 155.304 410.97 229.722 181.249 83.6868 39.5439 201.156 18.3015 13.0419 53.9532 28.5653 20.8996 132.961 128.525 98.5454 92.2511 41.2241 48.2872 26.4809 29.98 47.8221 21.2424 15.3624 51.027 17.0692 33.9577 27.3016 18.9532 30.6061
internal_count=2848 660 2188 1286 902 373 170 1145 80 56 300 141 105 676 655 499 468 211 226 126 156 267 90 64 257 88 169 137 94 155
is_linear=0
shrinkage=0.05


Tree=7
num_leaves=31
num_cat=0
split_feature=3 3 2 1 3 2 3 3 0 0 0 0 0 0 0 0 0 0 0 0 0 0 0 0 0 0 0 0 3 0
split_gain=340.258 73.0052 53.4793 16.6836 11.1235 6.55968 3.09827 3.09922 2.67438 4.00987 3.26051 2.34842 2.93116 2.78309 3.99039 2.16913 1.62873 1.56174 3.31929 3.05107 2.16568 1.46966 1.45943 1.35555 1.35225 2.30936 1.32763 1.87964 1.64307 2.88939
threshold=1.5000000000000002 1.0000000180025095e-35 1.0000000180025095e-35 1.0000000180025095e-35 4.5000000000000009 1.0000000180025095e-35 10.500000000000002 16.500000000000004 0.2080323398113251 0.22931337356567386 0.22382622212171557 0.21592056751251223 0.16935998946428302 0.063968017697334303 0.019912107847630981 0.24861386418342593 0.013016127515584232 0.019022217020392421 0.017367155291140083 0.066854614764451994 0.021257515996694568 0.069628302007913603 0.073521811515092864 0.22346362471580508 0.066251005977392211 0.063759762793779387 0.069368168711662306 0.23922593146562579 21.500000000000004 0.22257384657859805
decision_type=2 2 2 2 2 2 2 2 2 2 2 2 2 2 2 2 2 2 2 2 2 2 2 2 2 2 2 2 2 2
left_child=1 -1 4 -4 -2 17 15 11 -5 10 -10 12 13 14 -8 16 -6 18 -3 20 -19 -15 24 -24 25 -18 -9 28 -28 -30
right_child=2 5 3 8 6 -7 7 26 9 -11 -12 -13 -14 21 -16 -17 22 19 -20 -21 -22 -23 23 -25 -26 -27 27 -29 29 -31
leaf_value=-0.099084310997585037 -0.028439930585126706 -0.046096909361421065 0.01089523626769465 0.049512215562622683 0.033191740050448081 -0.017973507026364497 0.038232235398578757 -0.0048547297176346031 0.034178739620129538 0.048826946167255886 -0.019259885454061442 0.048205993807114988 -0.022730277287320824 0.06638891347248356 -0.0013924040288282435 -0.034008344101801119 -0.0032956496471388216 -0.050662430139866349 0.0036401784573771752 -0.023621736087146478 -0.087622122359452159 0.027245280454241672 0.041298475547619173 0.0042010096561632048 -0.019976491407302236 0.03563086148002164 0.043429681581965585 -0.0033567599781914627 -0.020952108517342732 0.040364267123403873
leaf_weight=71.993850231170654 22.858386501669884 14.998031616210939 38.658581346273422 157.87005986273289 4.161962315440177 45.601082488894463 10.691847994923593 18.758820161223412 6.3488442152738589 15.998623490333555 5.1860039085149765 8.0752751827239972 3.8668438196182242 4.6322755813598615 15.659220486879347 4.2343354523181906 32.588206171989441 9.9374728202819878 4.3208825588226309 5.9392071962356559 6.5931026041507712 4.9713953137397766 3.8214134126901609 6.9244630634784698 9.4118224233388883 4.3145812302827826 6.3997761011123675 10.340855747461317 3.9155706912279129 3.772260770201683
leaf_count=288 104 64 196 933 21 208 58 93 35 92 27 43 20 25 79 20 159 41 20 26 27 26 20 35 46 21 34 52 20 20
internal_value=5.11674e-05 -0.0618016 0.0244855 0.0407743 0.00414154 -0.0310871 0.00889915 0.0148622 0.0470044 0.0326249 0.010153 0.0236201 0.0186345 0.0230831 0.0146851 0.000601405 0.00299512 -0.0453971 -0.0349727 -0.0543598 -0.0654035 0.046126 0.000792598 0.0173935 -0.00305913 0.00125554 0.00514931 0.0128315 0.0247143 0.00913458
internal_weight=562.845 159.384 403.461 224.062 179.399 87.3898 156.541 91.0841 185.404 27.5335 11.5348 47.8969 39.8216 35.9547 26.3511 65.4568 61.2224 41.7887 19.3189 22.4698 16.5306 9.60367 57.0605 10.7459 46.3146 36.9028 43.1873 24.4285 14.0876 7.68783
internal_count=2853 674 2179 1283 896 386 792 470 1087 154 62 251 208 188 137 322 302 178 84 94 68 51 281 55 226 180 219 126 74 40
is_linear=0
shrinkage=0.05


Tree=8
num_leaves=31
num_cat=0
split_feature=3 3 2 1 3 2 0 0 0 0 0 0 0 0 0 0 0 0 0 0 0 0 0 3 0 0 3 0 0 0
split_gain=297.002 68.5614 50.4313 19.1012 12.5761 4.67652 2.67614 3.25152 2.08776 1.87067 1.801 1.79253 3.10823 1.76658 1.72602 4.23053 2.54962 1.54465 1.47797 1.74704 1.83776 1.4299 1.28053 1.27374 2.64211 1.64174 1.51561 2.23719 2.65282 2.2557
threshold=1.5000000000000002 1.0000000180025095e-35 1.0000000180025095e-35 1.0000000180025095e-35 7.5000000000000009 1.0000000180025095e-35 0.012417749967426063 0.073063034564256682 0.2080323398113251 0.28557106852531439 0.017230210825800899 0.070647068321704878 0.020097580738365654 0.011530827265232803 0.013045935891568662 0.014553235843777658 0.017743511125445369 0.013319531921297314 0.020066848956048492 0.063774496316909804 0.061847647652029998 0.22931337356567386 0.22382622212171557 21.500000000000004 0.068917568773031249 0.014063016045838596 12.500000000000002 0.069155588746070876 0.062328308820724494 0.017963821999728683
decision_type=2 2 2 2 2 2 2 2 2 2 2 2 2 2 2 2 2 2 2 2 2 2 2 2 2 2 2 2 2 2
left_child=1 -1 4 -4 14 11 -6 17 -5 -9 13 12 -3 -7 -2 -16 -17 -8 -18 20 -20 22 -10 25 -25 -19 27 28 29 -27
right_child=2 5 3 8 6 10 7 9 21 -11 -12 -13 -14 -15 15 16 18 23 19 -21 -22 -23 -24 24 -26 26 -28 -29 -30 -31
leaf_value=-0.094454009195917912 0.012654717015501372 -0.033055414211935343 0.0072476382892932073 0.048043636182607707 0.05190209591226206 -0.024539968654778803 -0.023278838893067862 0.025185910310870519 0.032982376990872163 -0.0051107200688060173 -0.023803788404875379 -0.010412387974455943 -0.063125939147604546 0.011365782764578804 -0.066198270645698359 0.010916699194482241 -0.045616978308601584 0.04141195773976946 -0.017794052979530579 -0.028938430302122439 0.020553816239126117 0.042212458075271235 -0.0025927567484034294 0.01084624950360439 -0.041802360470868251 -0.012830543634878459 0.016601674704627097 0.025579389494715683 -0.027928584045723865 0.019565038478772685
leaf_weight=70.755220949649811 4.2071707695722571 24.54234154522419 38.901443228125572 156.06761345267296 3.993381902575492 5.5382773280143729 4.7790730148553839 38.462162360548973 6.2252652794122714 5.8730389773845664 29.821870595216751 4.5647013187408438 13.223842456936834 8.9805231988430005 4.6155752688646308 7.3751500099897376 5.3602973371744147 3.5961573719978324 8.7260769307613391 14.685286700725554 4.8667223751544944 16.242033123970032 4.2608204185962677 5.819166496396063 4.035512775182724 10.236282244324689 23.602285027503967 7.1849023401737204 9.1747857779264432 11.310973316431044
leaf_count=284 20 105 198 949 23 25 23 205 35 28 134 20 54 42 21 35 24 18 40 68 23 96 22 28 20 50 124 38 45 58
internal_value=0.000234072 -0.0579341 0.02315 0.0390618 0.0033213 -0.0281207 0.0116141 0.0103174 0.0458323 0.0211725 -0.0167727 -0.0400075 -0.0435846 -0.00233067 -0.0179894 -0.0208149 -0.0157075 0.00428198 -0.0215448 -0.0169818 -0.0040641 0.0329201 0.0185271 0.00603912 -0.0107135 0.00857488 0.00665504 0.0004619 -0.00541228 0.00417513
internal_weight=557.028 157.427 399.601 221.697 177.904 86.6716 128.068 124.074 182.796 44.3352 44.3407 42.3309 37.7662 14.5188 49.8363 45.6291 41.0135 79.7391 33.6384 28.2781 13.5928 26.7281 10.4861 74.9601 9.85468 65.1054 61.5092 37.9069 30.722 21.5473
internal_count=2855 664 2191 1300 891 380 660 637 1102 233 201 179 159 67 231 211 190 404 155 131 63 153 57 381 48 333 315 191 153 108
is_linear=0
shrinkage=0.05


Tree=9
num_leaves=31
num_cat=0
split_feature=3 3 2 1 3 2 0 0 0 3 3 0 0 0 0 0 0 0 0 0 3 0 0 0 0 0 0 0 0 0
split_gain=281.991 55.9107 44.9243 17.1805 11.3463 3.90342 3.76597 4.54175 2.2506 2.21629 2.19557 1.78424 2.46744 1.69233 1.44217 1.25153 3.77353 1.16454 1.4957 2.21569 1.45964 2.15321 1.43091 1.1118 2.40153 1.87273 1.15772 1.08524 1.05459 1.02022
threshold=1.5000000000000002 1.0000000180025095e-35 1.0000000180025095e-35 1.0000000180025095e-35 4.5000000000000009 1.0000000180025095e-35 0.22037933766841891 0.22931337356567386 0.40391938388347631 10.500000000000002 23.000000000000004 0.015223377849906685 0.011530827265232803 0.22346362471580508 0.015112442430108787 0.014469849877059461 0.01505062496289611 0.01282037701457739 0.063968017697334303 0.060224367305636413 13.500000000000002 0.069887049496173873 0.062838669866323485 0.019912107847630981 0.064849406480789198 0.060224367305636413 0.067927919328212752 0.25223581492900854 0.01378528540953994 0.062041370198130615
decision_type=2 2 2 2 2 2 2 2 2 2 2 2 2 2 2 2 2 2 2 2 2 2 2 2 2 2 2 2 2 2
left_child=1 -1 4 11 14 -3 15 -8 9 -6 17 12 -4 -12 -2 -5 -17 -11 19 28 21 -20 -21 -18 25 -25 -26 -9 -19 -27
right_child=2 5 3 6 8 -7 7 27 -10 10 13 -13 -14 -15 -16 16 23 18 20 22 -22 -23 -24 24 26 29 -28 -29 -30 -31
leaf_value=-0.09044735309165626 -0.054334802812781295 -0.041155689418222258 0.0082459005195444704 0.057212251309324738 0.0029307230299753374 -0.019919425170284846 -0.0088819211151384674 0.055716056736610259 -0.028286213533418571 0.043440144763686295 -0.016757195857699383 0.015446025824955887 -0.039407808234468794 0.017736966024295069 -0.022733450656660242 -0.0032324791469470759 0.056505856724405126 -0.0061965343067740264 0.065272960764700003 -0.032005238210582342 0.014678521779137643 0.024437227229749989 0.0074950130098056685 0.045274671695381269 0.062387118416091493 -0.0022908083275054543 0.046433481704544803 0.029048395115538292 0.022289044031623767 0.027942903660588176
leaf_weight=68.724751710891724 4.5594168603420284 41.446107178926468 8.0703603476285917 29.473653897643089 63.25463755428791 45.277607321739197 6.5950662344694164 6.75136575102806 3.9203228354454032 4.4608139693737021 8.603265777230261 25.721978902816772 4.0946016311645499 6.0606596171855918 17.343645229935646 3.8119843304157248 25.71660977602005 3.9120214432477978 4.2804846763610866 4.4328916370868665 20.007325515151024 13.129929110407828 4.7489140927791595 14.450768530368807 14.798351302742956 3.8539783358573905 49.109073847532272 8.7715319693088514 19.176203280687332 10.109817177057264
leaf_count=278 20 174 40 186 312 204 35 41 18 25 42 134 20 32 78 24 162 19 24 22 106 71 23 90 93 24 304 53 103 63
internal_value=0.000165597 -0.0567623 0.0229018 0.0384869 0.00438706 -0.0300684 0.04515 0.0258786 0.00911889 0.0100832 0.0151774 0.00798403 -0.00779385 -0.00250062 -0.0293117 0.0479667 0.0457304 0.0186735 0.0170881 0.00920035 0.0238907 0.034477 -0.0115753 0.0473116 0.0447505 0.0326566 0.0501277 0.0406469 0.0174625 0.0195985
internal_weight=544.668 155.448 389.22 211.329 177.891 86.7237 173.442 22.118 155.987 152.067 88.8125 37.8869 12.165 14.6639 21.9031 151.324 121.851 74.1486 69.6878 32.27 37.4177 17.4104 9.18181 118.039 92.322 28.4146 63.9074 15.5229 23.0882 13.9638
internal_count=2820 656 2164 1269 895 378 1075 129 797 779 467 194 60 74 98 946 760 393 368 167 201 95 45 736 574 177 397 94 122 87
is_linear=0
shrinkage=0.05


Tree=10
num_leaves=31
num_cat=0
split_feature=3 3 2 3 3 0 0 2 0 0 0 0 0 0 0 0 3 3 0 0 0 0 3 0 0 0 0 0 0 3
split_gain=260.038 50.0406 37.8887 21.4215 8.67164 4.1074 2.83532 2.79635 2.58545 2.37407 1.87152 3.38138 1.84364 1.58445 1.53223 1.419 1.35711 1.68874 2.2891 1.30505 1.50183 1.28265 1.3722 1.23357 1.21153 1.21381 1.93507 3.51911 1.77775 1.2934
threshold=1.5000000000000002 1.0000000180025095e-35 1.0000000180025095e-35 2.5000000000000004 7.5000000000000009 0.010400011669844391 0.072267085313797011 1.0000000180025095e-35 0.012417749967426063 0.074742767959833159 0.013884788379073145 0.059228794649243362 0.015567715279757978 0.2080323398113251 0.017963821999728683 0.069628302007913603 8.5000000000000018 10.500000000000002 0.062328308820724494 0.053663928061723716 0.063759762793779387 0.22666641324758532 10.500000000000002 0.069201733916997923 0.071710307151079192 0.061963930726051338 0.017743511125445369 0.014388924930244686 0.020066848956048492 4.5000000000000009
decision_type=2 2 2 2 2 2 2 2 2 2 2 2 2 2 2 2 2 2 2 2 2 2 2 2 2 2 2 2 2 2
left_child=1 -1 4 10 24 -3 -5 -7 -6 -8 -4 -12 -9 -11 -10 19 -16 18 -18 -14 -21 22 -15 -20 25 26 27 -2 -28 -30
right_child=2 5 3 6 8 7 9 12 14 13 11 -13 15 21 16 -17 17 -19 23 20 -22 -23 -24 -25 -26 -27 28 -29 29 -31
leaf_value=-0.086949561459004412 -0.026424248551396856 -0.076238028729865043 -0.024389592499730606 0.045763811154918309 0.050613077741735402 -0.036592058167521861 0.01044186214555516 0.0018420587165426695 -0.0013719834108790591 0.053255358911933816 0.019719306236174957 -0.019243350853055341 -0.017124143386130681 0.038526418738493357 0.033479514447812622 -0.0026510259554721567 0.030415069044952434 0.014139822895779131 -0.034684101564772196 -0.056374720056328265 -0.022811032869586512 0.038894269922376434 -0.001148517087517007 -0.0025972074223770355 -0.031610234501642034 0.0052182645047750631 -0.052396214276800107 0.019303100926636427 0.00084313569806708586 -0.035165326262444535
leaf_weight=69.644905999302864 8.3524757921695763 4.5586896240711203 7.7265062332153347 132.0858446508646 3.9654156267642966 41.583000466227531 10.448298096656798 8.9848177134990674 25.342126399278641 11.076038703322409 13.828385204076769 9.3225338011980039 11.948957845568662 3.7358958274126071 7.0910794287919989 6.3286787271499625 4.0348873883485821 74.086898595094681 4.2837352454662314 6.7807272076606733 6.5547029674053192 16.427451834082603 5.2306001782417297 9.959158778190611 7.9752318114042273 9.6354305595159513 5.0089038908481589 8.4783486276864988 5.3577577471733075 4.6653527766466141
leaf_count=285 38 20 36 847 24 173 64 41 126 70 74 44 54 21 36 28 21 391 21 30 29 100 29 52 36 45 22 40 24 22
internal_value=-0.000950639 -0.0553851 0.0209826 0.035379 0.00403023 -0.0300414 0.0420134 -0.0274788 0.0108664 0.031455 -0.00308176 0.00402962 -0.0181444 0.0374751 0.00960345 -0.0238248 0.0124001 0.0107818 -0.00282978 -0.0291246 -0.0398773 0.0305922 0.0153821 -0.0122478 -0.0137621 -0.010332 -0.0150344 -0.00338958 -0.0280727 -0.0159173
internal_weight=544.503 156.384 388.118 209.882 178.237 86.7396 179.004 82.1809 128.763 46.9183 30.8774 23.1509 40.5979 36.47 124.798 31.6131 99.4558 92.3647 18.2778 25.2844 13.3354 25.3939 8.9665 14.2429 49.4735 41.4983 31.8628 16.8308 15.032 10.0231
internal_count=2843 660 2183 1285 898 375 1131 355 671 284 154 118 182 220 647 141 521 485 94 113 59 150 50 73 227 191 146 78 68 46
is_linear=0
shrinkage=0.05


Tree=11
num_leaves=31
num_cat=0
split_feature=3 3 2 3 3 2 0 3 0 0 0 3 0 0 0 0 0 3 0 0 0 0 0 3 0 0 3 0 3 0
split_gain=226.946 52.6178 37.8806 18.5743 7.6654 4.13608 2.58147 1.84269 1.68588 2.02783 1.62025 1.50816 2.32268 2.24369 1.40032 3.16724 1.40071 1.2937 1.45007 1.18987 3.34927 1.14414 1.92201 1.07429 1.51748 3.07369 1.38478 1.35297 1.60934 1.01015
threshold=1.5000000000000002 1.0000000180025095e-35 1.0000000180025095e-35 2.5000000000000004 7.5000000000000009 1.0000000180025095e-35 0.072267085313797011 7.5000000000000009 0.0134530495852232 0.059228794649243362 0.019773335196077827 29.500000000000004 0.012417749967426063 0.013319531921297314 0.069628302007913603 0.020615364424884323 0.063759762793779387 7.5000000000000009 0.014921483583748342 0.24861386418342593 0.22997444868087771 0.066854614764451994 0.021257515996694568 19.500000000000004 0.22037933766841891 0.22666641324758532 12.500000000000002 0.20477086305618289 11.500000000000002 0.017743511125445369
decision_type=2 2 2 2 2 2 2 2 2 2 2 2 2 2 2 2 2 2 2 2 2 2 2 2 2 2 2 2 2 2
left_child=1 -1 4 8 -2 21 17 -8 -4 10 -10 12 -6 -14 15 29 -17 18 -5 20 -15 22 -3 24 27 -26 -27 28 -9 -7
right_child=2 5 3 6 11 14 7 23 9 -11 -12 -13 13 19 -16 16 -18 -19 -20 -21 -22 -23 -24 -25 25 26 -28 -29 -30 -31
leaf_value=-0.083872525051216507 -0.012820767414442458 -0.033830466793227175 -0.022023657635580382 0.014476020779167638 0.049652522268873053 -0.012776821842186382 0.0024796422333411613 0.0032697592744398854 0.005562383883774457 -0.013999630888081371 0.042719261865243691 -0.020542110524151509 -0.021208775689458462 0.010632547527873728 0.008413896682091011 -0.04770424542962616 -0.017187758960815851 0.048107296781107721 0.042192261488951256 -0.0040798104817637328 0.042661701288708991 -0.016391545178788818 -0.062743088979625453 0.046970600072341134 -0.01814004340700115 0.053075062546429935 0.015847822274151581 0.062174332331245752 0.049634201904233954 0.010229977360443662
leaf_weight=67.89335310459137 48.09773825109005 27.93032617866993 7.3543950170278576 6.17402355372906 3.8573109209537497 16.040559679269794 4.8362098038196555 3.4118995964527148 8.974152550101282 8.10781082510948 4.3589365482330313 3.7946360856294623 5.4184053987264624 98.130726248025894 5.8814475536346427 9.1725283861160261 6.3727927207946768 102.78176429867744 20.025770276784897 10.850649774074553 8.9025255143642408 6.1417931765317908 7.2375212758779517 12.980121746659277 4.1220331341028205 4.6641629040241224 5.3788571059703827 5.0276565253734589 4.1458623260259628 6.79089631140232
leaf_count=282 220 116 34 38 24 73 28 22 48 38 24 18 26 514 26 40 28 686 128 54 50 26 29 82 22 28 34 32 27 30
internal_value=0.0003412 -0.0510041 0.0210009 0.0358239 0.00424969 -0.0249249 0.0419945 0.0316204 -0.0013665 0.00571906 0.0177099 0.0105194 0.0114464 0.0102511 -0.0143045 -0.0177863 -0.035194 0.0455791 0.0356609 0.0116972 0.0132966 -0.0363032 -0.0397807 0.0351676 0.0294404 0.0182153 0.0331368 0.0420744 0.0287033 -0.00593377
internal_weight=534.857 153.461 381.396 202.344 179.052 85.5679 173.548 44.5668 28.7953 21.4409 13.3331 130.954 127.16 123.302 44.2582 38.3768 15.5453 128.982 26.1998 117.884 107.033 41.3096 35.1678 39.7306 26.7505 14.1651 10.043 12.5854 7.55776 22.8315
internal_count=2827 650 2177 1271 906 368 1127 275 144 110 72 686 668 644 197 171 68 852 166 618 564 171 145 247 165 84 62 81 49 103
is_linear=0
shrinkage=0.05


Tree=12
num_leaves=31
num_cat=0
split_feature=3 3 2 1 3 2 0 0 0 0 0 0 3 0 3 0 0 0 0 0 0 3 0 3 0 0 3 0 0 0
split_gain=226.479 41.5307 39.0835 12.7861 7.01792 5.79708 2.51493 3.1902 2.28202 2.12845 2.70288 2.0891 2.05489 1.88986 1.60405 1.5816 2.77286 1.35701 2.02674 3.81862 1.47738 2.84901 2.40556 1.81895 1.33789 2.06836 1.25382 1.22915 1.22222 1.77274
threshold=1.5000000000000002 1.0000000180025095e-35 1.0000000180025095e-35 1.0000000180025095e-35 10.500000000000002 1.0000000180025095e-35 0.2080323398113251 0.22931337356567386 0.062041370198130615 0.065760403871536269 0.069785099476575865 0.22382622212171557 4.5000000000000009 0.013884788379073145 29.500000000000004 0.061601502820849426 0.017230210825800899 0.24861386418342593 0.063968017697334303 0.021620291285216812 0.071710307151079192 13.500000000000002 0.22257384657859805 20.500000000000004 0.019912107847630981 0.064849406480789198 12.500000000000002 0.067683413624763503 0.060224367305636413 0.020615364424884323
decision_type=2 2 2 2 2 2 2 2 2 2 2 2 2 2 2 2 2 2 2 2 2 2 2 2 2 2 2 2 2 2
left_child=1 -1 4 8 12 -3 24 11 13 15 -11 -8 -2 -4 17 16 -7 18 19 -6 21 -20 23 -22 -5 28 -21 -27 29 -26
right_child=2 5 3 6 14 9 7 -9 -10 10 -12 -13 -14 -15 -16 -17 -18 -19 20 26 22 -23 -24 -25 25 27 -28 -29 -30 -31
leaf_value=-0.081147425714802005 -0.021066363063108409 -0.042327857592055727 0.00052364229797495227 0.049557185613975846 0.018712645487452027 -0.002077692282481068 0.02743331632032003 0.041498727929895042 -0.0095802819184463428 -0.064957795649459568 -0.014083407578900729 -0.01637510597168371 -0.0033513225087007607 0.027834299248917161 -0.01935486978576538 0.011476748945792748 -0.034696108998432944 -0.0049277207887514791 0.06432110974722044 -0.037781576571747494 -0.023810417383172106 0.016582174805700796 0.029126223260828588 0.020615976060068021 0.010824382492838867 0.060608246995560278 -0.0037084865243641181 0.041453069804376706 0.017695735351352406 0.050502389741123178
leaf_weight=68.82332843542099 21.942759573459625 42.283410415053368 10.61710047721863 54.023498445749283 24.848785921931267 15.634697496891024 5.5208906531333941 14.795369893312452 11.8829148709774 4.568888843059538 6.0917275696992874 5.3666599690914154 64.454319968819618 15.703365474939345 3.8252180218696585 6.7076637893915168 11.170488804578779 8.6890396326780301 5.68376277387142 4.1975296884775144 4.9435759931802767 6.9429169446229935 15.447082117199896 4.3150101006031036 3.9871208071708706 10.251175433397291 7.5674511194229126 45.75382424890995 13.780333667993544 9.5761150568723661
leaf_count=291 97 174 52 373 134 71 33 96 59 20 27 28 318 86 18 29 49 43 33 21 26 37 88 23 27 71 38 308 92 65
internal_value=-0.00140341 -0.0521654 0.0196658 0.034643 0.00222783 -0.0290945 0.0407432 0.026382 0.00860683 -0.0164273 -0.035887 0.0058394 -0.00785051 0.0168178 0.0122988 -0.0102371 -0.0156707 0.0137641 0.0159604 0.00760188 0.0241581 0.0380713 0.0170473 -0.00310528 0.0434282 0.0394556 -0.0158651 0.0449592 0.0281832 0.0388384
internal_weight=529.396 155.28 374.116 201.258 172.857 86.4569 163.055 25.6829 38.2034 44.1735 10.6606 10.8876 86.3971 26.3205 86.4604 33.5129 26.8052 82.6352 73.9461 36.6138 37.3323 12.6267 24.7057 9.25859 137.372 83.3486 11.765 56.005 27.3436 13.5632
internal_count=2827 661 2166 1290 876 370 1093 157 197 196 47 61 415 138 461 149 120 443 400 193 207 70 137 49 936 563 59 379 184 92
is_linear=0
shrinkage=0.05


Tree=13
num_leaves=31
num_cat=0
split_feature=3 3 2 2 0 3 3 0 0 0 0 0 0 0 0 0 0 0 0 0 3 0 3 0 3 0 3 3 0 0
split_gain=179.203 61.2452 38.1534 5.26787 3.4727 3.20186 2.77493 2.83287 3.71669 2.3948 2.03233 2.02804 4.6896 3.29239 2.02747 1.77326 2.14486 1.69571 1.99164 1.19884 1.16955 1.40606 1.02686 1.01771 0.990881 0.983924 0.913055 1.40121 0.881793 0.914042
threshold=1.0000000180025095e-35 2.5000000000000004 1.0000000180025095e-35 1.0000000180025095e-35 0.010155373718589546 10.500000000000002 16.500000000000004 0.21592056751251223 0.019912107847630981 0.072267085313797011 0.053663928061723716 0.063968017697334303 0.069628302007913603 0.062144866213202483 0.074742767959833159 0.065984569489955916 0.017805567942559723 0.2080323398113251 0.22931337356567386 0.22382622212171557 7.5000000000000009 0.014921483583748342 3.5000000000000004 0.019912107847630981 16.500000000000004 0.02239526063203812 12.500000000000002 19.500000000000004 0.014469849877059461 0.070796813815832152
decision_type=2 2 2 2 2 2 2 2 2 2 2 2 2 2 2 2 2 2 2 2 2 2 2 2 2 2 2 2 2 2
left_child=-1 3 5 15 -5 -3 7 8 -7 20 -6 13 -13 25 24 16 -2 -16 19 -19 21 -4 -23 -24 -11 -10 -20 -28 -22 -30
right_child=1 2 9 4 10 6 -8 -9 11 14 -12 12 -14 -15 17 -17 -18 18 26 -21 28 22 23 -25 -26 -27 27 -29 29 -31
leaf_value=-0.078719728401125344 -0.021531993708057501 -0.0028098702015632482 0.011815006345864087 -0.050623674730409379 0.001337030760453547 0.040345414713538773 0.0024995042664819316 0.049696900463104085 -0.0050583979222154525 -0.0056926481798545451 -0.015743998924720115 0.063512693417586752 -0.0018445877917094033 -0.04049754842282801 0.051583553673301613 -0.0085748661394621558 -0.042680894755500055 0.026754836114112279 0.061192775242844479 -0.0078299401287372315 0.053712725258410601 0.063548301752078887 0.051462170232530746 0.024275522636677177 0.024920687247586289 0.02595739479057696 0.014415903965298968 0.051195860919804298 0.040853490181443776 0.060289523491884427
leaf_weight=63.494150429964066 22.034954816102982 71.585453882813454 5.8926361203193691 4.7265020012855521 38.698811739683151 10.352831423282622 44.083579048514366 6.8773609846830359 5.5905430316925067 5.0729360133409482 31.66217166185379 4.1566626727581015 8.0797262638807279 4.9471604675054541 10.908268332481383 8.7484387010335904 26.294232726097107 5.4585507810115832 3.7294770181179038 4.6320179849863052 23.683701008558273 3.6671576648950603 5.3672370612621298 9.5982560813426954 5.5188934504985809 4.7124217599630356 5.3126458376646024 5.0519926697015762 66.699891939759254 6.6524173915386191
leaf_count=274 92 348 37 21 186 60 229 40 30 31 143 25 44 24 75 37 109 33 25 24 170 22 37 66 37 24 35 34 470 47
internal_value=1.88371e-05 0.010892 0.0224821 -0.0178395 -0.00913628 0.00505847 0.0114015 0.0201774 0.0148121 0.039191 -0.00634937 0.00519499 0.0203571 -0.00697075 0.0294313 -0.0292888 -0.0330384 0.0352181 0.0278366 0.0108789 0.0428589 0.0331036 0.0398362 0.0340258 0.0102585 0.00912776 0.0399773 0.0323434 0.0453245 0.0426162
internal_weight=523.291 459.797 327.632 132.165 75.0875 160.386 88.8003 44.7167 37.8393 167.246 70.361 27.4865 12.2364 15.2501 45.6848 57.0776 48.3292 35.093 24.1847 10.0906 121.561 24.5253 18.6327 14.9655 10.5918 10.303 14.0941 10.3646 97.036 73.3523
internal_count=2829 2555 1967 588 350 824 476 247 207 1143 329 147 69 78 294 238 201 226 151 57 849 162 125 103 68 54 94 69 687 517
is_linear=0
shrinkage=0.05


Tree=14
num_leaves=31
num_cat=0
split_feature=3 3 2 2 3 0 3 0 0 0 0 0 0 0 0 3 0 3 0 3 0 0 3 0 0 0 0 0 0 0
split_gain=174.527 56.7407 31.049 9.0797 3.49223 2.92132 3.00592 2.0599 2.00565 2.19296 4.5664 3.46177 2.08292 1.7637 1.5999 1.56308 1.35975 3.33739 1.97859 1.62854 1.69794 1.33945 1.32244 2.41659 1.95485 1.76535 1.43195 2.38999 1.45364 1.60293
threshold=1.0000000180025095e-35 5.5000000000000009 1.0000000180025095e-35 1.0000000180025095e-35 2.5000000000000004 0.073063034564256682 7.5000000000000009 0.019912107847630981 0.010155373718589546 0.016331557184457782 0.013884788379073145 0.017743511125445369 0.011630491819232704 0.071710307151079192 0.19420886039733889 29.500000000000004 0.064849406480789198 13.500000000000002 0.067683413624763503 11.500000000000002 0.063061632215976729 0.21592056751251223 1.5000000000000002 0.014962770044803621 0.014553235843777658 0.017743511125445369 0.069368168711662306 0.020260396413505081 0.017082292586565021 0.019022217020392421
decision_type=2 2 2 2 2 2 2 2 2 2 2 2 2 2 2 2 2 2 2 2 2 2 2 2 2 2 2 2 2 2
left_child=-1 3 5 22 8 13 -7 -4 -5 10 12 -11 -10 -3 -8 16 17 19 -18 20 -9 -16 24 -24 -2 -25 27 28 -26 -30
right_child=1 2 7 4 -6 6 14 15 9 11 -12 -13 -14 -15 21 -17 18 -19 -20 -21 -22 -23 23 25 26 -27 -28 -29 29 -31
leaf_value=-0.076545617609629649 -0.004515775063800684 0.0048362284603418876 0.048446951122971982 -0.037484191478782576 0.023620264947670999 -0.019522821744060202 0.052456762494852351 0.033931605765303401 0.0094399279623128326 -0.048868412893755785 0.041838778661120443 -0.0051475975057136206 -0.03271893882549623 -0.025041163796214422 -0.0010613929435965743 0.060282650159815501 0.059624934464093983 -0.013636527090177717 0.034669329552576032 0.060183931903495962 -0.0090975142660160418 0.023678779217007746 -0.04964246030723711 0.014948709601649816 -0.047169756999334705 -0.018568619244997971 -0.012162139413794303 -0.060190407107625778 -0.001627780105377167 -0.037018081576959252
leaf_weight=64.333991169929504 5.5751115977764121 99.44227597117424 48.922102406620979 4.785961225628852 11.325840309262274 4.7140709906816474 4.049031436443328 11.355455040931707 6.8710045367479342 5.0211355537176123 7.2041386365890494 46.055591747164726 5.1076959520578384 5.1976310461759558 6.6126153469085684 6.2149906158447257 9.0674762278795225 4.7227278649806967 64.0203807502985 4.3560610413551322 2.8726248890161505 31.687867179512978 4.9633133262395885 5.0474843829870251 8.1968322247266823 17.72144827246666 5.2580485939979544 10.227008298039435 6.0921255797147733 6.7385876774787903
leaf_count=284 23 513 360 21 69 21 23 80 31 25 36 212 23 25 35 44 67 33 436 31 20 174 21 23 33 78 22 41 26 27
internal_value=0.000584239 0.0113848 0.0239958 -0.0130985 -0.0022597 0.00800541 0.0183513 0.0400042 -0.00616549 -0.00403212 0.010382 -0.0094456 -0.00853654 0.00335217 0.0225672 0.0359789 0.0344119 0.0238959 0.0377654 0.0334339 0.0252441 0.0194074 -0.0265068 -0.0180296 -0.0320925 -0.0111384 -0.0363032 -0.0403646 -0.030722 -0.0202145
internal_weight=523.761 459.427 303.235 156.191 86.3714 151.703 47.0636 151.532 75.0455 70.2596 19.1828 51.0767 11.9787 104.64 42.3495 102.61 96.3947 23.3069 73.0879 18.5841 14.2281 38.3005 69.82 27.7322 42.0877 22.7689 36.5126 31.2546 21.0275 12.8307
internal_count=2857 2573 1862 711 417 791 253 1071 348 327 90 237 54 538 232 711 667 164 503 131 100 209 294 122 172 101 149 127 86 53
is_linear=0
shrinkage=0.05


Tree=15
num_leaves=31
num_cat=0
split_feature=3 3 2 2 3 0 0 0 0 0 0 0 0 3 0 0 0 0 3 3 0 0 0 0 3 0 0 0 0 1
split_gain=152.31 49.0774 30.7998 7.768 5.86421 4.9722 4.16444 3.20922 2.6284 2.56556 2.23968 1.73319 1.48267 1.5611 1.24589 1.19812 4.83131 1.10617 1.28325 2.22877 1.2734 1.01036 1.73219 0.988073 0.927852 1.75066 1.64204 1.36289 1.41392 1.83352
threshold=1.0000000180025095e-35 6.5000000000000009 1.0000000180025095e-35 1.0000000180025095e-35 2.5000000000000004 0.010155373718589546 0.40391938388347631 0.012417749967426063 0.053663928061723716 0.069985084235668196 0.21070312708616259 0.073132771998643889 0.22931337356567386 10.500000000000002 0.064849406480789198 0.014469849877059461 0.01505062496289611 0.018745350651443008 18.500000000000004 11.500000000000002 0.016943091526627544 0.019912107847630981 0.020615364424884323 0.021104273386299614 1.5000000000000002 0.014063016045838596 0.060366710647940643 0.017743511125445369 0.020396301522850994 1.0000000180025095e-35
decision_type=2 2 2 2 2 2 2 2 2 2 2 2 2 2 2 2 2 2 2 2 2 2 2 2 2 2 2 2 2 2
left_child=-1 3 6 11 5 -5 7 -3 -7 14 15 24 13 -12 -6 -4 -17 18 19 20 -9 -18 -23 -19 26 -26 -2 -27 -29 -30
right_child=1 2 10 4 9 8 -8 17 -10 -11 12 -13 -14 -15 -16 16 21 23 -20 -21 -22 22 -24 -25 25 27 -28 28 29 -31
leaf_value=-0.074589485263788835 -0.023246077512375576 0.050423294045483728 0.052484257670154078 -0.061903560466927576 0.026008351686034867 0.004820945712724848 -0.046064984650406475 0.001178938799772121 -0.014518947812189365 -0.010913437849237144 0.035557722133609644 0.0067781255651656221 0.035292325412077143 -0.0073629630026229315 0.060552531545363046 -0.022307004085048751 0.051709438702544311 0.026132014414920419 -0.028135117903064201 0.02240749955734879 -0.026260374729430769 0.0054615090459691519 0.040793545025107188 0.0072999137556650886 -0.041793903971032768 0.0072338327580149346 -0.046522410933128693 -0.037489802419141786 0.015065663344921518 -0.021696631633459876
leaf_weight=60.550088793039322 33.32130491733551 4.2154034823179236 22.754735574126244 3.917032077908515 11.1501452177763 38.377155303955078 3.7312524914741507 13.054388061165815 32.39990696310997 4.0461555421352378 3.448231518268587 4.9894374012947074 13.886722609400747 5.493904709815979 3.4079666435718527 3.0398261398077002 19.977075725793839 7.563054531812667 4.0751183778047553 9.010355591773985 6.2537747025489798 3.6543855220079413 68.359856963157654 88.106721416115761 6.1851864457130423 6.7270604223012951 9.8069873750209791 6.7876643836498287 4.9351988136768314 10.844922810792923
leaf_count=274 136 27 175 17 73 184 17 64 145 25 20 22 97 31 24 22 152 42 20 49 31 26 500 469 27 31 40 29 22 49
internal_value=-0.000105316 0.00983915 0.0229922 -0.0107292 -0.00081112 -0.00706718 0.00602818 0.0074976 -0.00403236 0.0243063 0.0394007 -0.0217981 0.0250672 0.00918794 0.0340949 0.0421787 0.0397111 0.00608463 -0.00190132 0.00187381 -0.00770846 0.0417605 0.0390006 0.00878866 -0.0236119 -0.0176227 -0.0285389 -0.0125193 -0.0184074 -0.0101993
internal_weight=514.071 453.521 276.625 176.896 93.2984 74.6941 136.01 132.279 70.7771 18.6043 140.615 83.5978 22.8289 8.94214 14.5581 117.786 95.0311 128.063 32.3936 28.3185 19.3082 91.9913 72.0142 95.6698 78.6083 35.48 43.1283 29.2948 22.5678 15.7801
internal_count=2840 2566 1742 824 468 346 719 702 329 122 1023 356 148 51 97 875 700 675 164 144 95 678 526 511 334 158 176 131 100 71
is_linear=0
shrinkage=0.05


Tree=16
num_leaves=31
num_cat=0
split_feature=3 3 2 2 3 0 0 0 0 0 0 0 0 0 0 3 0 0 3 0 3 0 0 3 3 0 0 3 3 0
split_gain=150.666 44.818 32.2086 7.17343 4.04449 2.75694 2.44169 1.94055 1.41857 2.80404 2.37911 1.50897 1.36325 5.24552 2.89177 2.7902 1.74901 1.22489 1.20473 1.74457 1.12888 1.19227 2.86938 1.12369 1.42988 1.41686 1.1229 1.31512 0.981367 0.921824
threshold=1.0000000180025095e-35 4.5000000000000009 1.0000000180025095e-35 1.0000000180025095e-35 2.5000000000000004 0.010155373718589546 0.012417749967426063 0.072267085313797011 0.062144866213202483 0.063774496316909804 0.067192967981100096 0.069785099476575865 0.073063034564256682 0.19420886039733889 0.071710307151079192 7.5000000000000009 0.069860793650150313 0.012463219463825228 1.5000000000000002 0.013884788379073145 7.5000000000000009 0.22931337356567386 0.22382622212171557 14.500000000000002 11.500000000000002 0.020097580738365654 0.074742767959833159 26.500000000000004 7.5000000000000009 0.020615364424884323
decision_type=2 2 2 2 2 2 2 2 2 2 2 2 2 2 2 2 2 2 2 2 2 2 2 2 2 2 2 2 2 2
left_child=-1 3 6 17 5 -5 -3 28 18 -10 -11 -12 14 -14 16 -15 23 -2 29 -20 -9 22 26 24 -8 -26 27 -22 -4 -7
right_child=1 2 7 4 -6 8 12 20 9 10 11 -13 13 15 -16 -17 -18 -19 19 -21 21 -23 -24 -25 25 -27 -28 -29 -30 -31
leaf_value=-0.072822102662558563 -0.047245972560145851 0.038428417461030331 0.031394593498288138 -0.04120688048304854 0.030139542530631849 0.0008081868676017332 0.00056852371275644016 0.0020461831185080441 -0.046396192894520988 0.023562413098389443 -0.034542919726580343 -0.0012715249178763927 0.065246507453868632 -0.032442045412214286 -0.037006940895047698 0.011018692347556244 0.030798902776419446 -0.021217015921718985 -0.012145390314308153 0.021807347749470282 -0.0079775685416254381 0.044740352257234384 -0.0098205696168335906 -0.0083885555036935112 0.034634405817622498 0.0060576727961532259 0.042312265427194157 0.035859887896441893 0.044875516193176035 -0.021610981146811051
leaf_weight=60.680384516716003 4.8705399334430686 5.6618514508008948 15.936170712113379 4.9273848831653586 9.1590225994586927 20.837940245866779 50.36891020834446 3.3109157532453528 4.8186804801225689 5.6492401659488705 5.7528951764106742 8.3601059913635236 4.2170059829950324 4.1001625359058371 4.6064133793115607 37.190078929066658 5.5483224242925635 62.774654701352119 5.2377217262983349 13.625447154045103 2.910196900367743 13.074135959148405 4.5492858141660681 20.561955496668816 6.9632824063301113 11.502650380134581 13.786791920661924 4.151414155960083 88.307734176516533 5.8786068558692923
leaf_count=282 20 34 118 21 57 94 250 21 21 25 25 37 24 18 22 205 30 262 24 75 20 94 24 103 42 62 98 30 683 25
internal_value=0.00112257 0.0111239 0.0224302 -0.0109649 -0.00122835 -0.00505452 0.00621615 0.0391655 -0.00251553 -0.0121969 -0.00385797 -0.014834 0.00495886 0.012128 0.00168166 0.006703 0.0035587 -0.0230911 0.00270557 0.0123797 0.0300613 0.0324723 0.026157 0.00186807 0.00493187 0.0168336 0.0340076 0.0177938 0.0428146 -0.00412484
internal_weight=509.32 448.64 296.747 151.892 84.247 75.088 150.721 146.027 70.1606 24.5809 19.7622 14.113 145.059 45.5072 99.5515 41.2902 94.9451 67.6452 45.5797 18.8632 41.7827 38.4718 25.3977 89.3968 68.8348 18.4659 20.8484 7.06161 104.244 26.7165
internal_count=2846 2564 1878 686 404 347 790 1088 326 108 87 62 756 247 509 223 487 282 218 99 287 266 172 457 354 104 148 50 801 119
is_linear=0
shrinkage=0.05


Tree=17
num_leaves=31
num_cat=0
split_feature=3 3 2 3 3 2 0 0 3 3 0 0 0 0 0 0 0 3 0 3 0 3 0 0 3 0 0 0 0 0
split_gain=139.691 37.5592 26.8643 12.8948 4.96051 2.49159 2.56233 2.46898 1.91377 2.21433 1.88867 1.76353 4.7956 1.49076 4.85833 1.65084 1.4123 1.11259 1.04914 1.03554 1.13795 1.00586 0.854531 1.72621 0.793339 1.42603 2.88418 2.54952 2.05657 0.777451
threshold=1.5000000000000002 1.0000000180025095e-35 1.0000000180025095e-35 2.5000000000000004 10.500000000000002 1.0000000180025095e-35 0.019022217020392421 0.07298659905791284 7.5000000000000009 28.000000000000004 0.017082292586565021 0.014388924930244686 0.013016127515584232 0.22382622212171557 0.22931337356567386 0.26472581923007971 0.015567715279757978 11.500000000000002 0.20603106915950778 7.5000000000000009 0.23281815648078921 16.500000000000004 0.059228794649243362 0.019975381903350357 13.500000000000002 0.063968017697334303 0.022047972306609157 0.070586379617452635 0.21592056751251223 0.073063034564256682
decision_type=2 2 2 2 2 2 2 2 2 2 2 2 2 2 2 2 2 2 2 2 2 2 2 2 2 2 2 2 2 2
left_child=1 -1 4 22 11 6 10 -5 -9 13 -3 12 -2 17 -15 -16 -13 18 -10 -18 -21 -17 23 -4 25 26 -6 -27 -29 -26
right_child=2 5 3 7 24 -7 -8 8 9 -11 -12 16 -14 14 15 21 19 -19 -20 20 -22 -23 -24 -25 29 27 -28 28 -30 -31
leaf_value=-0.071219216572482175 0.015066507926821959 -0.026355185235106739 -0.00028037359318475435 0.040781430378984199 0.023404107737536997 -0.011673499972700672 -0.040258957550037951 -0.0049197842093195382 0.0092139068532208681 -0.012970873042860568 0.0062886650977285385 0.025895275275705523 -0.047152003134663535 -0.020167520744524464 0.059408302576666017 0.043976916173408348 -0.0089537661857585476 0.059783318664690735 0.048380891734937162 -0.00072435525948462464 0.025514141298802358 0.0055151325111372608 -0.012935459349171128 0.03736184275526374 0.0034466489778793652 0.062254555828363624 -0.017075490831181695 -0.0087932163963158252 0.03423388940856089 0.015828717116708284
leaf_weight=58.986700236797333 5.2345550656318647 13.371534228324892 17.855082124471672 112.28938663005829 12.196512743830683 46.224211812019348 22.027634724974632 4.3999436050653449 2.9732509553432482 2.7426490336656562 6.6268618404865256 4.3696469366550437 7.5841978937387466 4.5735473930835751 5.860127389430998 3.1540838778018951 38.675544932484627 7.1491050571203232 4.0233965218067169 28.722770690917969 4.8266508281230918 3.6869138330221176 8.0721124261617643 3.6720470637083045 32.370949938893318 4.2434462159872046 6.8840820342302314 4.6442542225122434 6.9079092293977737 20.837999567389488
leaf_count=282 26 54 91 874 71 202 89 27 22 20 28 21 34 24 44 23 173 53 28 146 26 27 37 21 169 27 34 25 42 115
internal_value=0.000664555 -0.0403304 0.0175272 0.0311123 0.00371603 -0.0196843 -0.0284953 0.0370328 0.0261175 0.0301149 -0.015538 -0.0045803 -0.021745 0.0338758 0.0240204 0.039932 -0.00170764 0.0459112 0.0317367 -0.00337763 0.0030505 0.0232482 0.000938263 0.00614055 0.0121375 0.0179985 0.00879949 0.0291107 0.0169359 0.00829579
internal_weight=505.187 147.237 357.95 180.452 177.499 88.2502 42.026 150.852 38.563 34.1631 19.9984 89.4134 12.8188 31.4204 17.2747 12.7011 76.5946 14.1458 6.99665 72.225 33.5494 6.841 29.5992 21.5271 88.0852 34.8762 19.0806 15.7956 11.5522 53.2089
internal_count=2855 655 2200 1291 909 373 171 1142 268 241 82 426 60 221 118 94 366 103 50 345 172 50 149 112 483 199 105 94 67 284
is_linear=0
shrinkage=0.05


Tree=18
num_leaves=31
num_cat=0
split_feature=3 3 2 1 3 2 0 3 3 0 3 0 0 0 0 0 0 0 0 0 0 0 0 0 0 0 0 3 3 3
split_gain=128.992 35.0034 24.4578 12.7182 3.82215 3.2507 2.34009 1.87794 1.49294 1.95 1.27929 1.22393 1.17506 1.11908 1.09738 1.53325 1.50126 2.06753 1.0885 2.73687 1.15446 1.81294 1.24032 1.1042 1.13275 1.07633 1.53493 0.996573 0.954596 0.887683
threshold=1.5000000000000002 1.0000000180025095e-35 1.0000000180025095e-35 1.0000000180025095e-35 10.500000000000002 1.0000000180025095e-35 0.22037933766841891 19.500000000000004 15.500000000000002 0.22931337356567386 4.5000000000000009 0.24861386418342593 0.015223377849906685 0.011424486991018059 0.073521811515092864 0.22666641324758532 0.066251005977392211 0.063483141362667098 0.019912107847630981 0.064849406480789198 0.060224367305636413 0.020615364424884323 0.062041370198130615 0.067683413624763503 0.20477086305618289 0.28557106852531439 0.22666641324758532 3.5000000000000004 19.500000000000004 11.500000000000002
decision_type=2 2 2 2 2 2 2 2 2 2 2 2 2 2 2 2 2 2 2 2 2 2 2 2 2 2 2 2 2 2
left_child=1 -1 4 12 10 -3 18 8 9 -8 27 14 13 -4 16 -16 17 -12 -5 20 21 -20 -22 -21 -25 26 -6 -2 -28 -24
right_child=2 5 3 6 25 -7 7 -9 -10 -11 11 -13 -14 -15 15 -17 -18 -19 19 23 22 -23 29 24 -26 -27 28 -29 -30 -31
leaf_value=-0.069760558195028882 -0.0079246038890490849 -0.02961727941817149 0.0041262156606600162 0.045598770790345772 0.0094098277692283624 -0.010664478112988412 -0.0028669621738715611 0.043786742055025508 -0.020528749811494516 0.040500471228043934 -0.0010502687189156573 -0.025362333997864223 0.0098317478569924996 -0.026946167052598242 0.040815603605487534 0.0016038572890964915 -0.018818400580202052 0.035588337855659 0.003505804321683308 0.057986752632428473 -0.014660347969300143 0.046222455667819552 0.00550260335176069 0.035528264580874089 0.059205046079066098 -0.010367166470894782 0.01974379814048912 -0.031697459227969092 0.050177066706021879 0.03667582451967108
leaf_weight=57.050003588199615 18.140413254499439 43.530017539858818 6.7145037651061994 43.919419020414352 68.114141598343849 47.107312709093094 5.0790155380964297 6.0444067716598502 3.049906224012374 5.2937082648277283 36.221313416957855 4.5030359476804724 25.175939992070198 5.0975639820098877 3.9750641286373121 6.6864105612039566 9.9637204259634 4.3084879964590064 3.5812445133924511 9.1424214318394643 3.3681051433086386 8.1059930697083455 4.642721548676489 36.333376236259937 5.8673864603042594 5.5539280474185935 9.1337982118129712 5.823732078075408 3.5892336517572394 4.4943879693746567
leaf_count=281 78 177 34 366 374 205 28 44 21 40 177 21 137 25 22 35 48 21 27 77 25 65 35 285 45 27 55 25 21 35
internal_value=0.000139284 -0.0390789 0.0165975 0.0297825 0.00342016 -0.0197669 0.0367197 0.0206447 0.0102234 0.0192656 -0.00381383 -0.000204854 0.0037274 -0.00928325 0.00164757 0.0162237 -0.00143011 0.00284457 0.0393394 0.0357 0.0218349 0.0331331 0.0112757 0.0422331 0.0388202 0.0109247 0.0123876 -0.0137018 0.0283292 0.0208362
internal_weight=499.611 147.687 351.923 175.91 176.013 90.6373 138.922 19.467 13.4226 10.3727 89.6222 65.658 36.988 11.8121 61.155 10.6615 50.4935 40.5298 119.455 75.5356 24.1925 11.6872 12.5052 51.3432 42.2008 86.3911 80.8372 23.9641 12.723 9.13711
internal_count=2856 663 2193 1289 904 382 1093 133 89 68 427 324 196 59 303 57 246 198 960 594 187 92 95 407 330 477 450 103 76 70
is_linear=0
shrinkage=0.05


Tree=19
num_leaves=31
num_cat=0
split_feature=3 3 2 0 0 0 3 0 3 3 0 0 0 0 0 0 0 0 0 0 0 0 0 0 3 0 3 0 0 0
split_gain=122.099 38.5214 25.9547 3.90324 3.59107 2.73237 2.53061 2.39946 2.04536 1.52274 1.7443 2.18481 1.75433 1.28978 3.44204 2.01233 1.27379 1.23249 1.10635 1.76702 1.19225 1.36742 1.95646 1.28422 1.0299 1.02044 1.01029 0.982995 0.924261 1.46155
threshold=1.0000000180025095e-35 2.5000000000000004 1.0000000180025095e-35 0.010155373718589546 0.010993865318596365 0.072267085313797011 6.5000000000000009 0.40391938388347631 11.500000000000002 17.500000000000004 0.2284648343920708 0.020097580738365654 0.063759762793779387 0.018871597945690158 0.017922886647284034 0.019773335196077827 0.069628302007913603 0.073012433946132674 0.013688349630683662 0.01505062496289611 0.070796813815832152 0.019912107847630981 0.064849406480789198 0.067683413624763503 19.500000000000004 0.016558715142309669 12.500000000000002 0.017295801080763343 0.21070312708616259 0.22931337356567386
decision_type=2 2 2 2 2 2 2 2 2 2 2 2 2 2 2 2 2 2 2 2 2 2 2 2 2 2 2 2 2 2
left_child=-1 3 7 -2 -5 18 -7 8 -3 10 11 -10 -13 14 27 -15 -14 -8 -4 -20 21 25 -23 -24 26 -21 -25 -6 -19 -30
right_child=1 2 5 4 13 6 17 -9 9 -11 -12 12 16 15 -16 -17 -18 28 19 20 -22 22 23 24 -26 -27 -28 -29 29 -31
leaf_value=-0.068429038228952091 -0.05127646280401911 0.0016559220302527938 0.049295657958755353 0.037048596916556521 -0.0081614853839481957 -0.020216847545296072 0.0027775151146229179 -0.03450405067886439 0.038038710159899132 0.0065641892525632635 0.051023416951452107 -0.0097269506953380699 0.042158236904592368 -0.037595455028676922 0.031307573230070794 -0.013211633248719002 0.0061585292536959942 0.042031293565950041 0.0074918548671302071 0.035096946104993011 0.058266096090655022 0.022101949101253768 0.057660262248824069 0.042124997656009605 0.058030286972128586 0.057950598609801833 0.014091825489311425 -0.032890582908493109 0.0077341690409783379 0.035171815889560434
leaf_weight=56.083700358867645 6.2456841468811026 85.977392688393593 22.521811544895172 3.8061090409755698 38.685256212949753 2.9822498410940161 4.3821597993373862 3.5938924849033347 8.2754594534635597 38.770275577902794 4.2890208661556235 8.4150905311107653 4.2164877057075483 9.7917502075433713 5.4884562939405432 62.271442830562592 5.8891117572784424 12.019362665712832 4.8460388109087935 8.8235821798443812 7.0179585143923751 24.358447939157486 8.6022865921258944 6.0774610042572039 3.4573116898536673 10.941118560731409 6.8212873190641403 4.4844430834054938 7.9132780879735973 12.552562534809111
leaf_count=285 26 428 190 17 171 18 32 16 53 209 27 44 24 44 25 271 33 96 38 76 58 189 75 49 29 93 57 20 47 97
internal_value=0.000991668 0.00997257 0.0197684 -0.012705 -0.0107704 0.0352093 0.0240848 0.00588776 0.0068193 0.0131743 0.0214187 0.0166801 0.0071366 -0.0122781 -0.00598861 -0.0165248 0.0211791 0.0276684 0.0394938 0.0367665 0.0386308 0.036636 0.0321827 0.0420211 0.0337958 0.047748 0.0273001 -0.0107303 0.0310261 0.0245628
internal_weight=489.6 433.517 302.744 130.773 124.527 143.317 39.8496 159.427 155.833 69.8554 31.0852 26.7961 18.5207 120.721 48.6582 72.0632 10.1056 36.8674 103.467 80.9455 76.0995 69.0815 49.3168 24.9583 16.3561 19.7647 12.8987 43.1697 32.4852 20.4658
internal_count=2837 2552 1978 574 548 1144 290 834 818 390 181 154 101 531 216 315 57 272 854 664 626 568 399 210 135 169 106 191 240 144
is_linear=0
shrinkage=0.05


Tree=20
num_leaves=31
num_cat=0
split_feature=3 3 2 1 0 3 3 0 0 3 0 0 0 0 0 0 0 0 0 0 0 1 0 0 3 0 0 0 0 0
split_gain=113.237 30.1887 23.9686 14.5306 3.4211 3.34322 2.71629 3.11861 3.00897 1.71309 1.54121 1.48316 1.39365 2.26481 1.79941 1.57251 1.54939 1.11234 2.43039 1.0817 1.53415 1.4554 1.23697 1.07657 1.1763 1.02025 2.34978 1.6913 1.1688 0.976267
threshold=1.5000000000000002 1.0000000180025095e-35 1.0000000180025095e-35 1.0000000180025095e-35 0.22037933766841891 19.500000000000004 6.5000000000000009 0.012417749967426063 0.014063016045838596 15.500000000000002 0.22931337356567386 0.40391938388347631 0.019022217020392421 0.019727492704987529 0.017724422737956051 0.016721292398869995 0.010400011669844391 0.014469849877059461 0.01505062496289611 0.019646776840090755 0.021104273386299614 1.0000000180025095e-35 0.061933303251862533 0.22931337356567386 17.500000000000004 0.013884788379073145 0.059228794649243362 0.020396301522850994 0.06465895846486093 0.019912107847630981
decision_type=2 2 2 2 2 2 2 2 2 2 2 2 2 2 2 2 2 2 2 2 2 2 2 2 2 2 2 2 2 2
left_child=1 -1 6 25 17 9 8 -8 -2 10 -6 23 14 -14 15 16 -3 -5 -19 -10 -21 -22 -23 -9 -25 -4 27 -27 -28 -20
right_child=2 12 3 4 5 -7 7 11 19 -11 -12 -13 13 -15 -16 -17 -18 18 29 20 21 22 -24 24 -26 26 28 -29 -30 -31
leaf_value=-0.067210135092958062 -0.041844611631610247 -0.035925281046837391 -0.01201578812860722 0.050053804591323019 -0.0034123924894747118 0.050111349074085376 0.049015405933979406 0.0032670206678116322 0.0098353271267545093 -0.027630547482294911 0.035900897840299532 -0.026376144040830864 -0.057826246747546377 -0.021897498442764701 0.0097433062229042942 -0.040848739777117241 -0.0063691389963918535 -0.0066155801013667269 0.049091707449323591 -0.033455064271053055 0.019609445258138226 0.0096261999113575192 -0.022769039507625655 0.029979118266277135 0.0039858804105614926 0.010177199353871694 -0.032401231813561873 0.049872840997012925 0.0006693978128341153 0.036109419002204081
leaf_weight=54.100727915763855 6.0385827720165244 5.625222489237788 10.677903160452841 20.67071658372879 5.771041080355646 5.3261154145002356 4.0004372745752326 107.86930011212826 10.459927707910536 3.3564009070396414 4.3889609351754189 3.8502822518348685 4.8716324418783179 44.018096446990967 7.2012509852647772 6.062493920326232 20.940821439027786 3.0564728230237952 18.126086503267288 5.2013706266880062 5.2292013317346582 4.4952036887407312 8.5541649013757688 8.4960180222988146 8.9244361817836744 10.862551361322405 3.8890368640422812 3.5636390000581732 8.5358332991600019 72.016567304730415
leaf_count=284 26 23 53 186 32 41 27 574 47 23 35 17 20 183 31 25 90 24 162 22 23 20 38 49 50 61 20 21 43 594
internal_value=-0.000357393 -0.0377723 0.0152053 0.0285269 0.0362949 0.0165601 0.00210514 0.00553711 -0.00932438 0.0033393 0.0135703 0.00419026 -0.0198213 -0.0254776 -0.0128784 -0.0178711 -0.0126275 0.0395605 0.0372331 -0.00353838 -0.00949614 -0.00267836 -0.0116096 0.0051296 0.0166629 0.00105732 0.00625612 0.019983 -0.00968185 0.0387199
internal_weight=486.18 142.82 343.36 170.241 132.712 18.8425 173.119 133.14 39.9785 13.5164 10.16 129.14 88.7195 48.8897 39.8298 32.6285 26.566 113.87 93.1991 33.9399 23.4799 18.2786 13.0494 125.29 17.4205 37.529 26.8511 14.4262 12.4249 90.1427
internal_count=2844 656 2188 1295 1097 131 893 717 176 90 67 690 372 203 169 138 113 966 780 150 103 81 58 673 99 198 145 82 63 756
is_linear=0
shrinkage=0.05


Tree=21
num_leaves=31
num_cat=0
split_feature=3 3 2 2 0 0 0 0 0 0 0 3 0 0 0 3 3 0 0 3 0 3 0 3 0 0 0 0 0 0
split_gain=105.089 33.4434 23.3936 3.66019 2.50318 3.67567 2.28516 2.13702 2.34364 2.00316 2.00417 2.17483 1.8009 1.41139 0.947631 0.945155 1.1862 1.57093 1.17874 1.27308 1.12942 1.12528 2.15924 2.42321 1.19907 1.0992 1.94899 1.59299 1.59047 1.07434
threshold=1.0000000180025095e-35 5.5000000000000009 1.0000000180025095e-35 1.0000000180025095e-35 0.0089109009131789225 0.010310030542314054 0.072238828986883177 0.22037933766841891 0.22931337356567386 0.069785099476575865 0.062041370198130615 1.5000000000000002 0.40391938388347631 0.015223377849906685 0.013030957430601122 11.500000000000002 23.000000000000004 0.22346362471580508 0.2284648343920708 17.500000000000004 0.2080323398113251 19.500000000000004 0.069628302007913603 14.500000000000002 0.020097580738365654 0.2284648343920708 0.069155588746070876 0.016608297824859623 0.013045935891568662 0.063921783119440093
decision_type=2 2 2 2 2 2 2 2 2 2 2 2 2 2 2 2 2 2 2 2 2 2 2 2 2 2 2 2 2 2
left_child=-1 3 12 -2 -5 -6 9 -4 -9 10 11 -7 15 14 -13 25 18 -18 20 -20 21 22 23 24 -17 26 27 28 -3 -26
right_child=1 2 7 4 5 6 -8 8 -10 -11 -12 13 -14 -15 -16 16 17 -19 19 -21 -22 -23 -24 -25 29 -27 -28 -29 -30 -31
leaf_value=-0.066091452911521603 -0.018458756727345735 -0.0097533046960914908 0.037898125974653946 0.035744740925724737 -0.050644514484291248 -0.0067456974110889001 -0.035150194111820125 -0.0024585171223561776 0.033464512207837936 0.029240660196436303 -0.016407118499319605 0.014366081548594976 -0.026248599354651667 0.024254725818993631 -0.01979262800481231 0.040622037129278823 -0.016606875849732666 0.016776058962064046 0.050225758921752683 0.014367553366933464 -0.015630123493296674 0.029542334055930292 -0.026689327513765005 -0.0058590345496862773 0.0025628869927642999 -0.01382174739554683 0.020096073734253848 -0.0067372704490088952 0.024698044269046676 0.036441543104001849
leaf_weight=52.863583505153656 68.685778051614761 5.0523617565631858 106.08561109751463 3.981528937816619 4.1596494764089575 26.630081996321678 4.9843575209379187 7.329402536153796 11.931309618055819 5.3679955676197997 18.699840635061264 4.2371857538819331 4.3219920843839637 13.798584401607512 3.8984244465827942 7.1334155052900412 8.0767892152070981 6.2520131766796103 4.2818601429462415 5.8666320592164993 3.7572512030601493 8.2065407484769803 3.7810754328966132 10.154367953538893 6.9128409773111326 9.0177003890275937 15.679361149668692 31.223391100764275 9.9428350180387479 3.5375676304101944
leaf_count=287 286 26 927 21 18 117 23 41 96 25 87 20 19 82 20 47 40 36 28 33 22 46 21 53 36 47 84 155 49 21
internal_value=0.000374337 0.00868101 0.019343 -0.00985793 -0.00296928 -0.0048542 -0.00240018 0.0351163 0.0197945 -0.000152724 -0.00249846 0.00285712 0.00553605 0.0145158 -0.0020021 0.00652522 0.0107388 -0.00204107 0.0141532 0.0294969 0.0105722 0.0130504 0.00875642 0.0135881 0.0248186 0.00248724 0.00486324 -0.000304403 0.0130903 0.0140312
internal_weight=475.851 422.988 268.544 154.443 85.7576 81.7761 77.6165 125.346 19.2607 72.6321 67.2641 48.5643 143.198 21.9342 8.13561 138.876 67.9604 14.3288 53.6316 10.1485 43.4831 39.7258 31.5193 27.7382 17.5838 70.9156 61.8979 46.2186 14.9952 10.4504
internal_count=2813 2526 1827 699 413 392 374 1064 137 351 326 239 763 122 40 744 383 76 307 61 246 224 178 157 104 361 314 230 75 57
is_linear=0
shrinkage=0.05


Tree=22
num_leaves=31
num_cat=0
split_feature=3 3 2 2 0 0 0 0 0 0 0 0 3 0 0 0 3 0 0 0 3 0 0 0 0 0 0 0 0 0
split_gain=93.7941 35.4739 19.6056 4.2669 3.4265 2.14955 2.0413 3.99558 1.79297 1.70149 2.58947 2.24607 1.40051 1.57569 1.49464 2.73883 1.36459 2.2509 1.54977 1.31978 2.01358 1.30798 2.22055 3.30769 1.47749 1.90004 1.27407 4.38611 1.29747 1.33517
threshold=1.0000000180025095e-35 4.5000000000000009 1.0000000180025095e-35 1.0000000180025095e-35 0.072267085313797011 0.40391938388347631 0.0089109009131789225 0.010155373718589546 0.013045935891568662 0.073063034564256682 0.071710307151079192 0.19420886039733889 26.500000000000004 0.066575963050127043 0.069628302007913603 0.069985084235668196 7.5000000000000009 0.22931337356567386 0.24861386418342593 0.072238828986883177 2.5000000000000004 0.014469849877059461 0.015112442430108787 0.01505062496289611 0.019912107847630981 0.064849406480789198 0.06985278427600862 0.067192967981100096 0.063759762793779387 0.062144866213202483
decision_type=2 2 2 2 2 2 2 2 2 2 2 2 2 2 2 2 2 2 2 2 2 2 2 2 2 2 2 2 2 2
left_child=-1 3 5 -2 21 9 -5 -8 -9 10 12 -11 13 -3 -15 -16 -13 -18 -19 20 26 -4 23 -23 -24 -26 27 28 29 -10
right_child=1 2 4 6 -6 -7 7 8 19 11 -12 16 -14 14 15 -17 17 18 -20 -21 -22 22 24 -25 25 -27 -28 -29 -30 -31
leaf_value=-0.065062328461986688 -0.02259022089849682 0.0036428294543444512 0.04903804020396188 0.030977167204686764 0.019500462204746421 -0.030149504028200554 -0.059510178125902924 0.01504795661262625 -0.0057471307204375304 0.05096203926555426 -0.030912002905868253 -0.01764265185305058 -0.018312728334100008 0.037903422273351209 -0.02289222894663534 0.03757018475772371 0.00075763446400680604 0.040931254323872457 0.010899790820951615 -0.032068028316729842 0.026845862771210316 -0.036676164500509194 0.052734751015105753 0.034181483290016211 0.022134379764897818 0.042223058322738621 0.016008211422278981 -0.05215831257839311 0.014268397611236392 -0.035404135966426685
leaf_weight=50.704651549458504 64.134293526411057 80.71661388874054 19.565065294504166 3.6800846606492987 37.05684395134449 4.1310876160860053 3.4792280346155158 9.9706156849861127 34.598158538341522 3.9499925523996344 5.3146944493055335 3.6703099310398093 6.1110191047191611 7.114139184355734 3.9303497672080994 3.5781116187572479 15.635621398687361 9.2249317169189471 8.0399888008832914 5.1248632818460456 4.4214416593313208 2.6243111938238135 12.534338183701037 4.4225200116634369 20.895603343844414 26.953898549079895 4.9618913829326621 5.6334760189056388 7.0828528851270667 4.2626796513795844
leaf_count=285 265 421 188 20 284 18 15 45 167 24 25 16 29 41 22 20 90 58 43 24 31 21 120 42 176 249 22 24 31 18
internal_value=-0.000802409 0.00690367 0.0174958 -0.0128983 0.0322328 0.00542218 -0.00542878 -0.00711328 -0.00471635 0.0064199 0.00310913 0.0151432 0.0048914 0.00637873 0.0214809 0.00592077 0.0112744 0.0145003 0.0269461 -0.00769829 -0.00564956 0.0376563 0.0343538 0.00779338 0.0374534 0.0334504 -0.00819075 -0.0105188 -0.00541305 -0.00900023
internal_weight=473.524 422.819 275.469 147.35 124.053 151.417 83.2153 79.5352 76.056 147.286 106.765 40.5208 101.45 95.3392 14.6226 7.50846 36.5709 32.9005 17.2649 66.0854 60.9605 86.9957 67.4307 7.04683 60.3838 47.8495 56.5391 51.5772 45.9437 38.8608
internal_count=2834 2549 1887 662 1080 807 397 377 362 789 558 231 533 504 83 42 207 191 101 317 293 796 608 63 545 425 262 240 216 185
is_linear=0
shrinkage=0.05


Tree=23
num_leaves=31
num_cat=0
split_feature=3 3 2 0 0 0 3 3 3 2 0 0 0 0 0 0 0 0 0 0 0 0 0 0 0 0 3 0 3 3
split_gain=90.001 29.5885 23.3738 3.66813 2.91583 2.25675 1.98003 1.53111 2.02088 1.42909 1.27101 1.33273 1.54055 1.96471 1.45037 1.21564 1.15523 0.891929 0.931844 1.7915 1.24715 0.888093 0.867267 2.26049 1.03354 1.4748 1.00069 1.71784 0.925982 0.865165
threshold=1.0000000180025095e-35 5.5000000000000009 1.0000000180025095e-35 0.2080323398113251 0.22931337356567386 0.22382622212171557 1.5000000000000002 19.500000000000004 15.500000000000002 1.0000000180025095e-35 0.010400011669844391 0.015567715279757978 0.017743511125445369 0.016721292398869995 0.01889823749661446 0.01378528540953994 0.27557592093944555 0.010993865318596365 0.059228794649243362 0.020396301522850994 0.065406177192926421 0.069985084235668196 0.019912107847630981 0.020615364424884323 0.064849406480789198 0.057671509683132179 10.500000000000002 0.063629876822233214 11.500000000000002 19.500000000000004
decision_type=2 2 2 2 2 2 2 2 2 2 2 2 2 2 2 2 2 2 2 2 2 2 2 2 2 2 2 2 2 2
left_child=-1 6 16 22 5 -5 10 8 -6 -8 -2 15 13 -13 -14 -12 -3 -11 19 -19 -20 -22 28 -24 25 -25 -27 -28 -4 -30
right_child=1 2 3 4 7 -7 9 -9 -10 17 11 12 14 -15 -16 -17 -18 18 20 -21 21 -23 23 24 -26 26 27 -29 29 -31
leaf_value=-0.064113539586931501 -0.03910731383616535 0.0051903217005019094 0.051617070617660549 0.018550514352131894 0.037831491147698952 -0.030559032736544874 -0.011802912079802349 0.057589081523870447 -0.0162811136989259 -0.01483011233785364 -0.012117283032414369 -0.012347206817922906 0.0085280143607406652 -0.054856240017203323 -0.015710459566898562 0.015608725651447287 -0.015272770408173909 0.0066561595822693569 -0.023683979756685947 0.047575729799457858 0.021818965194542263 -0.01035281320694105 -0.0073495742501956968 0.048197947339350206 0.041233654562051483 0.035881989497732948 -0.01083053308376293 0.038813995992384026 0.029444773264289639 0.056339925932800017
leaf_weight=48.927306085824966 4.9410195350646964 133.89253088086843 19.983040019869804 4.769722133874895 4.9606672227382642 4.5910238772630692 26.84550641477108 3.8858186304569244 2.6455228924751282 5.7492547929286948 9.0866217315197009 5.5119445919990522 7.0051435977220526 5.3627565950155258 51.876242399215698 6.9981435239315024 7.2716700136661521 15.039604499936109 4.8501757979392996 3.2534488141536704 4.9687657058238965 3.7747135162353516 3.0470123663544646 5.5246553421020534 40.527391120791435 4.4758675247430784 5.0859427452087402 2.6507050842046738 12.885929442942144 3.893639348447322
leaf_count=285 20 724 195 34 42 24 115 34 20 30 39 24 30 22 215 30 34 85 27 20 25 20 25 50 370 37 43 23 126 39
internal_value=2.76081e-05 0.00758321 0.0178941 0.0342244 0.0151808 -0.0055355 -0.00968911 0.0320552 0.0190105 -0.00298943 -0.0144478 -0.0130284 -0.0160201 -0.0333101 -0.0128268 -5.4279e-05 0.00413622 0.00329717 0.00656556 0.0139338 -0.00334987 0.00792984 0.0382734 0.0346326 0.0368281 0.0267619 0.0170648 0.00617851 0.0443455 0.0356857
internal_weight=464.282 415.354 260.091 118.927 20.8528 9.36075 155.263 11.492 7.60619 64.4815 90.7819 85.8409 69.7561 10.8747 58.8814 16.0848 141.164 37.636 31.8867 18.2931 13.5937 8.74348 98.0742 61.3116 58.2646 17.7372 12.2125 7.73665 36.7626 16.7796
internal_count=2807 2522 1820 1062 154 58 702 96 62 322 380 360 291 46 245 69 758 207 177 105 72 45 908 548 523 153 103 66 360 165
is_linear=0
shrinkage=0.05


Tree=24
num_leaves=31
num_cat=0
split_feature=3 3 2 2 0 3 0 0 0 3 0 0 3 3 3 0 0 3 3 0 3 3 0 0 0 0 0 0 0 0
split_gain=82.7526 23.8389 19.3693 3.56513 2.48966 2.44147 2.37303 1.63076 2.64034 1.69915 1.55101 2.88706 1.47205 1.72155 1.46954 1.20302 1.15698 1.1519 1.68477 1.10476 1.07395 1.04575 1.04379 2.22293 1.06452 2.10364 0.978442 2.65018 3.32475 2.1792
threshold=1.0000000180025095e-35 7.5000000000000009 1.0000000180025095e-35 1.0000000180025095e-35 0.07252297550439836 2.5000000000000004 0.073012433946132674 0.019022217020392421 0.017082292586565021 5.5000000000000009 0.010155373718589546 0.010993865318596365 11.500000000000002 29.500000000000004 10.500000000000002 0.06522426009178163 0.014921483583748342 11.500000000000002 12.500000000000002 0.010155373718589546 19.500000000000004 28.000000000000004 0.013884788379073145 0.016331557184457782 0.069785099476575865 0.067192967981100096 0.018745350651443008 0.062328308820724494 0.063921783119440093 0.072238828986883177
decision_type=2 2 2 2 2 2 2 2 2 2 2 2 2 2 2 2 2 2 2 2 2 2 2 2 2 2 2 2 2 2
left_child=-1 3 12 7 16 10 15 8 9 -2 -5 -12 26 -14 -6 -7 19 -16 -19 -4 -20 -22 -13 -24 25 -25 -3 -28 -29 -30
right_child=1 2 4 5 14 6 -8 -9 -10 -11 11 22 13 -15 17 -17 -18 18 20 -21 21 -23 23 24 -26 -27 27 28 29 -31
leaf_value=-0.063237066443816978 -0.018539477748367252 -0.011370717304450858 0.023223054088844355 -0.029805915503269761 0.041315692853618469 0.014102384044455574 -0.022779238684267022 -0.018039028932617641 0.016513301281205289 0.0099955766957494918 0.044369355294869801 -0.018909358099985563 0.011618297674908051 -0.023741681422546984 -0.014111676963623419 0.041189887860358085 0.035957279175031137 0.058492716135985737 0.00072461813565923949 0.056228144090280888 0.036750473533948148 0.003820161404917199 0.025832317381053023 -0.0033813837184989344 0.011150560521651535 -0.035468155300705677 0.030611407025927642 -0.044152663550350815 0.022827540638655913 -0.0081473104712551907
leaf_weight=46.176666051149368 23.966496214270595 16.771421879529953 3.0528265014290836 5.1080769449472418 7.9877833798527744 14.534075960516935 3.5123669654130927 54.250319674611092 10.709422200918196 6.668509989976882 3.3025846183300009 9.4623367339372617 64.58728514611721 3.6359744220972052 2.7192695289850262 5.7090664729475966 52.756865762174129 2.5579985976219204 7.5464888885617283 14.95917923748493 6.978573374450205 3.6833615824580193 6.8152424842119208 37.005596473813057 8.9445530325174314 5.9261048138141623 7.0972437858581534 4.2811600267887142 9.1803438216447848 14.885292306542395
leaf_count=279 98 85 32 21 62 119 23 231 46 33 15 42 369 17 22 48 505 22 58 153 60 31 34 173 39 25 39 20 51 84
internal_value=0.000285298 0.00729266 0.0184847 -0.00542841 0.0344896 0.0011557 0.0151591 -0.012338 -0.00485731 -0.0123281 -0.0031891 -0.00128639 0.00489783 0.00973378 0.0227899 0.0217417 0.0396928 0.016489 0.020496 0.0506342 0.0151581 0.0253741 -0.00349877 -0.00101425 -0.00454122 -0.0078105 -0.00142068 0.00328748 -0.00355367 0.0036687
internal_weight=464.772 418.596 222.681 195.915 102.242 100.32 23.7555 95.5947 41.3444 30.635 76.5645 71.4564 120.439 68.2233 31.4735 20.2431 70.7689 23.4857 20.7664 18.012 18.2084 10.6619 68.1538 58.6915 51.8763 42.9317 52.2155 35.444 28.3468 24.0656
internal_count=2836 2557 1610 947 945 539 190 408 177 131 349 328 665 386 255 167 690 193 171 185 149 91 313 271 237 198 279 194 155 135
is_linear=0
shrinkage=0.05


Tree=25
num_leaves=31
num_cat=0
split_feature=3 3 2 0 0 0 3 0 0 0 0 0 0 0 0 0 0 0 3 0 0 0 0 0 0 0 0 3 3 3
split_gain=79.4611 17.8065 17.6227 3.99032 2.64799 2.49839 2.20612 1.64277 1.77846 2.29873 1.42617 1.2963 1.74804 1.81073 1.60442 1.25597 3.29773 2.83281 2.27233 3.63999 2.32586 1.39008 1.19548 1.08364 1.05197 1.03243 0.936829 1.16558 1.37097 1.05031
threshold=1.0000000180025095e-35 2.5000000000000004 1.0000000180025095e-35 0.072267085313797011 0.010155373718589546 0.010993865318596365 6.5000000000000009 0.40391938388347631 0.073063034564256682 0.071858659386634841 0.19420886039733889 0.073012433946132674 0.21070312708616259 0.22931337356567386 0.22382622212171557 0.011762528680264952 0.013045935891568662 0.014221488498151304 1.5000000000000002 0.017524979077279571 0.063759762793779387 0.057802254334092147 0.25223581492900854 0.070796813815832152 0.072235595434904112 0.012417749967426063 0.21592056751251223 26.500000000000004 20.500000000000004 10.500000000000002
decision_type=2 2 2 2 2 2 2 2 2 2 2 2 2 2 2 2 2 2 2 2 2 2 2 2 2 2 2 2 2 2
left_child=-1 4 7 23 -2 -6 -5 8 9 25 -10 -8 -13 14 -14 -7 -17 -18 20 -20 21 -19 -15 -4 -22 -3 -12 28 29 -28
right_child=1 2 3 6 5 15 11 -9 10 -11 26 12 13 22 -16 16 17 18 19 -21 24 -23 -24 -25 -26 -27 27 -29 -30 -31
leaf_value=-0.062425914523127492 -0.036908022440588849 0.022592643751876213 0.033017224314534542 -0.028912059264887421 0.035165911662241228 -0.030684149267348249 -0.0098805541202004309 -0.027601080311054307 0.040684707564269867 -0.033685244539785532 -0.0079123757826925906 0.038127002142650523 0.020495087031056371 0.0462885651735018 -0.022749421888131737 0.03696558498305768 -0.038970733719697719 -0.013126016121699126 0.03383116481820516 -0.0044444770488670992 0.011105638425815117 -0.036173027375759115 0.012814957014248599 0.056493841908625789 -0.013215230455143334 0.0012430103653862268 0.0027590765337417987 0.038470578698262869 -0.019197298913374589 0.02455039185138809
leaf_weight=45.277958393096924 7.3753686100244513 5.9971940144896498 81.749172210693359 2.6802418678998938 3.56737957894802 5.4774475097656241 3.6650642082095137 4.1758411377668372 4.2288784533739081 4.5932689905166617 6.0741107314825049 10.473483309149744 3.7665159851312655 4.4655408859252912 4.9816502779722214 4.2650583535432807 6.8550581037998191 42.398863166570663 8.2183516621589643 25.436701342463493 13.904496222734453 7.7363861650228491 6.6238048225641251 5.2297944128513327 6.5362049937248221 101.52028810977936 10.435789525508889 4.0770827233791342 3.5406009554862967 11.761573970317839
leaf_count=284 30 38 792 16 16 24 30 18 26 21 33 96 27 40 26 18 29 178 42 123 58 32 56 52 27 523 54 25 20 74
internal_value=0.000445379 0.00735797 0.01449 0.0285974 -0.00779889 -0.00607302 0.0147607 0.00333822 0.00418692 0.000954037 0.0132213 0.0182058 0.0216019 0.0128773 -0.00413053 -0.00729057 -0.00617973 -0.00783626 -0.00578861 0.00490219 -0.0108867 -0.0166824 0.0262944 0.0344288 0.00332869 0.00243387 0.00998523 0.0136314 0.00969674 0.0143055
internal_weight=457.089 411.811 280.04 123.635 131.771 124.396 36.6563 156.405 152.229 112.111 40.118 33.9761 30.311 19.8375 8.74817 120.829 115.351 111.086 104.231 33.6551 70.576 50.1352 11.0893 86.979 20.4407 107.517 35.8892 29.815 25.738 22.1974
internal_count=2828 2544 1967 1135 577 547 291 832 814 582 232 275 245 149 53 531 507 489 460 165 295 210 96 844 85 561 206 173 148 128
is_linear=0
shrinkage=0.05


Tree=26
num_leaves=31
num_cat=0
split_feature=3 3 2 3 0 0 0 0 0 0 0 0 0 0 2 0 0 0 0 0 0 0 0 0 0 3 0 0 3 0
split_gain=74.5577 21.6642 15.1949 3.57511 3.1181 2.61707 7.69307 2.57194 1.76309 1.56812 1.63271 2.66019 2.19975 1.79879 1.38682 1.7112 3.62276 1.48002 3.17948 3.14634 1.74122 2.38883 1.68651 1.19907 1.97356 1.73922 3.03039 1.371 1.63317 2.87384
threshold=1.0000000180025095e-35 7.5000000000000009 1.0000000180025095e-35 1.5000000000000002 0.24318701773881915 0.014388924930244686 0.013180983252823355 0.21070312708616259 0.22666641324758532 0.010400011669844391 0.01889823749661446 0.017743511125445369 0.063759762793779387 0.016721292398869995 1.0000000180025095e-35 0.017743511125445369 0.020066848956048492 0.059228794649243362 0.063968017697334303 0.020127423107624057 0.019166110083460811 0.017609325237572197 0.073012433946132674 0.020512533374130729 0.073521811515092864 29.500000000000004 0.072267085313797011 0.070796813815832152 13.500000000000002 0.066159199923276915
decision_type=2 2 2 2 2 2 2 2 2 2 2 2 2 2 2 2 2 2 2 2 2 2 2 2 2 2 2 2 2 2
left_child=-1 3 -3 9 5 6 -5 23 -9 -2 11 13 -12 -11 15 -7 -17 19 -19 20 21 -16 -20 -4 25 26 27 28 -25 -30
right_child=1 2 7 4 -6 14 -8 8 -10 10 12 -13 -14 -15 17 16 -18 18 22 -21 -22 -23 -24 24 -26 -27 -28 -29 29 -31
leaf_value=-0.061673926956765601 -0.039033372458837493 0.0060443843774430541 0.044337185736967398 0.0039169651965694444 -0.044214234660036239 0.020045491484096643 -0.069983814544034337 -0.0048492787634703332 0.027103405086017437 -0.0021823770145067934 -0.02506937532754356 0.028514736538431503 -0.00417157587926159 -0.03379241733566514 0.0084546760670503474 -0.0441205253983636 0.0024444190429036613 -0.033197114458418678 0.021962757951838371 0.060619315615430672 -0.016799461431199283 0.060196025969761438 -0.019785777429088477 0.035270161293093454 0.056538431705558501 0.056579125513350106 -0.017355534592778651 0.055847459903758848 -0.026703511323982878 0.026799963557091345
leaf_weight=43.581500470638275 5.1945000737905493 121.18754135817289 30.40032509714365 15.083711944520475 3.6304980069398871 8.4847765266895276 4.5942341536283484 6.5772448852658298 12.563783101737497 22.139481842517856 30.055199518799782 5.8399582952260962 21.673006266355515 5.6489302814006797 8.2892452627420443 5.0238817334175137 24.777707010507584 4.4560641348361996 13.423614598810675 4.4006479158997527 3.7815450206398955 3.0521140545606604 2.9508271664381018 16.426076404750351 6.8303950652480117 4.5764422416687003 3.9710867628455153 4.1246118545532218 3.5564637705683699 8.5279849991202337
leaf_count=284 21 672 327 79 17 40 22 42 105 95 124 25 90 23 57 21 110 27 88 32 25 24 18 161 67 45 33 44 31 88
internal_value=0.000512044 0.00710222 0.0178679 -0.00513108 0.00129069 0.002971 -0.0133367 0.0325558 0.0161238 -0.0123612 -0.010738 -0.00216135 -0.0163136 -0.00860818 0.00705163 0.00023487 -0.00540539 0.0135191 0.0042489 0.0234099 0.0125822 0.022379 0.0144393 0.0365669 0.031647 0.0275186 0.0238855 0.0289038 0.0250059 0.0110538
internal_weight=454.823 411.242 218.742 192.5 101.949 98.3184 19.6779 97.5544 19.141 90.5511 85.3566 33.6284 51.7282 27.7884 78.6404 38.2864 29.8016 40.3541 20.8305 19.5236 15.1229 11.3414 16.3744 78.4134 48.0131 41.1827 36.6062 32.6351 28.5105 12.0844
internal_count=2837 2553 1615 938 560 543 101 943 147 378 357 143 214 118 442 171 131 271 133 138 106 81 106 796 469 402 357 324 280 119
is_linear=0
shrinkage=0.05


Tree=27
num_leaves=31
num_cat=0
split_feature=3 3 2 0 2 3 0 0 0 0 0 0 0 3 3 3 0 3 3 3 3 3 3 3 0 0 0 0 0 0
split_gain=68.0109 21.0911 15.7229 2.86857 1.54015 1.41048 1.36379 2.53987 2.45243 1.56352 1.51457 1.93967 1.90938 1.33446 2.29322 1.45586 1.26919 1.204 1.87433 1.49301 1.1883 1.77039 1.18325 1.1123 2.35591 1.11466 1.07413 1.02135 2.60902 1.52374
threshold=1.0000000180025095e-35 2.5000000000000004 1.0000000180025095e-35 0.072267085313797011 1.0000000180025095e-35 7.5000000000000009 0.014469849877059461 0.01505062496289611 0.0087095452472567576 0.070391923189163222 0.019912107847630981 0.064849406480789198 0.067683413624763503 10.500000000000002 11.500000000000002 12.500000000000002 0.016558715142309669 13.500000000000002 11.500000000000002 26.500000000000004 19.500000000000004 28.000000000000004 19.500000000000004 6.5000000000000009 0.012417749967426063 0.40391938388347631 0.22257384657859805 0.073063034564256682 0.20080817490816119 0.071224898099899306
decision_type=2 2 2 2 2 2 2 2 2 2 2 2 2 2 2 2 2 2 2 2 2 2 2 2 2 2 2 2 2 2
left_child=-1 4 23 6 -2 -5 8 -8 -4 10 16 17 -13 26 -15 -16 -9 18 -12 -19 -17 -22 -14 -3 -25 27 -7 29 -29 -26
right_child=1 2 3 5 -6 13 7 9 -10 -11 11 12 22 14 15 20 -18 19 -20 -21 21 -23 -24 24 25 -27 -28 28 -30 -31
leaf_value=-0.060975704679191181 -0.016496219079380939 -0.0065091449555716554 -0.00025203012384728246 -0.01215608116418765 -0.0056088842374445455 0.022587915638973277 -0.018431084898162354 0.02666576004277596 0.052703055341046717 0.055881532716169385 0.011785632581307126 0.055724805083211405 0.015692072654630271 -0.028414337245292767 0.057711794288027085 0.0011897153784703608 0.055725932207621565 -0.032870897081020416 0.056438437787927703 0.019603552324574804 0.042188855243321395 -0.0029025039672265895 0.055862422108968079 0.046070074921609978 0.003649295516485726 -0.020356830912182627 0.062195526983202187 0.049644853231273774 0.0074009744460739714 -0.02796804071775191
leaf_weight=41.771030560135841 56.266679212450981 23.143106698989868 2.5448318645358112 3.9654783606529227 76.848945200443268 4.2660473734140423 2.6302792355418196 6.8811823576688758 15.521306842565535 6.0466996729373923 12.022320427000524 7.1885488331317928 9.8316292464733106 2.832268267869952 2.2315868139266994 8.4356087148189562 8.2762234061956388 2.7483247667551032 2.9211410880088797 2.6747741177678108 6.3993996009230596 3.2990129813551903 2.2533343508839598 3.4641601219773284 80.869358360767365 4.4318645298480979 2.8588588237762451 4.117671161890029 32.529859110713005 3.9990952312946311
leaf_count=283 232 103 22 25 352 38 23 75 171 65 108 79 99 23 21 66 91 23 29 25 58 29 24 25 429 19 20 27 193 19
internal_value=-0.000255979 0.00606115 0.0141319 0.0280206 -0.0102109 0.0158865 0.0331231 0.0296733 0.0452437 0.0317529 0.0290904 0.0239502 0.0353198 0.0195538 0.0137407 0.0196033 0.0425332 0.0131908 0.0205143 -0.00698951 0.0149136 0.0268506 0.0231821 0.00358675 0.00539222 0.00427339 0.0384804 0.00517169 0.0121474 0.00215945
internal_weight=443.271 401.5 268.384 115.829 133.116 34.2883 81.5406 63.4745 18.0661 60.8442 54.7975 39.6401 19.2735 30.3228 23.1979 20.3656 15.1574 20.3666 14.9435 5.4231 18.134 9.69841 12.085 152.555 129.412 125.948 7.12491 121.516 36.6475 84.8685
internal_count=2796 2513 1929 1114 584 280 834 641 193 618 553 387 202 255 197 174 166 185 137 48 153 87 123 815 712 687 58 668 220 448
is_linear=0
shrinkage=0.05


Tree=28
num_leaves=31
num_cat=0
split_feature=3 3 2 0 3 0 0 0 0 0 0 3 0 3 0 0 0 2 0 0 0 0 0 0 0 3 0 0 0 0
split_gain=66.3227 16.3839 16.1131 3.27753 2.18815 1.96427 2.07507 1.44705 1.86431 3.4446 1.99605 1.51569 1.30331 1.03737 4.39119 2.43649 1.45953 1.05046 1.01182 0.937769 0.893551 1.4344 0.997213 0.843778 2.02216 1.72624 0.823848 1.49655 0.803494 2.05
threshold=1.0000000180025095e-35 2.5000000000000004 1.0000000180025095e-35 0.072689861059188857 6.5000000000000009 0.010155373718589546 0.010993865318596365 0.070796813815832152 0.057671509683132179 0.064849406480789198 0.069985084235668196 7.5000000000000009 0.42452575266361242 1.5000000000000002 0.014469849877059461 0.016331557184457782 0.016721292398869995 1.0000000180025095e-35 0.012417749967426063 0.070647068321704878 0.060366710647940643 0.063759762793779387 0.017724422737956051 0.22037933766841891 0.22666641324758532 28.000000000000004 0.067683413624763503 0.069591987878084197 0.013030957430601122 0.016721292398869995
decision_type=2 2 2 2 2 2 2 2 2 2 2 2 2 2 2 2 2 2 2 2 2 2 2 2 2 2 2 2 2 2
left_child=-1 5 12 7 -5 -2 -7 8 11 -10 26 28 18 16 -15 -16 17 -8 -3 20 22 -22 -18 25 -25 -6 -11 -28 -4 -30
right_child=1 2 3 4 23 6 13 -9 9 10 -12 -13 -14 14 15 -17 19 -19 -20 -21 21 -23 -24 24 -26 -27 27 -29 29 -31
leaf_value=-0.060326454163039181 -0.035798650619245871 0.024943298097776113 0.043344985769452893 -0.029014637742118734 0.037543076050088248 0.027821447041020728 -0.012519182091107448 0.056095475933288709 0.0011100997295595686 0.055285965817246922 -0.0085622467629270279 0.043109793178334334 -0.026596328568735464 -0.038149699239156003 0.038686140334368478 0.00033438086298014086 -0.030849970930806211 0.010970796547968963 0.0025498195811314234 0.00019588512727128192 -0.043192511505692956 -0.015434004710049094 -0.0085621619111051327 -0.013702625325957681 0.022314609881748885 -0.0043099726376515544 0.017420489609711123 0.05605407974309471 -0.01643445017791878 0.034958558318842543
leaf_weight=41.427460491657257 6.1593714058399192 5.227086938917636 3.0749950334429723 2.6769494563341132 10.281632736325266 4.1652771383523932 8.4665083438158035 6.1749491542577735 12.380994416773321 6.2763134837150636 2.3166254833340636 32.29320078343153 3.7281775772571555 6.8373377025127402 4.82175289094448 29.3447505235672 6.1225120425224295 10.869796901941299 144.26244524866343 8.6979562193155271 7.4919477850198772 12.285490214824675 27.837843105196953 5.6812565922737148 12.408763468265532 3.2400872260332099 6.4602654278278333 4.0960009396076202 3.3596267402172089 4.5932476222515106
leaf_count=292 25 35 24 16 98 19 34 66 110 73 24 367 16 29 25 144 25 49 770 36 31 51 116 33 107 29 67 43 30 45
internal_value=-9.26544e-05 0.00612031 0.0132301 0.0273481 0.0143901 -0.00822378 -0.00688581 0.0328316 0.0309125 0.021663 0.0349516 0.0376445 0.00260458 -0.00806328 -0.0015729 0.00574678 -0.0113178 0.000685579 0.00333284 -0.0150353 -0.0175006 -0.0259493 -0.0125803 0.0180657 0.0110032 0.0275142 0.0409403 0.0324109 0.0216402 0.013248
internal_weight=443.061 401.633 268.533 115.315 34.2887 133.101 126.941 81.0262 74.8513 31.5302 19.1492 43.3211 153.218 122.776 41.0038 34.1665 81.7721 19.3363 149.49 62.4357 53.7378 19.7774 33.9604 31.6117 18.09 13.5217 16.8326 10.5563 11.0279 7.95287
internal_count=2829 2537 1953 1132 283 584 559 849 783 317 207 466 821 540 198 169 342 83 805 259 223 82 141 267 140 127 183 110 99 75
is_linear=0
shrinkage=0.05


Tree=29
num_leaves=31
num_cat=0
split_feature=3 3 2 0 3 0 0 0 0 0 0 0 0 0 0 0 0 2 0 2 3 0 0 3 0 1 0 0 0 0
split_gain=60.5517 17.2702 13.8971 1.63289 1.48024 1.4256 2.7757 1.61499 1.51641 3.52732 2.48234 1.42655 1.74851 1.63373 1.48056 2.24908 1.28243 1.75765 1.23535 1.20762 1.17218 0.985787 2.27677 1.04492 1.8966 1.34588 0.950875 1.63289 1.0784 0.898826
threshold=1.0000000180025095e-35 7.5000000000000009 1.0000000180025095e-35 0.020512533374130729 29.500000000000004 0.0089109009131789225 0.010155373718589546 0.010993865318596365 0.011762528680264952 0.013030957430601122 0.013884788379073145 0.018871597945690158 0.017963821999728683 0.02071645483374596 0.2080323398113251 0.073132771998643889 0.016331557184457782 1.0000000180025095e-35 0.017082292586565021 1.0000000180025095e-35 29.500000000000004 0.07252297550439836 0.072047267109155669 1.5000000000000002 0.059228794649243362 1.0000000180025095e-35 0.015112442430108787 0.014469849877059461 0.011630491819232704 0.063629876822233214
decision_type=2 2 2 2 2 2 2 2 2 2 2 2 2 2 2 2 2 2 2 2 2 2 2 2 2 2 2 2 2 2
left_child=-1 5 20 26 29 -2 -7 -8 -9 -10 -11 12 16 19 15 21 -12 18 -18 -13 -3 22 23 -15 25 -25 27 28 -4 -5
right_child=1 2 3 4 -6 6 7 8 9 10 11 13 -14 14 -16 -17 17 -19 -20 -21 -22 -23 -24 24 -26 -27 -28 -29 -30 -31
leaf_value=-0.059721906512541306 0.020757999869625895 0.0056443142709050494 0.026055464954307439 0.01144140391453119 0.055990830723531206 -0.038505264513286806 0.026413451218441061 -0.029571376060342897 0.035117244609584923 -0.033279714204255184 0.0080149575916427622 -0.0272851774116897 0.026133486386505991 -0.011780902019967499 -0.028769243148863633 0.03440043281553358 -0.015039478787972051 -0.030337521161369951 0.017341391634339402 -0.0051126040366207375 -0.023138286888834569 -0.023526918478546977 0.028682199820601186 0.04858232282143523 -0.0043339639106105615 0.0021007138738722056 0.05513719186683818 0.01240965188388525 0.054790721359642983 0.027280745784725464
leaf_weight=38.29662711918354 5.3821706026792517 114.53311786055565 5.1999109685421052 11.018093459308146 3.9352277964353553 6.1050182133913031 4.1997594386339179 6.0445809066295615 5.5516304075717917 7.6171010807156554 19.931883290410042 15.031932130455971 7.1392136663198462 30.685988023877144 5.5945362448692313 3.9965903759002677 5.7709047198295611 6.8652998730540267 6.0160448253154755 10.382626228034496 3.6500608325004569 5.9991374909877768 5.4398983195424071 3.1835557892918578 31.624699220061302 3.048750564455986 8.2051306441426259 5.7329124957323065 8.7748134732246381 47.869516976177692
leaf_count=281 29 645 64 106 42 26 21 27 27 36 102 62 37 127 26 22 25 38 26 58 17 29 25 20 176 20 98 61 110 464
internal_value=0.000369348 0.00605815 0.0160547 0.0307722 0.0263012 -0.0046185 -0.00533648 -0.0042367 -0.00495213 -0.00409629 -0.00538959 -0.00406771 0.00340274 -0.00703823 -0.00386365 -0.00220447 -0.000803123 -0.0102262 0.00148768 -0.018227 0.00475537 -0.00403357 -0.00245289 -0.00492391 0.000634197 0.0258442 0.0408349 0.0348803 0.0440985 0.0243171
internal_weight=442.827 404.53 208.919 90.7356 62.8228 195.611 190.229 184.124 179.924 173.88 168.328 160.711 45.7233 114.988 89.5732 83.9786 38.5841 18.6522 11.7869 25.4146 118.183 79.982 73.9829 68.543 37.857 6.23231 27.9128 19.7076 13.9747 58.8876
internal_count=2847 2566 1607 945 612 959 930 904 883 856 829 793 228 565 445 419 191 89 51 120 662 397 368 343 216 40 333 235 174 570
is_linear=0
shrinkage=0.05


Tree=30
num_leaves=31
num_cat=0
split_feature=3 3 2 3 0 0 0 0 0 0 3 0 0 0 0 0 0 0 0 0 0 0 3 3 0 0 0 0 0 0
split_gain=58.4372 16.1189 14.9496 2.25631 1.52094 2.36714 1.90314 1.53083 1.29383 1.72819 1.50023 1.22717 2.47345 1.9177 1.23115 1.18675 1.08249 1.91053 1.3979 0.954564 1.28958 1.59382 1.45906 0.916779 0.896864 1.5006 1.8797 1.29535 1.04601 0.956923
threshold=1.0000000180025095e-35 4.5000000000000009 1.0000000180025095e-35 1.5000000000000002 0.06465895846486093 0.062041370198130615 0.020934947766363624 0.070647068321704878 0.019912107847630981 0.020615364424884323 29.500000000000004 0.013045935891568662 0.010310030542314054 0.014063016045838596 0.016331557184457782 0.017724422737956051 0.019022217020392421 0.069785099476575865 0.072238828986883177 0.016558715142309669 0.014469849877059461 0.01505062496289611 12.500000000000002 28.000000000000004 0.069155588746070876 0.066251005977392211 0.063968017697334303 0.40391938388347631 0.063195791095495238 0.061115605756640441
decision_type=2 2 2 2 2 2 2 2 2 2 2 2 2 2 2 2 2 2 2 2 2 2 2 2 2 2 2 2 2 2
left_child=-1 3 24 16 5 6 11 -6 19 -10 23 12 -5 -13 -15 -16 -2 -18 -19 20 -4 -22 -23 -11 25 26 28 -26 29 -3
right_child=1 2 8 4 7 -7 -8 -9 9 10 -12 13 -14 14 15 -17 17 18 -20 -21 21 22 -24 -25 27 -27 -28 -29 -30 -31
leaf_value=-0.059158294880991828 -0.005783340312827602 9.1571900422131151e-05 0.041599366491454362 -0.014190514294655891 0.031143292173966469 -0.040454857554608162 0.022067966302083838 -0.006574620259784396 -0.013546921878211941 0.025895855153626857 0.055750622102742446 -0.039581956494664922 0.035782754090896693 0.014782583624153174 -0.033795020802241865 -0.0030138853798814293 -0.021993044372375301 0.017978018525533056 -0.016451720266518182 0.054758707788728191 -0.013446477394603092 0.055234995088621966 0.0074115157076142333 -0.00046712673270277356 0.010142930726645872 -0.02569102040411779 0.033845289881974133 -0.017784974897738694 -0.017040764397993444 0.019839003870256326
leaf_weight=37.683032512664795 41.578817844390869 60.511583544313908 15.13604018092156 5.0737720727920514 7.2000246867537481 3.9153573364019385 8.0658084005117399 4.2947513684630394 2.8280540630221358 61.958900727331638 4.0778305381536475 4.6495375037193325 4.8362983614206314 6.1287475079298046 4.3622369989752761 11.09731552749872 39.014742434024811 5.9686888605356199 5.8255908191204071 6.090839982032775 2.8191836178302747 3.2402145713567734 3.1408824771642685 3.4831193536519995 57.351704850792885 5.2484830766916266 4.3560373038053504 4.4759560376405707 7.9899440705776206 6.8268478959798804
leaf_count=288 176 326 191 27 37 19 43 21 26 605 45 20 22 31 23 56 161 25 24 77 25 38 37 34 332 27 23 19 39 33
internal_value=0.000375561 0.00596249 0.0137813 -0.00687254 0.000710228 -0.00319245 0.000107334 0.0170509 0.0284057 0.0247676 0.0263262 -0.00479282 0.0101974 -0.0104546 -0.00418139 -0.0116994 -0.0117662 -0.0166622 0.000972014 0.0370564 0.0326259 0.0178629 0.0316955 0.0244927 0.00353996 0.000205065 0.00191073 0.00812112 6.40432e-05 0.00209359
internal_weight=439.23 401.547 249.536 152.012 59.6238 48.1291 44.2137 11.4948 102.775 72.3479 69.5199 36.1479 9.91007 26.2378 21.5883 15.4596 92.3878 50.809 11.7943 30.4272 24.3363 9.20028 6.3811 65.442 146.761 84.9329 79.6844 61.8277 75.3284 67.3384
internal_count=2850 2562 1877 685 299 241 222 58 1078 710 684 179 49 130 110 79 386 210 49 368 291 100 75 639 799 448 421 351 398 359
is_linear=0
shrinkage=0.05


Tree=31
num_leaves=31
num_cat=0
split_feature=3 3 2 0 3 3 2 3 3 3 0 0 3 3 0 0 0 0 0 0 0 0 0 0 0 0 0 0 0 0
split_gain=53.8857 11.9638 11.9511 2.27383 1.90846 2.06767 1.53968 2.22869 1.35371 1.37738 2.38269 2.42301 1.95325 1.20423 1.13438 1.03924 1.01933 0.884992 0.875967 1.51566 1.18847 0.824137 1.54062 0.782965 1.39559 0.760284 1.09355 2.66322 1.16335 1.12349
threshold=1.0000000180025095e-35 7.5000000000000009 1.0000000180025095e-35 0.014469849877059461 10.500000000000002 29.500000000000004 1.0000000180025095e-35 2.5000000000000004 28.000000000000004 19.500000000000004 0.22037933766841891 0.23573490232229236 15.500000000000002 1.5000000000000002 0.010155373718589546 0.065984569489955916 0.01505062496289611 0.019912107847630981 0.065406177192926421 0.061847647652029998 0.020678895525634292 0.019975381903350357 0.017082292586565021 0.013016127515584232 0.016441528685390953 0.010155373718589546 0.016331557184457782 0.013884788379073145 0.017743511125445369 0.011424486991018059
decision_type=2 2 2 2 2 2 2 2 2 2 2 2 2 2 2 2 2 2 2 2 2 2 2 2 2 2 2 2 2 2
left_child=-1 6 23 14 -5 8 13 25 9 10 -6 -12 -13 15 -4 21 -9 -18 19 20 -15 22 -2 -3 -25 -8 27 29 -28 -27
right_child=1 2 3 4 5 -7 7 16 -10 -11 11 12 -14 18 -16 -17 17 -19 -20 -21 -22 -23 -24 24 -26 26 28 -29 -30 -31
leaf_value=-0.058632219815397846 -0.02429151568865472 0.022743101280075978 0.018188537079247478 0.03899174937878102 0.021756657491473957 0.055459042741923217 -0.022937653151826772 -0.0068037198981925357 -0.012122735029066601 0.036264140160351302 -0.042401010591561275 0.039833753011576878 -0.01969606258394483 0.00065486341232734381 0.054370391454002479 0.0034532886948601378 0.042013298753175582 0.014252091862939293 -0.014089480390127571 0.022305850548593038 -0.024242332211324064 -0.030086946713166841 0.0020205828575651638 -0.012234044794234412 0.0045118141464518362 0.01295318950469823 -0.02795319077581794 0.032770121894068853 -0.0034270836405014848 -0.017487799337250528
leaf_weight=35.907560497522354 13.136229708790781 4.9404009580612174 2.7400195822119704 16.943229235708714 32.371173791587353 3.8277244418859473 4.6950868070125571 4.5065333023667362 3.6149488538503638 9.9180481210350973 3.1887512654066068 2.9794665351510048 2.5634858012199402 25.550825566053394 10.345984175801275 6.4426759779453269 3.5861964374780682 14.390941500663756 13.937215119600294 6.6203703433275214 5.9000629335641852 10.48537093400955 9.649993032217024 14.22859840095043 99.074183814227581 4.948225677013399 5.3917172104120246 6.94905762374401 46.821599245071411 7.8231304585933685
leaf_count=286 53 33 35 178 360 44 19 35 35 103 17 29 21 114 140 26 39 120 61 30 26 44 40 73 562 23 26 36 211 34
internal_value=2.717e-05 0.00532513 0.0136584 0.0275548 0.024216 0.0199338 -0.00370254 0.000617921 0.017445 0.0195399 0.0155044 -0.00767474 0.0123026 -0.00837108 0.0467944 -0.0149272 0.0144597 0.0197901 -0.00336472 0.000561421 -0.00401575 -0.0184864 -0.0131483 0.00325846 0.00240886 -0.00344341 -0.00217102 0.00786025 -0.00595973 -0.00569352
internal_weight=433.479 397.571 206.736 88.4928 75.4068 58.4636 190.835 99.1125 54.6359 51.0209 41.1029 8.7317 5.54295 91.7227 13.086 39.7143 22.4837 17.9771 52.0085 38.0713 31.4509 33.2716 22.7862 118.243 113.303 76.6288 71.9337 19.7204 52.2133 12.7714
internal_count=2853 2567 1630 962 787 609 937 543 565 530 427 67 50 394 175 163 194 159 231 170 140 137 93 668 635 349 330 93 237 57
is_linear=0
shrinkage=0.05


Tree=32
num_leaves=31
num_cat=0
split_feature=3 3 2 0 2 0 0 3 3 0 0 0 0 3 0 0 0 3 3 0 3 0 0 3 0 0 3 0 0 3
split_gain=48.4348 11.841 8.64174 2.12402 1.96659 2.14308 4.45447 1.92704 1.65071 1.85697 3.40169 1.6483 2.60522 2.35519 1.64844 1.63822 1.72983 1.22402 2.20176 1.14738 1.1433 1.11343 2.11653 1.76002 1.10454 1.3705 1.0733 1.37575 1.70067 1.23727
threshold=1.0000000180025095e-35 7.5000000000000009 1.0000000180025095e-35 0.020512533374130729 1.0000000180025095e-35 0.0089109009131789225 0.010155373718589546 29.500000000000004 10.500000000000002 0.063629876822233214 0.060224367305636413 0.07252297550439836 0.074742767959833159 11.500000000000002 0.21070312708616259 0.011424486991018059 0.013180983252823355 19.500000000000004 15.500000000000002 0.070796813815832152 2.5000000000000004 0.059228794649243362 0.019773335196077827 1.5000000000000002 0.014921483583748342 0.073012433946132674 29.500000000000004 0.012417749967426063 0.018745350651443008 8.5000000000000018
decision_type=2 2 2 2 2 2 2 2 2 2 2 2 2 2 2 2 2 2 2 2 2 2 2 2 2 2 2 2 2 2
left_child=-1 4 26 -4 15 -6 -7 8 -5 10 -10 19 -13 -14 -15 -2 -17 18 -16 -11 21 22 -8 -24 -22 -26 27 -3 -29 -30
right_child=1 2 3 7 5 6 20 -9 9 11 -12 12 13 14 17 16 -18 -19 -20 -21 24 -23 23 -25 25 -27 -28 28 29 -31
leaf_value=-0.058140645338774111 -0.037542983693802004 0.040117591363733551 0.037016881004390323 0.033305930727118675 0.036533992233802694 -0.052528295073938649 -0.0028814424004359146 0.055204343878349486 0.020206752124605629 0.02242654904722953 -0.047409245765210078 -0.038554771043121612 -0.026082020002345246 0.055389790503785001 0.029859995993982532 0.021937679503152702 -0.0099336431723466914 0.034696500043466506 -0.027479922317718331 0.054874409835128923 -0.018369683093832537 -0.0095513976365844636 0.0067538227833487466 0.049429557685200354 0.023791422930688942 -0.012058298884953246 -0.022531907630686184 -0.006555692294082211 0.028326288617353385 0.0058704178728039751
leaf_weight=33.594902135431767 5.0602307021617881 2.7167546898126593 25.496973417699337 12.702530205249785 3.9142375811934462 4.0498927831649771 33.771949291229248 3.6019852682948104 4.1992244347929946 12.171405762434004 3.3392686992883682 2.6101648882031467 2.8930892497301128 3.1397801116108885 3.3111976534128171 4.4920660406351081 81.488562479615211 4.4515089690685272 3.3862623125314713 3.5101336389780036 2.6090075969696072 28.359771132469177 6.3151994943618757 3.9129652082920074 13.324053920805456 3.3327541947364798 3.6633717864751807 28.134215161204338 6.647518426179885 79.410891599953175
leaf_count=279 22 22 334 129 22 17 161 43 45 142 30 24 24 36 28 19 350 44 25 44 23 121 26 25 127 22 17 148 37 457
internal_value=-0.000499707 0.00439009 0.0127196 0.0249482 -0.00458413 0.000271448 -0.00121211 0.0197605 0.017469 0.012792 -0.00974459 0.0175812 0.00798756 0.015058 0.0233877 -0.00989566 -0.00826852 0.0143753 0.000868706 0.0296896 0.00105609 -0.00182587 0.00315354 0.0230802 0.0118803 0.0166185 0.0041177 0.00495277 0.00411616 0.00760501
internal_weight=429.612 396.017 205.386 84.8135 190.631 99.5898 95.6756 59.3166 55.7146 43.012 7.53849 35.4735 19.792 17.1818 14.2887 91.0409 85.9806 11.149 6.69746 15.6815 91.6257 72.3599 44.0001 10.2282 19.2658 16.6568 120.573 116.909 114.193 86.0584
internal_count=2843 2564 1629 948 935 544 522 614 571 442 75 367 181 157 133 391 369 97 53 186 505 333 212 51 172 149 681 664 642 494
is_linear=0
shrinkage=0.05


Tree=33
num_leaves=31
num_cat=0
split_feature=3 3 2 3 0 3 0 2 0 3 3 3 0 0 0 0 3 0 0 0 3 3 0 0 0 0 3 0 3 0
split_gain=49.0317 13.7902 10.6081 2.61715 3.18616 1.6133 1.48339 1.48213 1.09348 2.412 1.29681 1.87079 1.06562 2.0308 1.66045 1.02 1.23295 1.01346 0.93659 3.30225 1.08561 3.12967 0.873041 0.964217 1.4303 1.24076 1.18264 1.14071 1.05386 0.837065
threshold=1.0000000180025095e-35 2.5000000000000004 1.0000000180025095e-35 7.5000000000000009 0.020512533374130729 29.500000000000004 0.073012433946132674 1.0000000180025095e-35 0.063277509063482298 13.500000000000002 11.500000000000002 10.500000000000002 0.017805567942559723 0.014843435958027841 0.070647068321704878 0.011630491819232704 11.500000000000002 0.067683413624763503 0.22931337356567386 0.22382622212171557 15.500000000000002 19.500000000000004 0.20477086305618289 0.072267085313797011 0.070796813815832152 0.074742767959833159 19.500000000000004 0.16935998946428302 12.500000000000002 0.42452575266361242
decision_type=2 2 2 2 2 2 2 2 2 2 2 2 2 2 2 2 2 2 2 2 2 2 2 2 2 2 2 2 2 2
left_child=-1 7 29 6 15 8 -4 12 9 10 11 -6 13 -2 -14 16 -5 -10 19 22 -20 -22 23 24 26 -25 28 -27 -19 -3
right_child=1 2 3 4 5 -7 -8 -9 17 -11 -12 -13 14 -15 -16 -17 -18 18 20 -21 21 -23 -24 25 -26 27 -28 -29 -30 -31
leaf_value=-0.057680843440443753 -0.020365937157053829 0.0048220626869635262 0.015113937262260062 0.039870028742400331 0.036914567908577028 0.054849482120573827 -0.019998019237308165 -0.0025846154134369741 0.04116161241734468 -0.035047046792055538 0.05546293058637021 -0.02340260775665778 -0.023823510323876466 0.0088078434187080033 0.0053223221660350121 0.04925765302782531 -0.015144936243992883 0.034673287359453582 0.055981699002948561 -0.02360285662282112 -0.020194802237400923 0.055394238505764096 0.040133033948378916 -0.014004707022303463 0.054385257726538884 0.05502094946898746 0.054914687826090519 -0.0024146245786033889 -0.0054809264682785311 -0.018387497152962867
leaf_weight=32.897313572466373 11.364584252238275 152.26008521020412 18.630346521735195 3.472118683159354 2.6317760273814184 3.6331576257944098 3.5872392654418936 77.186192899942398 7.0273255184292784 2.6891366839408875 1.9356067404150961 2.5130930617451668 28.374485060572624 12.555332750082014 5.9033522307872763 19.24833607673645 1.4411086067557333 2.4447921067476361 3.5967155396938306 4.4223910272121421 2.5328753367066383 2.9810398295521736 5.8540615662932387 4.2044628486037245 3.4083474427461615 1.7364916205406191 1.6286051124334333 1.7214820757508276 4.9273691326379776 3.9864796847105017
leaf_count=285 46 826 170 48 28 46 23 353 83 23 22 26 119 52 24 262 20 29 38 24 20 34 57 38 46 21 20 19 56 17
internal_value=0.000984113 0.00583439 0.012519 0.0247065 0.0287408 0.0225574 0.00944478 -0.0071273 0.0204719 0.00526593 0.0205766 0.00745168 -0.0131521 -0.0050529 -0.018804 0.0440673 0.0237335 0.0236676 0.0205521 0.0163314 0.0346114 0.0206716 0.0231434 0.0181882 0.0267997 0.00424205 0.0163538 0.0264278 0.00783521 0.00422989
internal_weight=430.796 397.898 262.514 106.268 84.0503 59.8887 22.2176 135.384 56.2556 9.76961 7.08048 5.14487 58.1978 23.9199 34.2778 24.1616 4.91323 46.486 39.4586 30.348 9.11063 5.51392 25.9256 20.0716 12.4091 7.66244 9.00077 3.45797 7.37216 156.247
internal_count=2875 2590 1996 1153 960 630 193 594 584 99 76 54 241 98 143 330 68 485 402 310 92 54 286 229 151 78 105 40 85 843
is_linear=0
shrinkage=0.05


Tree=34
num_leaves=31
num_cat=0
split_feature=3 3 2 0 0 0 3 3 0 0 0 0 3 3 3 0 0 0 0 0 0 0 3 0 0 0 3 0 3 3
split_gain=42.8186 11.976 9.3651 1.98425 3.34322 1.98573 1.87664 1.57643 1.33199 4.41374 1.12553 2.39854 1.7816 2.4194 1.0733 1.04268 1.1681 3.8261 1.00778 1.87697 2.10219 1.68018 1.38907 1.26908 1.07637 1.66151 0.993382 0.939168 0.906111 1.83148
threshold=1.0000000180025095e-35 4.5000000000000009 1.0000000180025095e-35 0.014469849877059461 0.01505062496289611 0.019912107847630981 29.500000000000004 12.500000000000002 0.0089109009131789225 0.010077058337628843 0.064849406480789198 0.067683413624763503 13.500000000000002 9.5000000000000018 1.5000000000000002 0.070796813815832152 0.014388924930244686 0.013045935891568662 0.2080323398113251 0.073521811515092864 0.072267085313797011 0.070796813815832152 18.500000000000004 0.069887049496173873 0.22931337356567386 0.25223581492900854 16.500000000000004 0.22382622212171557 11.500000000000002 10.500000000000002
decision_type=2 2 2 2 2 2 2 2 2 2 2 2 2 2 2 2 2 2 2 2 2 2 2 2 2 2 2 2 2 2
left_child=-1 8 -3 -4 -5 7 10 -6 -2 -10 12 -12 13 -7 -11 16 17 -16 19 20 21 22 23 -13 27 -26 -27 -20 29 -15
right_child=1 2 3 4 5 6 -8 -9 9 14 11 18 -14 28 15 -17 -18 -19 24 -21 -22 -23 -24 -25 25 26 -28 -29 -30 -31
leaf_value=-0.057250339725739119 0.019937573047723853 0.002109290496244759 0.039806647004836382 -0.035328278135880263 0.054211922653430444 -0.01274694621662135 0.054617395346532593 0.014418963729647231 -0.072427282238589921 -0.010821086955936525 0.054354843445392632 0.016087408440583508 -0.022334046982388084 0.055607588101256968 0.012816036770452009 -0.022602990782015813 0.0036391001835957715 -0.048496342170325862 0.011795247456669997 0.047267886305457342 -0.012772436793440652 0.054336233739015166 0.054834966134406249 -0.032488756626268989 0.043672025331276641 0.02151836095454512 -0.021523562411112064 -0.020925201119740694 0.0552803173657491 -0.0034274670343900551
leaf_weight=31.632840767502785 4.248174473643302 142.53226204961538 13.873978435993193 2.7024217024445525 7.3832469433546049 5.0392986610531834 3.3327414542436591 3.7544996216893196 2.6484673470258704 87.386893197894096 4.6269499361515036 6.3789025098085457 4.3690955713391295 2.1623350456356984 5.5835622102022153 5.6136018112301818 43.322415009140968 4.6748642921447754 4.258892700076105 6.0388867408037177 4.9358981847763053 3.6500101238489142 1.7627469822764386 1.7036664336919782 4.0075903311371786 2.8314021229743958 2.5458367094397545 4.5210638493299484 2.6586108580231667 3.3478541299700737
leaf_count=286 23 782 198 25 104 49 44 51 11 366 63 74 38 24 26 27 221 20 35 70 42 50 22 19 43 28 25 24 31 34
internal_value=-0.00129245 0.00322432 0.0102372 0.0223191 0.0193607 0.0212242 0.0180263 0.0407978 -0.00766969 -0.00845559 0.0161455 0.020163 0.00534335 0.0144987 -0.00729974 -0.00210128 4.66571e-05 -0.0151246 0.0164523 0.0230755 0.015149 0.0253612 0.0146192 0.00584839 0.00753005 0.0193026 0.0011403 -0.0050535 0.0313065 0.0197394
internal_weight=423.529 391.896 238.418 95.8859 82.012 79.3095 68.1718 11.1377 153.478 149.23 64.839 47.2618 17.5772 13.2081 146.581 59.1944 53.5808 10.2584 42.6349 24.4701 18.4312 13.4953 9.84532 8.08257 18.1648 9.38483 5.37724 8.77996 8.1688 5.51019
internal_count=2855 2569 1875 1093 895 870 715 155 694 671 671 495 176 138 660 294 267 46 432 277 207 165 115 93 155 96 53 59 89 58
is_linear=0
shrinkage=0.05


Tree=35
num_leaves=31
num_cat=0
split_feature=3 3 2 0 3 0 0 0 0 0 3 0 0 3 3 2 0 0 0 0 0 0 0 0 3 3 0 0 0 0
split_gain=41.8219 8.83619 7.52651 2.17174 2.16812 1.87645 3.09646 1.54496 2.22677 1.61527 1.44887 2.78444 1.50846 1.43392 1.57055 1.16562 1.81538 2.57302 1.32823 2.03909 1.30111 1.19569 1.04917 1.18201 1.02048 1.94478 0.961743 2.44694 1.17157 1.01924
threshold=1.0000000180025095e-35 4.5000000000000009 1.0000000180025095e-35 0.057671509683132179 29.500000000000004 0.064849406480789198 0.067683413624763503 0.24861386418342593 0.073063034564256682 0.19420886039733889 11.500000000000002 0.2284648343920708 0.21070312708616259 28.000000000000004 26.500000000000004 1.0000000180025095e-35 0.0093518267385661619 0.010155373718589546 0.072238828986883177 0.069628302007913603 0.067192967981100096 0.063759762793779387 0.072047267109155669 0.069985084235668196 13.500000000000002 8.5000000000000018 0.22037933766841891 0.22666641324758532 0.073521811515092864 0.072267085313797011
decision_type=2 2 2 2 2 2 2 2 2 2 2 2 2 2 2 2 2 2 2 2 2 2 2 2 2 2 2 2 2 2
left_child=-1 15 7 -4 5 24 -7 8 22 -10 -11 12 -12 14 26 -2 -17 -18 19 20 21 -19 23 -3 25 -5 28 -28 29 -8
right_child=1 2 3 4 -6 6 13 -9 9 10 11 -13 -14 -15 -16 16 17 18 -20 -21 -22 -23 -24 -25 -26 -27 27 -29 -30 -31
leaf_value=-0.056846915041369378 -0.010688725372308715 -1.1292175044585563e-05 0.030741410470666336 -0.034267994448953731 0.054418889448694496 0.054126205571878132 0.018029825539948488 -0.014481053048686519 0.047408680955492354 -0.001910336815754957 0.026789619417399071 0.045605208251254747 -0.014283832676671084 -0.024511460097213906 0.055262822226764777 0.032904919237480276 -0.043542549152941562 -0.0026133948445148714 -0.025592419767682197 0.027749836943412921 -0.024504953153950113 0.019524109202945825 -0.026696825498264933 0.025339849269534261 -0.028954667515110357 0.023106340490205379 -0.026591474006699808 0.016108786206740219 0.035428537640349943 -0.012516788472306251
leaf_weight=30.933840155601501 68.635804399847984 91.599813140928745 33.338448211550713 2.1859023943543416 3.2876677550375453 4.9832335337996474 12.188738837838175 12.49114654958248 3.540179759263995 11.60025203227997 3.909201577305792 6.7777729034423819 5.2207325845956802 2.4667551368474951 2.2592893391847602 3.5860298722982398 3.8128675371408454 52.019959844648838 5.304311901330947 6.1959093213081351 5.9746368974447241 6.9098092690110198 3.4765617549419394 4.8409870564937583 3.4445832520723343 4.5541971921920776 4.8727286309003821 10.772164918482302 7.2997671365737906 3.5192607119679442
leaf_count=292 285 490 445 20 45 71 151 62 24 65 22 48 33 26 27 20 16 254 24 30 27 32 16 27 29 48 29 103 82 29
internal_value=-0.000880975 0.00354597 0.00955304 0.0204551 0.0149092 0.0126905 0.0167983 0.00232034 0.00392281 0.0156187 0.0115274 0.0213265 0.00330276 0.0125102 0.0147424 -0.00585752 -0.00190073 -0.00345667 -0.00145624 0.000344393 -0.00227179 -1.76621e-05 0.000288462 0.00126125 -0.00681537 0.00449909 0.0123739 0.00280944 0.0188776 0.0111861
internal_weight=422.003 391.069 238.629 95.1727 61.8343 58.5466 48.3619 143.457 130.966 31.0481 27.508 15.9077 9.12993 43.3787 40.9119 152.439 83.8035 80.2175 76.4046 71.1003 64.9044 58.9298 99.9174 96.4408 10.1847 6.7401 38.6527 15.6449 23.0078 15.708
internal_count=2872 2580 1892 1105 660 615 518 787 725 192 168 103 55 447 421 688 403 383 367 343 313 286 533 517 97 68 394 132 262 180
is_linear=0
shrinkage=0.05


Tree=36
num_leaves=31
num_cat=0
split_feature=3 3 2 0 0 0 0 0 2 3 3 0 3 0 0 3 3 0 0 0 0 0 3 3 0 0 0 0 0 0
split_gain=39.6255 9.62524 8.14757 2.38496 2.33738 2.21434 2.74887 1.67336 1.63544 1.46277 1.71166 2.15624 1.0801 1.04733 1.46021 0.88056 2.07382 0.864891 1.91636 0.989799 1.10964 1.66393 1.25161 2.56963 1.80187 3.54539 1.66394 1.09574 1.02717 0.995134
threshold=1.0000000180025095e-35 7.5000000000000009 1.0000000180025095e-35 0.2080323398113251 0.073132771998643889 0.018871597945690158 0.017724422737956051 0.019773335196077827 1.0000000180025095e-35 12.500000000000002 17.500000000000004 0.22382622212171557 6.5000000000000009 0.070796813815832152 0.067927919328212752 29.500000000000004 28.000000000000004 0.22997444868087771 0.24861386418342593 0.01282037701457739 0.017963821999728683 0.019912107847630981 18.500000000000004 14.500000000000002 0.062041370198130615 0.063759762793779387 0.069628302007913603 0.066575963050127043 0.016661843284964565 0.018745350651443008
decision_type=2 2 2 2 2 2 2 2 2 2 2 2 2 2 2 2 2 2 2 2 2 2 2 2 2 2 2 2 2 2
left_child=-1 3 17 4 5 6 12 -7 -9 -4 11 13 -2 14 -11 16 -12 19 -19 -3 28 29 23 24 -23 -26 27 -27 -21 -22
right_child=1 2 9 -5 -6 7 -8 8 -10 10 15 -13 -14 -15 -16 -17 -18 18 -20 20 21 22 -24 -25 25 26 -28 -29 -30 -31
leaf_value=-0.056468543308804443 -0.0025940467924834851 0.025679100824484276 0.032256033739378458 -0.036031406395597321 0.03523957786188818 -0.025960598810004822 0.028325929417459619 -0.013347989031027532 3.3686452547729239e-05 0.018222534132477982 0.033755695281861751 -0.020565377826722513 0.020304563322255175 0.041073517978759501 -0.023483968953552776 0.054128286180586842 -0.0077211531548516954 0.033525947494907858 0.00032982730482045136 -0.0026532039106222367 0.010345521730244951 0.019266002063483306 0.012494251277258556 -0.043209401061899813 -0.045634843438554853 0.0050407253687529581 -0.0084418099978184075 0.037197092289020732 -0.027234909659475934 0.046717884216219703
leaf_weight=29.008770853281021 64.141542606055737 4.1551004275679579 34.056018512696028 5.580202490091323 3.9408766925334922 12.091845408082007 9.1972948014736158 42.585759028792381 49.223986148834229 12.164151895791298 13.776500564068561 4.8415397182106963 5.599292427301406 3.6130283474922171 2.5362672358751288 2.9659566991031161 3.8575530648231497 7.2721835821867016 10.810116589069365 16.149050951004032 4.4640169888734809 9.7292263209819776 17.658623963594437 3.6823261082172385 4.6644153892993918 8.0272295027971285 17.824966683983803 3.9541486352682105 5.7674235403537741 3.2493553012609482
leaf_count=286 302 30 421 26 22 56 46 183 271 155 170 37 41 47 29 43 38 50 56 83 25 54 100 21 22 43 106 26 31 21
internal_value=-0.000102223 0.00411656 0.0119381 -0.0038212 -0.00285889 -0.00368006 0.00263278 -0.00847617 -0.00617338 0.0244854 0.0184373 0.00910956 -0.000755583 0.0169547 0.0110269 0.028922 0.0246824 0.00362249 0.0136804 0.00179145 0.000748529 0.00370163 0.00111647 -0.00307957 0.000263673 -0.00509965 0.00124373 0.0156531 -0.009122 0.0256678
internal_weight=416.589 387.58 195.219 192.361 186.781 182.84 78.9381 103.902 91.8097 77.811 43.755 23.155 69.7408 18.3134 14.7004 20.6 17.6341 117.408 18.0823 99.3259 95.1708 73.2543 65.5409 47.8823 44.2 34.4708 29.8063 11.9814 21.9165 7.71337
internal_count=2841 2555 1608 947 921 899 389 510 454 940 519 268 343 231 184 251 208 668 106 562 532 418 372 272 251 197 175 69 114 46
is_linear=0
shrinkage=0.05


Tree=37
num_leaves=31
num_cat=0
split_feature=3 3 2 0 2 3 3 0 0 0 3 0 0 0 0 0 0 0 0 0 3 0 0 0 0 3 0 0 0 0
split_gain=38.385 8.22765 7.84943 2.43669 2.18421 1.58361 1.9573 1.66342 1.34792 1.83766 3.27737 1.2309 3.62034 1.15197 1.37216 1.93799 2.36206 1.04243 0.991209 0.96052 0.941424 1.14839 1.01405 3.76863 1.99564 1.31422 0.927865 0.903038 0.902108 1.21747
threshold=1.0000000180025095e-35 7.5000000000000009 1.0000000180025095e-35 0.42452575266361242 1.0000000180025095e-35 19.500000000000004 14.500000000000002 0.069368168711662306 0.2284648343920708 0.24861386418342593 11.500000000000002 0.0089109009131789225 0.010155373718589546 0.24178089201450351 0.22382622212171557 0.070796813815832152 0.014921483583748342 0.061933303251862533 0.067683413624763503 0.070391923189163222 26.500000000000004 0.22346362471580508 0.073063034564256682 0.071710307151079192 0.069860793650150313 11.500000000000002 0.012463219463825228 0.26739247143268591 0.019022217020392421 0.017082292586565021
decision_type=2 2 2 2 2 2 2 2 2 2 2 2 2 2 2 2 2 2 2 2 2 2 2 2 2 2 2 2 2 2
left_child=-1 4 8 5 26 6 7 -4 20 10 -10 -6 -13 14 15 16 -8 -18 -19 -9 21 22 23 24 -3 -24 -2 -11 29 -28
right_child=1 2 3 -5 11 -7 13 19 9 27 -12 12 -14 -15 -16 -17 17 18 -20 -21 -22 -23 25 -25 -26 -27 28 -29 -30 -31
leaf_value=-0.056113398434097274 -0.0262967554256213 0.0022050413365085368 0.034451914173471723 -0.036653503613343019 0.030764930489949428 0.039530352873626606 0.053468108467188462 -0.017618029246043786 -0.0036113310497109894 -0.017933580655900529 0.051913664841235177 -0.045169083744798194 0.0030524973306392351 0.037439896390964039 -0.040400700150126131 0.054992521668910992 -0.040535062618452002 0.028049465326816236 -0.020045945144322175 0.018900052252462538 -0.015224356087925918 -0.023636577544656753 0.0015421564521238985 -0.046835027414272812 0.03836388205138927 0.039560069154674249 -0.0074063532994435542 0.011076758859923957 -0.011168808525717687 0.013190773131959058
leaf_weight=28.249603472650051 6.836712345480918 63.568262480199337 27.469903510063887 1.6119727790355671 3.6084590107202521 15.787643998861311 1.5163192078471164 2.0643697232008007 4.5165946036577242 4.220236733555792 6.4568584635853767 4.0634693503379813 92.400538332760334 2.3961738869547835 1.8294915184378613 1.722080923616885 2.5919850692152977 1.795299559831619 2.656303234398365 14.095606014132498 8.3691789507865888 4.0464434623718253 4.8523080646991712 3.7941053211688986 4.0595571994781485 4.2766609489917755 21.634654298424721 7.3620142489671707 53.0253976136446 10.733884811401365
leaf_count=291 30 355 381 17 22 201 25 25 28 24 48 17 518 20 10 22 30 22 31 147 44 25 30 18 25 27 93 36 227 46
internal_value=0.000134375 0.00427922 0.0116279 0.024161 -0.00302198 0.0254871 0.0216736 0.0269638 0.00343288 0.0143978 0.02906 0.00209371 0.0010212 0.00576378 -0.000503129 0.00659591 -0.00314051 -0.015327 -0.00064941 0.014235 0.000772564 0.00235513 0.00366082 0.00165515 0.00437558 0.0193525 -0.00857263 0.000506232 -0.00715362 -0.000576042
internal_weight=411.612 383.362 191.059 75.5371 192.303 73.9252 58.1375 43.6299 115.522 22.5557 10.9735 100.072 96.464 14.5077 12.1115 10.282 8.55991 7.04359 4.4516 16.16 92.9665 84.5973 80.5509 71.4219 67.6278 9.12897 92.2306 11.5823 85.3939 32.3685
internal_count=2835 2544 1591 931 953 914 713 553 660 136 76 557 535 160 140 130 108 83 53 172 524 480 455 398 380 57 396 60 366 139
is_linear=0
shrinkage=0.05


Tree=38
num_leaves=31
num_cat=0
split_feature=3 3 2 1 0 0 0 0 2 0 0 0 0 0 0 3 0 0 0 3 0 0 0 0 3 0 0 0 3 3
split_gain=36.4213 10.3402 6.92541 3.58751 3.72081 1.2518 1.65003 2.59411 1.48171 1.33948 1.02086 1.01519 1.05533 4.27705 1.38509 1.37424 1.22568 1.30273 1.21289 1.11303 0.906241 1.73121 1.08817 1.29836 1.17701 0.846314 0.775919 1.43788 0.767116 1.08698
threshold=1.0000000180025095e-35 1.5000000000000002 1.0000000180025095e-35 1.0000000180025095e-35 0.072267085313797011 0.020166392438113693 0.011762528680264952 0.014469849877059461 1.0000000180025095e-35 0.065984569489955916 0.01841287408024073 0.070391923189163222 0.014553235843777658 0.01505062496289611 0.019912107847630981 14.500000000000002 0.064849406480789198 0.069887049496173873 0.011630491819232704 10.500000000000002 0.22931337356567386 0.22382622212171557 0.074742767959833159 0.1960060000419617 11.500000000000002 0.010310030542314054 0.25223581492900854 0.26739247143268591 11.500000000000002 16.500000000000004
decision_type=2 2 2 2 2 2 2 2 2 2 2 2 2 2 2 2 2 2 2 2 2 2 2 2 2 2 2 2 2 2
left_child=-1 5 28 25 11 6 -2 -8 9 -7 -9 12 18 -14 15 -15 -16 -18 19 -5 21 22 -6 -24 -25 -4 -22 -28 -3 -30
right_child=1 2 3 4 20 8 7 10 -10 -11 -12 -13 13 14 16 -17 17 -19 -20 -21 26 -23 23 24 -26 -27 27 -29 29 -31
leaf_value=-0.055779799079649167 -0.023484756913172325 -0.00011054659015541256 -0.014534859549419446 0.053866655578940117 -0.0043155085300504792 -0.040857459690561933 0.026397147029974484 -0.013234833284012036 -0.0089716809280934173 -0.011480868921136277 0.0049554589313811548 0.053956222548034574 -0.048209658553057512 0.053782926665486855 0.013904781579675972 0.0095454000055730619 0.038970295367859856 -0.0098721626005511959 0.053857942435048059 0.0030301516292613657 0.040993411731739288 -0.022707330939837903 0.054666922299830271 -0.0058664230057577683 0.037261538452895732 0.0078339012335529919 -0.025383619142636912 0.029082655446435918 0.01455939340498974 0.0015272324840171685
leaf_weight=26.656967185437679 9.5658673048019391 102.55285342037678 4.894534319639205 1.6925491690635661 6.470654256641871 9.2473936378955823 7.3842260539531699 20.520935013890266 24.68509866297245 6.6859281957149497 12.358015328645704 4.3221664093434802 1.9009543806314457 8.1696831174194795 16.555715911090378 2.2360856160521498 12.953076668083664 1.5260526202619082 7.7075472213327885 2.9591405242681503 3.3922917097806913 4.9423347711563101 2.3334546089172346 3.9792014509439468 2.6259810402989388 31.074895948171616 1.841033801436424 3.5449514165520668 26.82107662409544 39.659680478274822
leaf_count=287 40 506 27 26 61 40 31 87 102 27 52 65 18 127 178 31 179 17 123 46 39 26 31 41 29 170 20 34 172 222
internal_value=0.000738675 0.00465599 0.00920206 0.0181192 0.0234969 -0.0101289 -0.0048181 -0.000383204 -0.016644 -0.0285305 -0.00639776 0.0306128 0.0288015 0.0251263 0.0284903 0.0442768 0.0231973 0.0338225 0.0416896 0.0215274 0.00883429 0.0030423 0.0113012 0.022606 0.0112797 0.00479008 0.0222625 0.010465 0.00260144 0.00678494
internal_weight=411.26 384.603 294.156 125.122 89.1529 90.4475 49.829 40.2632 40.6184 15.9333 32.879 60.023 55.7008 43.3416 41.4406 10.4058 31.0348 14.4791 12.3592 4.65169 29.1299 20.3516 15.4093 8.93864 6.60518 35.9694 8.77828 5.38599 169.034 66.4808
internal_count=2854 2567 2188 1288 1091 379 210 170 169 67 139 810 745 550 532 158 374 196 195 72 281 188 162 101 70 197 93 54 900 394
is_linear=0
shrinkage=0.05


Tree=39
num_leaves=31
num_cat=0
split_feature=3 3 2 0 3 0 0 3 2 3 0 0 0 0 0 0 3 0 0 0 0 0 0 0 0 0 0 0 0 0
split_gain=34.7803 6.21783 6.64416 1.99467 1.77264 2.00842 1.76019 1.5162 1.40788 1.61462 1.19063 2.55063 1.79683 1.27832 1.35926 2.20603 1.18919 1.55568 1.6887 1.60198 1.69085 1.11258 1.34733 1.42834 1.01864 0.975257 1.46345 1.53832 0.970461 0.945
threshold=1.0000000180025095e-35 7.5000000000000009 1.0000000180025095e-35 0.020512533374130729 16.500000000000004 0.22997444868087771 0.24623500555753711 29.500000000000004 1.0000000180025095e-35 1.5000000000000002 0.018291921354830269 0.017082292586565021 0.015837876126170162 0.014962770044803621 0.013688349630683662 0.011424486991018059 15.500000000000002 0.26472581923007971 0.24178089201450351 0.21070312708616259 0.063483141362667098 0.015093456488102676 0.014469849877059461 0.011630491819232704 0.013884788379073145 0.016661843284964565 0.017963821999728683 0.018473540432751182 0.01505062496289611 0.020127423107624057
decision_type=2 2 2 2 2 2 2 2 2 2 2 2 2 2 2 2 2 2 2 2 2 2 2 2 2 2 2 2 2 2
left_child=-1 8 4 21 5 25 -7 16 10 24 11 12 13 14 15 -2 -5 18 19 20 -18 22 23 -4 -10 -3 -27 -28 -24 -11
right_child=1 2 3 7 -6 6 -8 -9 9 29 -12 -13 -14 -15 -16 -17 17 -19 -20 -21 -22 -23 28 -25 -26 26 27 -29 -30 -31
leaf_value=-0.055466230067821323 -0.015869991376144647 0.019983984305354724 0.014167422121176373 0.022821648562092452 -0.0042147614703611008 0.060561728947179261 0.0095448887893230874 0.053732556696117123 -0.018389666370641013 0.0025835420906682579 -0.010128432591836972 0.028104693888502914 -0.02832867455549213 0.025052251392787168 -0.021438715788605813 0.029033436941423265 -0.024779477460675655 -0.032394705167883182 0.055400354703120075 -0.028486056308038046 0.021205272442572684 0.053589958878962556 -0.02174604295323114 0.053112942503864648 -1.4259510927722514e-05 -0.019298811599115871 0.038061101209354138 0.0040178779838946103 0.028381870737136078 0.01650302758858593
leaf_weight=25.318935066461563 5.4686485677957624 10.725979566574095 3.8040972538292426 28.265632554888725 41.443050995469093 3.3261580020189276 3.4386213272809982 2.8320973776280871 9.4007440805435163 25.281974315643311 57.990885257720947 7.1820303052663794 6.5023049265146247 4.5897775292396537 7.1545509546995154 5.4722398817539215 2.4071691557765105 2.2260490953922263 1.9870588779449452 2.7188524752855292 11.789696812629698 6.5409056954085818 1.9177985787391654 6.1771703325212002 38.144310027360916 6.2429298758506766 3.5553530305623999 49.785421177744865 1.944445364177227 23.552895873785019
leaf_count=285 24 61 61 331 233 24 19 45 40 166 248 31 28 20 31 23 20 21 24 20 149 107 19 112 161 33 20 290 28 164
internal_value=0.00128477 0.00504752 0.0114212 0.0233314 0.00412433 0.00860828 0.0346292 0.018154 -0.00133914 0.0029113 -0.00568055 0.00141155 -0.0051567 0.00148513 -0.00449251 0.00658909 0.0161141 0.00714084 0.0117967 0.00667462 0.0134083 0.0365962 0.0285668 0.0382699 -0.0036475 0.00610469 0.00360621 0.00628698 0.00349084 0.00929686
internal_weight=407.188 381.869 191.128 72.611 118.518 77.0745 6.76478 52.2266 190.74 96.3799 94.3604 36.3696 29.1875 22.6852 18.0954 10.9409 49.3945 21.1288 18.9028 16.9157 14.1969 20.3844 13.8435 9.98127 47.5451 70.3097 59.5837 53.3408 3.86224 48.8349
internal_count=2838 2553 1617 937 680 447 43 610 936 531 405 157 126 98 78 47 565 234 213 189 169 327 220 173 201 404 343 310 47 330
is_linear=0
shrinkage=0.05


Tree=40
num_leaves=31
num_cat=0
split_feature=3 2 3 0 0 3 0 0 0 0 0 0 0 3 0 0 0 0 0 0 3 0 3 0 0 0 0 0 3 0
split_gain=32.0168 6.93534 7.03465 2.82745 2.16257 1.94091 1.85419 1.20608 4.3121 1.12277 1.08343 1.14249 2.20443 1.78514 1.70253 0.999893 3.91497 1.54708 2.02204 1.81642 1.64856 1.18755 0.98486 1.06133 1.09652 0.97171 1.47233 0.927632 1.08425 1.41892
threshold=1.0000000180025095e-35 1.0000000180025095e-35 7.5000000000000009 0.42452575266361242 0.073012433946132674 1.5000000000000002 0.071858659386634841 0.0089109009131789225 0.010155373718589546 0.011424486991018059 0.012417749967426063 0.014388924930244686 0.013688349630683662 9.5000000000000018 0.016608297824859623 0.015223377849906685 0.016331557184457782 0.017743511125445369 0.018871597945690158 0.019975381903350357 2.5000000000000004 0.062041370198130615 29.500000000000004 0.26608741283416754 0.020512533374130729 0.070647068321704878 0.060366710647940643 0.063629876822233214 10.500000000000002 0.057671509683132179
decision_type=2 2 2 2 2 2 2 2 2 2 2 2 2 2 2 2 2 2 2 2 2 2 2 2 2 2 2 2 2 2
left_child=-1 5 4 22 6 25 7 -3 -9 -10 -7 12 13 -12 -13 -11 -17 -18 -19 -20 21 -21 23 24 -4 26 -2 28 -26 -30
right_child=1 2 3 -5 -6 10 -8 8 9 15 11 14 -14 -15 -16 16 17 18 19 20 -22 -23 -24 -25 27 -27 -28 -29 29 -31
leaf_value=-0.055171293831899421 -0.010742949072325467 0.0304820701822162 0.032250278944293373 -0.045727650309988342 -0.034045660296454498 0.021356200376231149 0.031412794953346534 -0.051978520903934469 0.027534891161791294 -0.010318837798891086 0.024923319170546895 0.018804217454219053 -0.0395888491025434 -0.016204550338700666 -0.0011367090316013572 0.052180198288460627 -0.022314995439997726 0.040499566366119497 -0.020454155800305057 0.014759263883824848 0.02587987917173315 -0.0059126174771267853 0.053511658021804936 0.056793747584857661 0.033625531999792346 0.0080250388739662431 -0.03818748554985623 0.021571665743516315 0.021272004687780746 -0.023742811388632913
leaf_weight=24.804227381944656 31.557475492358208 3.5739792734384528 18.726166754961014 1.4641879051923741 3.9260920584201804 5.6377333402633658 5.7215648144483557 3.6963150501251212 4.4947472736239424 13.872900649905203 4.2305781245231646 11.666158288717268 5.4027299284934989 7.0104568004608154 129.78019539266825 4.0304959267377845 6.2331591546535483 3.5447628796100608 7.9582491070032111 10.154387235641478 8.0796160101890546 21.999317452311516 2.8038719817996016 2.2785594388842574 2.3459517136216146 5.2268530428409568 5.7823277562856665 35.829397849738598 2.9462829902768135 4.3136286288499832
leaf_count=292 131 22 313 15 23 37 30 15 23 76 19 58 27 35 697 28 32 23 44 50 82 94 47 23 29 21 25 428 36 40
internal_value=-0.000158668 0.00348704 0.0110292 0.0230307 0.00230647 -0.00265487 0.0038352 0.00203476 0.00082532 0.0032539 -0.000181996 -0.000950081 -0.0133413 -0.000726023 0.000507971 0.00181549 0.00453062 0.00121765 0.00405284 0.00137198 0.00568924 0.000615722 0.0244846 0.0232597 0.0220688 -0.0121665 -0.0149929 0.0178724 0.00407455 -0.00547449
internal_weight=399.092 374.288 167.994 70.708 97.2856 206.295 93.3595 87.6379 84.064 80.3676 163.728 158.09 16.6438 11.241 141.446 75.8729 62 57.9695 51.7363 48.1916 40.2333 32.1537 69.2439 66.44 64.1614 42.5667 37.3398 45.4353 9.60586 7.25991
internal_count=2815 2523 1473 931 542 1050 519 489 467 452 873 836 81 54 755 429 353 325 293 270 226 144 916 869 846 177 156 533 105 76
is_linear=0
shrinkage=0.05


Tree=41
num_leaves=31
num_cat=0
split_feature=3 2 3 0 0 3 3 0 3 0 0 0 0 3 3 0 0 0 0 0 0 0 0 3 0 0 3 0 0 0
split_gain=31.1171 6.30351 7.96079 3.40838 2.51942 1.91765 1.78115 1.5823 1.38773 1.71668 2.88321 2.06203 2.46197 1.83641 1.4373 1.29476 1.24837 1.22384 3.55131 1.7874 0.99405 1.28292 2.44767 0.988968 1.52005 1.43311 1.01628 0.983621 0.92724 1.92498
threshold=1.0000000180025095e-35 1.0000000180025095e-35 7.5000000000000009 0.011424486991018059 0.012367851100862028 1.5000000000000002 10.500000000000002 0.073012433946132674 19.500000000000004 0.021257515996694568 0.063277509063482298 0.1960060000419617 0.23573490232229236 15.500000000000002 11.500000000000002 0.016721292398869995 0.22382622212171557 0.0089109009131789225 0.010155373718589546 0.011344788130372764 0.011530827265232803 0.013030957430601122 0.013884788379073145 2.5000000000000004 0.015112442430108787 0.016721292398869995 6.5000000000000009 0.060224367305636413 0.019773335196077827 0.020615364424884323
decision_type=2 2 2 2 2 2 2 2 2 2 2 2 2 2 2 2 2 2 2 2 2 2 2 2 2 2 2 2 2 2
left_child=-1 3 7 -2 -5 -6 -4 17 9 14 27 -12 16 -14 -8 -16 -13 -3 -19 -20 -21 -22 -23 24 -24 -25 -27 -11 -26 -30
right_child=1 2 6 4 5 -7 8 -9 -10 10 11 12 13 -15 15 -17 -18 18 19 20 21 22 23 25 28 26 -28 -29 29 -31
leaf_value=-0.054893714495648276 -0.043162604360298014 0.034994148010169771 0.039172839166965949 0.041165002671492285 -0.011161821994484114 0.0011875533853642534 0.053750242617528657 -0.027604282984176609 0.032700641513709015 0.00090556444913615251 0.029404646138092211 -0.0016100353803786696 0.055246284524802569 -0.0074792915615143722 0.0072952927639690071 0.05363707009765406 -0.051294560697662396 -0.04432579360789999 0.036330991925269743 -0.029243994030031084 0.033277023135547958 -0.035395579753814389 0.036511190453048847 -0.023945986014473671 -0.0092617781066632442 0.033152229817362065 0.0015421594241395997 -0.04573741712631052 0.04189602398413117 0.0011124606742081661
leaf_weight=23.548398613929749 4.7835985571146002 3.0177259221673003 15.753712754696606 3.5705996155738822 38.99344165623188 162.18347306549549 4.2873250730335704 4.2269848361611357 15.610465489327906 1.8570223376154924 12.000032257288696 2.6047534309327585 2.3893522769212723 2.2806351259350777 6.4248746037483198 1.969222094863653 2.4566638320684433 3.8558389246463767 4.2510972917079917 2.3111646622419348 3.578857257962226 4.006489396095275 3.0158056765794745 1.8599017858505238 18.033331274986267 8.1316208206117135 3.6995925009250632 2.8883278593420982 3.1567624211311331 34.669027507305145
leaf_count=290 22 20 223 26 163 859 69 26 214 24 169 30 28 19 101 32 12 16 22 10 18 21 15 20 89 79 43 25 16 154
internal_value=0.000871234 0.00434646 0.0115513 -0.00144191 -0.000467173 -0.00120608 0.0243568 0.00231879 0.0200951 0.0150699 0.00782466 0.0155349 -0.00156832 0.0246136 0.0301969 0.0181669 -0.0257255 0.0036703 0.00262661 0.00471441 0.00308452 0.00401671 0.00264914 0.00474965 0.00193484 0.016854 0.0232678 -0.0274844 6.80822e-05 0.00451606
internal_weight=401.416 377.868 168.337 209.531 204.748 201.177 70.5224 97.8142 54.7687 39.1582 26.4768 21.7314 9.7314 4.66999 12.6814 8.3941 5.06142 93.5872 90.5695 86.7137 82.4626 80.1514 76.5725 72.566 58.8749 13.6911 11.8312 4.74535 55.8591 37.8258
internal_count=2855 2565 1495 1070 1048 1022 946 549 723 509 307 258 89 47 202 133 42 523 503 487 465 455 437 416 274 142 122 49 259 170
is_linear=0
shrinkage=0.05


Tree=42
num_leaves=31
num_cat=0
split_feature=3 3 2 0 3 3 3 0 0 3 3 3 0 0 3 0 0 0 0 3 0 0 0 3 0 0 0 2 0 0
split_gain=26.5075 5.02883 6.04523 2.20465 1.5118 1.39953 2.11937 1.37219 1.19541 1.16881 1.07888 0.995019 1.45353 0.903138 0.728531 0.978394 1.99071 0.920744 1.25984 1.22561 1.46284 3.34004 3.19487 0.830996 0.711655 0.68983 1.95207 0.835285 0.755614 0.733617
threshold=1.0000000180025095e-35 7.5000000000000009 1.0000000180025095e-35 0.42452575266361242 10.500000000000002 29.500000000000004 28.000000000000004 0.2080323398113251 0.26608741283416754 29.500000000000004 1.5000000000000002 19.500000000000004 0.22037933766841891 0.20477086305618289 18.500000000000004 0.013319531921297314 0.014221488498151304 0.017963821999728683 0.019912107847630981 8.5000000000000018 0.063968017697334303 0.062144866213202483 0.069628302007913603 11.500000000000002 0.22382622212171557 0.069785099476575865 0.067192967981100096 1.0000000180025095e-35 0.060366710647940643 0.072238828986883177
decision_type=2 2 2 2 2 2 2 2 2 2 2 2 2 2 2 2 2 2 2 2 2 2 2 2 2 2 2 2 2 2
left_child=-1 7 9 4 -4 6 8 10 11 14 25 12 13 -6 15 -3 -17 -18 -19 -20 21 23 -22 -21 -16 26 27 28 -2 -27
right_child=1 2 3 -5 5 -7 -8 -9 -10 -11 -12 -13 -14 -15 24 16 17 18 19 20 22 -23 -24 -25 -26 29 -28 -29 -30 -31
leaf_value=-0.054632322648305025 -0.0088101623938484606 -0.019812252480370052 0.035121472212980849 -0.038777688866707717 0.014984833781622181 0.053246754704666867 -0.024849229744419086 -0.029172283053538861 0.056597961076357908 -0.027334973223776284 0.0010748064943715378 0.031697975383909553 -0.011507201964972992 0.0552414607223915 0.0038072083819236792 0.033507369855276956 -0.014000803727214817 0.021569762300403073 0.021338643010516852 0.019670171237229837 0.040947072772008999 -0.039658273133812927 -0.0028772108184488988 -0.0072281606455681354 0.02182398779064218 0.017182869657008413 -0.037768987318580076 -0.000934665537418352 -0.030785461702388203 -0.0086388209162069577
leaf_weight=21.57317553460598 32.410410031676292 5.8297787457704535 15.12153225392103 1.5688311755657185 30.298897705972198 2.563516352325677 3.0751358196139327 5.0034246593713751 1.9229634553194035 3.4724629968404761 95.630712702870369 8.5777496472001058 5.2747165337204924 1.4603703692555416 16.906217835843567 4.5562883317470542 10.86118261516094 7.1244390457868567 5.7265248298645011 4.4197625219821957 4.8449920117855063 7.6617517322301856 29.361580915749073 8.1960358023643476 8.1102706491947156 5.9241053313016874 5.1949842721223822 38.541948884725571 4.4486720263957968 5.1349346488714218
leaf_count=278 135 36 220 16 434 46 33 23 20 16 546 121 39 18 97 25 56 44 33 25 33 37 176 45 49 25 21 164 20 21
internal_value=-0.000720626 0.00234628 0.00818595 0.0198253 0.0211715 0.0172044 0.0153788 -0.00333077 0.0179812 0.00124 -0.00264041 0.0163532 0.012799 0.0168359 0.00211347 -1.4407e-05 0.00138032 -0.00049164 0.00168739 -0.000665191 -0.00297789 -0.0136188 0.00333003 0.00219528 0.00964819 -0.00651677 -0.00812358 -0.00608107 -0.0114625 0.00519334
internal_weight=400.797 379.224 186.935 69.8637 68.2949 53.1733 50.6098 192.289 47.5347 117.071 187.286 45.6117 37.034 31.7593 113.599 88.5823 82.7526 78.1963 67.3351 60.2106 54.4841 20.2776 34.2066 12.6158 25.0165 91.6551 80.596 75.401 36.8591 11.059
internal_count=2852 2574 1619 947 931 711 665 955 632 672 932 612 491 452 656 510 474 449 393 349 316 107 209 70 146 386 340 319 155 46
is_linear=0
shrinkage=0.05


Tree=43
num_leaves=31
num_cat=0
split_feature=3 3 2 0 0 0 3 0 0 3 3 0 0 0 0 3 0 0 3 3 0 0 3 0 0 0 0 3 0 0
split_gain=27.1668 7.07316 2.47614 1.8844 2.28315 2.07436 1.45938 1.6685 1.40814 1.22467 1.55371 1.81647 1.59564 1.48555 1.97471 1.10895 1.05538 1.99253 1.06299 1.56537 1.01261 1.41188 1.08532 0.952987 0.906793 2.24685 1.78786 1.76951 0.858775 1.72689
threshold=1.0000000180025095e-35 7.5000000000000009 1.0000000180025095e-35 0.019022217020392421 0.01841287408024073 0.020934947766363624 1.5000000000000002 0.017230210825800899 0.013045935891568662 29.500000000000004 12.500000000000002 0.014469849877059461 0.06522426009178163 0.060224367305636413 0.017367155291140083 29.500000000000004 0.067927919328212752 0.069785099476575865 28.000000000000004 25.000000000000004 0.072267085313797011 0.22931337356567386 10.500000000000002 0.010310030542314054 0.017963821999728683 0.016661843284964565 0.018593068234622482 19.500000000000004 0.014388924930244686 0.016331557184457782
decision_type=2 2 2 2 2 2 2 2 2 2 2 2 2 2 2 2 2 2 2 2 2 2 2 2 2 2 2 2 2 2
left_child=-1 3 15 4 6 -5 -2 8 23 10 20 -12 13 14 -13 24 -14 -18 19 -19 -4 22 -22 -8 25 27 -26 -3 -10 -30
right_child=1 2 9 5 -6 -7 7 -9 28 -11 11 12 16 -15 -16 -17 17 18 -20 -21 21 -23 -24 -25 26 -27 -28 -29 29 -31
leaf_value=-0.054386031729315311 -0.0057602937207875101 0.014595194851295784 0.032958370900875514 -0.020376856044227294 0.035824783924895874 -0.0032025828828409469 0.003393143015708866 0.033000767634071886 -0.018778701774597256 0.05306525475123669 0.041228402503958324 -0.022821533106418285 0.039140173517059194 -0.039677002678112396 0.035673447196482154 -0.019880327328770236 -0.046675173754189329 0.01158153691709451 -0.014329673834468591 0.054720387438883092 0.019112795515109814 0.05435297489267446 -0.017712935150345492 0.031188862276981335 0.048109482094332662 -0.028362908731737059 0.0089367008568439522 -0.023182454310166092 0.015955179855887052 -0.021100277087258066
leaf_weight=20.75990229845047 37.994843631982803 16.304285213351257 19.162279777228836 22.094580724835396 5.0758932940661898 86.084451451897621 6.2645011991262418 5.706099420785903 6.8302268013358143 2.5413897708058348 4.263840675354003 3.2270248606801051 3.4206756874918964 3.060649611055851 2.6095166988670826 3.7245422303676596 1.4831030778586889 11.929777827113869 2.8277183026075354 2.5529119558632365 5.2286727055907232 1.7501034662127484 3.2408865541219711 6.073242224752903 3.0180796384811392 5.6121014207601538 83.463087767362595 3.8273734152317038 8.9267266839742643 4.853672817349433
leaf_count=280 161 92 310 103 28 435 35 36 31 48 82 44 54 26 36 17 20 137 31 36 54 24 34 34 18 29 493 21 57 25
internal_value=0.00128384 0.00438097 0.0113888 -0.00238119 0.00334917 -0.00671027 0.00119856 0.00803867 0.00371565 0.0190178 0.0176816 0.0106233 0.00642885 -0.0114635 0.00333156 0.00696078 0.013595 0.00894549 0.0137109 0.0191858 0.0261797 0.0134694 0.00502139 0.0170756 0.00785159 -0.000386082 0.0103038 0.00741302 -0.00428173 0.00290367
internal_weight=393.912 373.152 183.248 189.904 81.7252 108.179 76.6493 38.6545 32.9484 67.2986 64.7572 35.3752 31.1114 8.89719 5.83654 115.949 22.2142 18.7935 17.3104 14.4827 29.3819 10.2197 8.46956 12.3377 112.225 25.7438 86.4812 20.1317 20.6106 13.7804
internal_count=2831 2551 1606 945 407 538 379 218 182 936 888 466 384 106 80 670 278 224 204 173 422 112 88 69 653 142 511 113 113 82
is_linear=0
shrinkage=0.05


Tree=44
num_leaves=31
num_cat=0
split_feature=3 3 2 0 0 3 3 0 0 0 0 0 0 3 2 0 0 0 0 0 0 0 0 3 3 0 0 3 0 0
split_gain=23.6859 4.87831 3.31126 2.15876 2.0864 1.75402 1.35197 1.47389 1.35799 3.0179 2.73436 2.14315 2.06064 1.2935 1.14452 1.52784 1.72563 1.43497 3.25494 1.15263 1.28242 1.011 1.88185 1.60138 1.6012 1.3938 1.18244 1.20967 0.949055 2.03012
threshold=1.0000000180025095e-35 7.5000000000000009 1.0000000180025095e-35 0.2080323398113251 0.020512533374130729 29.500000000000004 5.5000000000000009 0.070586379617452635 0.019453601911664013 0.014921483583748342 0.061847647652029998 0.013030957430601122 0.069201733916997923 28.000000000000004 1.0000000180025095e-35 0.072238828986883177 0.069785099476575865 0.0089109009131789225 0.010155373718589546 0.014843435958027841 0.015837876126170162 0.064849406480789198 0.42452575266361242 13.500000000000002 11.500000000000002 0.067683413624763503 0.26608741283416754 26.500000000000004 0.016558715142309669 0.014921483583748342
decision_type=2 2 2 2 2 2 2 2 2 2 2 2 2 2 2 2 2 2 2 2 2 2 2 2 2 2 2 2 2 2
left_child=-1 3 -3 6 28 13 14 8 9 11 -10 -8 -12 21 19 16 17 -16 -19 -2 -21 23 25 24 -6 -23 27 -27 29 -4
right_child=1 2 4 -5 5 -7 7 -9 10 -11 12 -13 -14 -15 15 -17 -18 18 -20 20 -22 22 -24 -25 -26 26 -28 -29 -30 -31
leaf_value=-0.054153867453329757 -0.022997084223328672 0.0028564605974852526 0.037818212441932612 -0.034203337693519249 -0.0019427598977900592 0.052896661010462045 0.0237576542803997 0.033639624511006903 -0.032104038713427929 0.049931776545431593 0.029378770849886011 -0.032035462455194542 -0.024285944642601153 -0.021462128289006475 0.030166625146671212 -0.028327494840156748 0.028235292994134631 -0.047500139907535079 8.6038455198344857e-05 0.019456356666998582 -0.0082842773767788491 0.053001241360133469 -0.037315568477985082 -0.030372873070981028 0.05416669963213383 0.010031445760322421 0.05600107920308698 0.053897238098580574 0.052964656608971372 -0.0032150566508012124
leaf_weight=19.68830694258213 12.298866182565687 118.82621328532696 9.8143106177449244 5.5468232631683341 5.2796851918101293 2.4204992800950995 3.4142234548926407 4.4805132746696463 6.3473479822278014 4.0720898061990738 5.4365075528621656 3.471030555665493 2.6660401746630669 3.1950001493096343 3.5498228147625914 4.6746593713760367 5.4534393250942221 3.790591597557067 69.123699486255646 4.5077019035816184 54.990799129009247 2.6683316193521049 1.5904806107282627 3.3826138600707054 1.6748407147824762 25.573773797601469 1.675657846033572 1.6745542883872975 3.9378800354897967 4.350519895553588
leaf_count=278 50 690 187 25 67 48 22 31 40 38 41 20 16 33 21 21 27 16 341 19 233 50 16 29 24 307 19 26 77 65
internal_value=-0.000680344 0.002091 0.00787395 -0.00346042 0.0167411 0.011395 -0.00255471 0.00719902 0.00253627 0.0158108 -0.00752981 -0.00436907 0.0117211 0.00924462 -0.00439521 -0.000525014 0.00106155 -0.000876492 -0.00238782 -0.00906292 -0.0061826 0.0114989 0.0157524 -0.00215497 0.0115699 0.0184241 0.0152342 0.0127272 0.0312517 0.0252154
internal_weight=399.577 379.889 186.064 193.824 67.2381 49.1354 188.277 29.8878 25.4072 10.9573 14.4499 6.88525 8.10255 46.7149 158.39 86.5922 81.9176 76.4641 72.9143 71.7974 59.4985 43.5199 33.1828 10.3371 6.95453 31.5923 28.924 27.2483 18.1027 14.1648
internal_count=2877 2599 1638 961 948 619 936 208 177 80 97 42 57 571 728 426 405 378 357 302 252 538 418 120 91 402 352 333 329 252
is_linear=0
shrinkage=0.05


Tree=45
num_leaves=31
num_cat=0
split_feature=3 3 2 0 3 3 3 0 0 0 0 0 0 0 0 0 0 0 0 3 0 0 0 0 0 0 0 3 0 0
split_gain=23.0919 7.6671 3.46637 2.78362 1.618 1.17599 2.0622 1.2327 1.26847 1.39482 1.62487 0.90295 1.12034 0.797659 2.73471 1.42801 1.19081 1.05361 2.91804 0.797063 1.05321 1.02623 2.34823 1.57717 0.732614 0.989195 0.862256 1.34898 1.26899 1.33625
threshold=1.0000000180025095e-35 7.5000000000000009 1.0000000180025095e-35 0.07252297550439836 10.500000000000002 11.500000000000002 12.500000000000002 0.073063034564256682 0.21070312708616259 0.22666641324758532 0.26472581923007971 0.070796813815832152 0.069985084235668196 0.012417749967426063 0.013030957430601122 0.013884788379073145 0.0089109009131789225 0.018871597945690158 0.017963821999728683 1.5000000000000002 0.016661843284964565 0.015223377849906685 0.016331557184457782 0.017082292586565021 0.010155373718589546 0.014469849877059461 0.064849406480789198 13.500000000000002 0.01505062496289611 0.020512533374130729
decision_type=2 2 2 2 2 2 2 2 2 2 2 2 2 2 2 2 2 2 2 2 2 2 2 2 2 2 2 2 2 2
left_child=-1 13 -3 11 -5 -6 -7 -8 -9 -10 -11 12 24 16 -15 -16 -2 18 19 20 -17 -21 -23 -24 -4 -26 27 28 -27 -30
right_child=1 2 3 4 5 6 7 8 9 10 -12 -13 -14 14 15 17 -18 -19 -20 21 -22 22 23 -25 25 26 -28 -29 29 -31
leaf_value=-0.053934896217747746 0.0089612211398395602 0.004697052854444413 -0.0057109475756249263 0.029217907653449705 -0.031848211620420744 0.055878528658164478 -0.037803193077798392 0.03475636332814859 -0.032901584860640314 0.037765769832739667 -0.01373974890869855 0.053471730118412053 -0.020275830449479736 0.043391824859145965 -0.025134840676523676 0.00074791519835877606 -0.020052993623485858 -0.0057733967116691568 0.034910106342305347 -0.0096743671114942961 -0.022977201538728245 0.050129283708263007 -0.024685482731327549 0.017516115311055829 0.045178659484236154 -0.018141782396452338 0.03687226841046478 0.00079957766595287335 0.0528523907407649 0.018857324083446179
leaf_weight=19.005108326673508 4.5225953906774548 116.07797127962112 1.7002630829811085 5.4946791976690319 2.7513795197010067 1.6832673363387574 2.1215458177030078 2.5580645315349093 3.0219443216919881 2.693146750330925 3.5493558272719383 2.9476880915462962 1.3329978063702572 3.0741927474737158 7.7655447125434867 11.311949089169504 16.217289306223392 112.24769868701696 6.2731617838144293 7.3314909189939526 7.9761109799146643 3.2943985983729354 3.6373644322156888 5.6572648286819458 6.7211674749851218 1.3554957211017669 8.9378465712070447 7.1816536597907534 4.9283765479922277 6.9912880584597588
leaf_count=281 27 676 31 63 27 22 23 37 19 34 37 51 18 16 36 49 74 555 35 41 33 23 19 32 143 15 148 82 99 93
internal_value=-0.000178983 0.00257211 0.00989836 0.0190503 0.00541178 -0.00170553 0.00360145 -0.00270921 0.00358839 -0.0050176 0.00848081 0.0267849 0.0247755 -0.00447315 -0.00333472 -0.0042027 -0.0137261 -0.00317214 0.00324768 -0.00181814 -0.00906303 0.00519673 0.0138572 0.00100092 0.0263636 0.0278736 0.0239167 0.0182562 0.0277 0.0329131
internal_weight=390.362 371.357 182.048 65.9702 23.8734 18.3787 15.6273 13.9441 11.8225 9.26445 6.2425 42.0968 39.1491 189.309 168.569 165.495 20.7399 157.729 45.4817 39.2086 19.2881 19.9205 12.589 9.29463 37.8161 36.1158 29.3947 20.4568 13.2752 11.9197
internal_count=2839 2558 1618 942 262 199 172 150 127 90 71 680 629 940 839 823 101 787 232 197 82 115 74 51 611 580 437 289 207 192
is_linear=0
shrinkage=0.05


Tree=46
num_leaves=31
num_cat=0
split_feature=3 3 2 0 0 0 3 0 3 3 3 3 0 0 0 0 0 0 0 3 0 0 0 0 0 0 3 0 0 0
split_gain=23.3187 3.93478 3.54693 2.21371 2.46695 2.16614 1.48667 2.01546 1.50685 1.80105 1.67201 2.91995 0.969831 1.20579 0.939663 1.6403 0.880024 0.949008 1.76798 0.850521 1.29975 1.22017 1.62773 1.65116 1.52348 1.09568 1.14224 0.993598 0.70447 1.74224
threshold=1.0000000180025095e-35 2.5000000000000004 1.0000000180025095e-35 0.013688349630683662 0.01505062496289611 0.019912107847630981 29.500000000000004 0.020615364424884323 10.500000000000002 8.5000000000000018 11.500000000000002 12.500000000000002 0.012417749967426063 0.013045935891568662 0.016558715142309669 0.015837876126170162 0.073012433946132674 0.064849406480789198 0.062041370198130615 28.000000000000004 0.061933303251862533 0.22382622212171557 0.22666641324758532 0.26472581923007971 0.070796813815832152 0.067927919328212752 16.500000000000004 0.069691803306341185 0.14402028173208239 0.065587867051363005
decision_type=2 2 2 2 2 2 2 2 2 2 2 2 2 2 2 2 2 2 2 2 2 2 2 2 2 2 2 2 2 2
left_child=-1 -2 12 -4 -5 14 7 -7 9 16 -10 -12 -3 -14 15 -6 17 18 -9 20 -13 24 -23 -24 25 26 -22 -27 29 -11
right_child=1 2 3 4 5 6 -8 8 10 28 11 19 13 -15 -16 -17 -18 -19 -20 -21 21 22 23 -25 -26 27 -28 -29 -30 -31
leaf_value=-0.053728293995063285 -0.0037187309779915692 0.024280345541560999 0.036181185041841639 -0.029152496822465943 0.038886644849791659 -0.038620264334316791 0.05274100262536148 0.033868893789983666 -0.01771791294834937 0.053980474447899378 0.054716334698186465 -0.035697356047827047 -0.021239661048412451 0.0026651757303139101 0.053193225360922691 -0.029052612673166806 -0.0078308602856805559 0.032114837110640011 -0.028708526687432498 -0.019381477371403531 0.05381649088760785 -0.040342666763486877 0.038130566921044884 -0.013267923446869199 0.043563907652807973 -0.043073230268217397 0.0039134578180760821 0.0092679502480094277 0.056901472511562995 -0.017986691332281094
leaf_weight=18.856318175792694 130.16314129531384 4.9491615369915953 10.963662825524805 3.4522783234715453 3.3779084421694261 2.1088113449513903 2.0456534102559081 2.2036934718489665 6.676591418683528 2.1458324603736396 3.2478563487529781 1.5968594960868419 5.4782399684190741 142.34253431856632 4.4941448047757149 1.2054800763726232 4.2334273979067794 6.0408127121627331 2.3138167038559914 3.2704521343111983 1.9123146235942856 2.2340924888849241 2.7840770892798901 3.5612455010414124 4.6629673168063155 1.5385239459574225 2.8640882633626461 2.2078632898628712 3.7495333030819893 1.3829572312533853
leaf_count=292 576 34 191 38 54 23 43 22 78 32 47 15 27 778 88 21 32 67 21 33 32 11 36 36 71 21 36 30 43 21
internal_value=0.000506416 0.00327631 0.0070852 0.0151898 0.012134 0.0141175 0.0108165 0.00940442 0.0111319 0.0214485 0.00490351 0.00995814 0.00250821 0.00177926 0.0369474 0.0210179 0.0114293 0.0191517 0.00181746 0.00449984 0.00784298 0.0110374 -0.00363908 0.00928371 0.0205868 0.00801565 0.023893 -0.0122269 0.0418108 0.025776
internal_weight=388.064 369.208 239.045 86.2749 75.3113 71.859 62.7815 60.7358 58.627 22.0701 36.5569 29.8803 152.77 147.821 9.07753 4.58339 14.7918 10.5583 4.51751 26.6325 23.362 21.7652 8.57942 6.34532 13.1858 8.52279 4.7764 3.74639 7.27832 3.52879
internal_count=2849 2557 1981 1142 951 913 750 707 684 238 446 368 839 805 163 75 142 110 43 321 288 273 83 72 190 119 68 51 96 53
is_linear=0
shrinkage=0.05


Tree=47
num_leaves=31
num_cat=0
split_feature=3 2 3 0 3 0 0 0 3 0 0 0 0 3 0 0 0 0 3 0 0 0 0 0 0 0 0 0 0 0
split_gain=21.4362 2.78299 3.63773 2.25683 1.48517 1.36169 2.38148 1.50783 1.30771 1.21574 1.58551 1.24907 2.4888 1.06136 0.995265 2.27009 2.50777 1.01316 0.868807 0.782587 2.57697 2.25333 0.775948 1.31335 0.660876 0.890157 1.39938 1.18942 1.09701 0.812751
threshold=1.0000000180025095e-35 1.0000000180025095e-35 2.5000000000000004 0.2080323398113251 11.500000000000002 0.073521811515092864 0.072267085313797011 0.070796813815832152 19.500000000000004 0.22931337356567386 0.42452575266361242 0.26608741283416754 0.25223581492900854 14.500000000000002 0.016331557184457782 0.013884788379073145 0.011630491819232704 0.069785099476575865 13.500000000000002 0.011424486991018059 0.013016127515584232 0.013180983252823355 0.020097580738365654 0.063968017697334303 0.013884788379073145 0.017082292586565021 0.017724422737956051 0.018745350651443008 0.016661843284964565 0.014843435958027841
decision_type=2 2 2 2 2 2 2 2 2 2 2 2 2 2 2 2 2 2 2 2 2 2 2 2 2 2 2 2 2 2
left_child=-1 4 14 5 19 6 7 8 13 -5 11 12 -11 -4 15 16 -3 -16 22 -2 -21 -22 -6 -24 -23 28 -27 -28 29 -26
right_child=1 2 3 9 18 -7 -8 -9 -10 10 -12 -13 -14 -15 17 -17 -18 -19 -20 20 21 24 23 -25 25 26 27 -29 -30 -31
leaf_value=-0.053533265179007243 -0.02200389091490796 0.010875747470716729 0.018987004298905614 -0.015327510455483272 0.031248210936164113 0.044347695034322836 -0.010108265754489507 0.053400800830012807 0.039128374989348486 0.036442699046658499 -0.030645962910499227 0.056254883243596947 -0.043333237085658997 -0.0010992296460508488 -0.0069561107361973962 0.032217213044586281 -0.03176519693864812 0.012156633091908094 0.0018704765631282921 0.03616498553332205 -0.055434633981217778 0.019263462321366408 -0.011294114089969403 0.021382532034882787 -0.01990518285641895 0.023296422399865034 -0.020073337452982985 -0.0014066677817436903 -0.032753721714240368 0.00086531903053076219
leaf_weight=17.630507625639439 5.5844117477536193 11.743644073605543 37.587760008871555 8.147439010441305 5.1212064325809505 4.9392118714749804 7.1372479312121859 3.2907324321568003 6.7015522457659236 2.7879690006375295 1.7063923403620718 2.00642991065979 1.5056342259049413 7.9713646695017806 43.783879980444908 7.0480677187442771 4.8812442719936362 8.2384478449821454 47.286016315221786 4.0950213074684134 2.103792890906333 3.1727195829153052 5.1506762355566007 7.6304609030485153 7.5616949051618638 5.2669192701578131 9.4054096937179548 92.083616942167282 5.1931391060352317 12.487935125827788
leaf_count=286 26 52 557 58 36 73 65 59 117 41 17 23 17 111 199 38 21 36 273 19 9 14 28 55 34 24 44 448 23 58
internal_value=0.000336702 0.00289242 0.00788289 0.0150608 -0.000859136 0.0190715 0.01708 0.0205731 0.018506 -0.00172995 0.0121071 0.023687 0.00846774 0.0154726 -6.17926e-05 0.00843732 -0.00164409 -0.00392935 0.00542217 -0.00364549 -0.0029203 -0.00408624 0.0148034 0.00821416 -0.00328706 -0.00382908 -0.00183248 -0.00313659 -0.012273 -0.00696825
internal_weight=389.251 371.62 159.477 83.7817 212.143 67.6279 62.6887 55.5514 52.2607 16.1539 8.00643 6.30003 4.2936 45.5591 75.6953 23.673 16.6249 52.0223 65.1884 146.955 141.37 137.275 17.9023 12.7811 135.171 131.999 106.756 101.489 25.2428 20.0496
internal_count=2861 2575 1484 1138 1091 982 909 844 785 156 98 81 58 668 346 111 73 235 392 699 673 654 119 83 645 631 516 492 115 92
is_linear=0
shrinkage=0.05


Tree=48
num_leaves=31
num_cat=0
split_feature=3 3 2 3 3 0 0 0 0 0 0 0 3 0 0 0 0 0 0 0 0 3 0 0 0 0 0 0 3 3
split_gain=20.5582 2.98894 5.22256 1.17017 2.52354 1.30652 1.78167 0.843409 1.23379 2.28039 1.14313 1.83693 0.682212 1.20136 0.881665 1.22088 0.706068 1.58782 1.57722 1.44447 0.69222 0.674523 0.740676 1.33932 0.742434 0.668073 0.66435 1.10548 0.629564 0.558546
threshold=1.0000000180025095e-35 4.5000000000000009 1.0000000180025095e-35 12.500000000000002 19.500000000000004 0.014469849877059461 0.017367155291140083 0.22382622212171557 0.060224367305636413 0.063774496316909804 0.067683413624763503 0.070796813815832152 11.500000000000002 0.019912107847630981 0.01505062496289611 0.014469849877059461 0.064849406480789198 0.069785099476575865 0.063195791095495238 0.07252297550439836 0.053663928061723716 29.500000000000004 0.020512533374130729 0.067474525421857848 0.072689861059188857 0.021620291285216812 0.07252297550439836 0.071858659386634841 9.5000000000000018 2.5000000000000004
decision_type=2 2 2 2 2 2 2 2 2 2 2 2 2 2 2 2 2 2 2 2 2 2 2 2 2 2 2 2 2 2
left_child=-1 26 -3 12 5 -5 -7 8 -8 -10 -11 -12 13 14 15 -4 18 -18 25 -19 -14 22 -6 -24 -25 -15 27 29 -21 -2
right_child=1 2 3 4 21 6 7 -9 9 10 11 -13 20 16 -16 -17 17 19 -20 28 -22 -23 23 24 -26 -27 -28 -29 -30 -31
leaf_value=-0.053349093240751058 -0.0040162128188433732 0.00064888078114705471 0.033984364589651275 0.033333013916103632 0.052478028525723031 -0.043547429854441162 0.053653533862511031 -0.015566356328955436 -0.047422062735131922 0.052983181868753594 -0.015445761840213654 0.036280591734620227 0.0088081502813026381 -0.0041950989352173493 0.052813674959152172 -0.020488646459921 0.053495914770614286 -0.028069893826484244 -0.032945868524004017 0.0067511971520920842 0.054536919407889607 0.052550105730602009 -0.020037304637459147 0.053194252510564491 0.017823228911961274 0.029010320219388555 -0.018035089812011858 0.021872644428276099 0.031528639565745205 0.0065165481099408772
leaf_weight=17.238942008465528 125.49803701043129 142.48824283480644 5.2063638642430288 2.5891353674232986 1.7417759597301472 2.5374696776270893 1.3517822921276117 5.1346460357308379 1.8539437800645817 1.5242312327027301 4.2819177061319351 2.864605437964201 1.1366425529122341 2.516987510025503 4.1127416007220745 1.2818657830357549 3.0036628544330588 1.8279854170978058 2.251558430492878 4.7403633296489698 3.0434696711599827 2.174494143575429 1.955256663262843 1.9224337749183158 6.4983908757567406 3.8042108491063118 6.9078815579414359 4.6305743455886832 5.5832458399236202 13.989891462028025
leaf_count=293 557 795 102 55 40 33 24 42 13 30 56 49 23 31 86 12 51 28 25 45 46 49 19 35 78 46 30 20 59 85
internal_value=1.85003e-05 0.00251542 0.00626867 0.016954 0.0105303 -4.35252e-05 -0.00446412 0.00136576 0.00868614 0.00291057 0.0136725 0.00528818 0.023031 0.0207088 0.0347025 0.0232222 0.0144568 0.0209437 0.00298887 0.0128974 0.0421025 0.0269082 0.0223069 0.0172422 0.0258983 0.0157885 -0.00288799 -0.00216196 0.0201514 -0.00295983
internal_weight=385.693 368.454 217.427 74.9392 36.4301 22.1377 19.5486 17.0111 11.8765 10.5247 8.67075 7.14652 38.5091 34.329 10.601 6.48823 23.728 15.1553 8.57276 12.1516 4.18011 14.2924 12.1179 10.3761 8.42082 6.3212 151.026 144.119 10.3236 139.488
internal_count=2857 2564 1872 1077 523 302 247 214 172 148 135 105 554 485 200 114 285 183 102 132 69 221 172 132 113 77 692 662 104 642
is_linear=0
shrinkage=0.05


Tree=49
num_leaves=31
num_cat=0
split_feature=3 3 2 0 0 0 0 0 3 0 0 0 0 0 0 3 0 0 0 0 3 3 3 0 0 3 3 0 3 0
split_gain=18.997 5.15974 3.68723 1.83218 0.986476 1.09052 1.24668 2.07627 1.0334 0.918577 1.07809 2.09155 1.63864 1.19637 2.25279 1.42244 0.913337 0.895098 2.64201 1.66032 0.808705 1.27128 0.79257 0.875537 1.05448 0.877143 1.50471 0.897785 0.776127 0.712081
threshold=1.0000000180025095e-35 6.5000000000000009 1.0000000180025095e-35 0.072267085313797011 0.26608741283416754 0.22382622212171557 0.22931337356567386 0.25223581492900854 16.500000000000004 0.070796813815832152 0.014469849877059461 0.01505062496289611 0.010155373718589546 0.019912107847630981 0.020615364424884323 10.500000000000002 0.073012433946132674 0.073132771998643889 0.07252297550439836 0.072047267109155669 11.500000000000002 28.000000000000004 29.500000000000004 0.018745350651443008 0.013016127515584232 12.500000000000002 17.500000000000004 0.017430113628506664 12.500000000000002 0.019912107847630981
decision_type=2 2 2 2 2 2 2 2 2 2 2 2 2 2 2 2 2 2 2 2 2 2 2 2 2 2 2 2 2 2
left_child=-1 17 22 9 5 16 -7 -8 -6 10 12 -12 -4 28 -15 -16 -5 18 19 -2 -18 -22 23 24 -3 27 -27 -26 -13 -25
right_child=1 2 3 4 8 6 7 -9 -10 -11 11 13 -14 14 15 -17 20 -19 -20 -21 21 -23 -24 29 25 26 -28 -29 -30 -31
leaf_value=-0.053175102019990164 -0.0041530673830802211 0.017181447050281656 -0.0023008540630741845 -0.012493689170639664 0.056267616136144616 -0.029059516386820358 0.035616599986458913 -0.036141484957469175 0.0040553236085109044 0.0528316105513571 -0.027069697962851788 0.052644662037018092 0.052339815788567251 -0.030926503467563201 0.044253863900259566 0.013821269574597894 0.0052824875781761413 0.016196826408223033 -0.038750176131666453 0.025270955442929916 0.054189798847682935 0.00090344914414708345 -0.019598250785849466 0.02668359466410343 -0.0070365632751090874 0.031864284946679151 -0.01000976935806787 -0.032611524945273633 0.019404327824834599 0.005393844764761054
leaf_weight=15.94518245756626 156.093360748142 5.4079106971621504 1.811116337776183 2.9068719707429471 1.9077426642179482 4.5444320440292341 2.6698361374437809 1.6195376962423322 1.8831412419676778 2.5607977136969557 2.3818636313080779 4.3540078252553966 5.6606948487460613 2.3012882024049786 5.0673945061862495 15.848468150943516 4.9439617283642274 5.4449367225170127 5.4170914888381949 4.9462371543049803 2.9749877490103245 1.7944525331258772 3.7310904115438452 4.1154018193483344 14.931679710745817 3.459723159670828 5.6471942961215973 4.4553902596235266 2.9430841617286205 86.07252162694931
leaf_count=284 750 37 35 31 22 24 40 18 19 52 23 96 135 26 77 232 59 25 25 22 47 21 17 27 75 24 28 23 52 500
internal_value=0.000254873 0.00257061 0.00811609 0.0175066 0.00681775 0.00266304 -0.0108109 0.00852292 0.0303309 0.0237924 0.0219503 0.0180561 0.0390953 0.0215785 0.0160281 0.0211943 0.0120944 -0.0037521 -0.00440465 -0.00324933 0.0194527 0.0341414 0.00310761 0.00379033 -0.00305985 -0.00690147 0.00589821 -0.012914 0.0392381 0.00636533
internal_weight=383.841 367.896 195.995 68.1737 25.245 21.4541 8.83381 4.28937 3.79088 42.9287 40.3679 32.8961 7.47181 30.5142 23.2172 20.9159 12.6203 171.902 166.457 161.04 9.7134 4.76944 127.821 124.09 33.9019 28.494 9.10692 19.3871 7.29709 90.1879
internal_count=2846 2562 1740 1009 281 240 82 58 41 728 676 506 170 483 335 309 158 822 797 772 127 68 731 714 187 150 52 98 148 527
is_linear=0
shrinkage=0.05


Tree=50
num_leaves=31
num_cat=0
split_feature=3 3 0 2 0 0 0 0 3 0 3 3 0 0 0 0 0 0 0 0 0 0 0 0 0 3 3 0 0 0
split_gain=17.6777 4.21333 3.93447 1.08383 1.6872 2.46557 1.98263 0.94099 1.27981 1.75118 1.71285 1.47449 0.809932 1.38763 1.60112 1.66307 1.38756 2.0905 1.0546 1.61685 1.02055 2.0827 1.34499 0.972036 0.72321 0.718726 0.653229 0.54985 0.979466 3.45582
threshold=1.0000000180025095e-35 2.5000000000000004 0.42452575266361242 1.0000000180025095e-35 0.26608741283416754 0.072267085313797011 0.06985278427600862 0.07284188270568849 28.000000000000004 0.22037933766841891 19.500000000000004 11.500000000000002 0.0087095452472567576 0.013688349630683662 0.01505062496289611 0.019912107847630981 0.064849406480789198 0.067683413624763503 0.016558715142309669 0.015780820511281494 0.060224367305636413 0.020615364424884323 0.061933303251862533 0.063759762793779387 0.20477086305618289 10.500000000000002 10.500000000000002 0.27557592093944555 0.22931337356567386 0.23922593146562579
decision_type=2 2 2 2 2 2 2 2 2 2 2 2 2 2 2 2 2 2 2 2 2 2 2 2 2 2 2 2 2 2
left_child=-1 -2 3 27 5 6 12 -7 9 11 -11 24 -5 -14 -15 18 20 -18 19 -16 21 -17 -22 25 -9 -24 -23 28 -3 -30
right_child=1 2 -4 4 -6 7 -8 8 -10 10 -12 -13 13 14 15 16 17 -19 -20 -21 22 26 23 -25 -26 -27 -28 -29 29 -31
leaf_value=-0.05301067803052905 -0.0047576698391292929 0.0039428032193619409 -0.038289489302221758 -0.017294156102300048 0.05611009179388976 -0.033581588332284432 0.044788036869871581 -0.0026357145905824596 -0.035893351156361386 -0.019335123554743771 0.031515210661728042 0.053366195299282798 0.0342126957858283 -0.019541648099422694 0.036246381853478248 -0.022976420269633827 0.052991812211446124 0.0053941215285500787 0.052859821369814444 -0.033993007259453652 -0.049362427038386898 0.054455136334020063 0.033388378123726463 -0.02837307252105763 0.032513075996202206 -0.0045464234917036465 0.017016761775282187 -0.013414863112029796 0.053523799752431857 0.0013031928740528656
leaf_weight=14.999110400676726 132.17609536647797 129.38097313791513 4.8195913285017005 2.0431171730160704 2.1150879114866248 2.2034762203693417 5.6623621601611367 4.6537386216223293 2.1548445858061305 8.4135714918374997 2.0618874989449969 2.4951335266232491 7.7252953276038161 3.8625695370137683 2.9175033643841735 2.5197570323944154 3.6989129632711393 6.1296041123569012 3.9316960349678993 1.1392374262213705 1.8526731431484202 2.0595325343310833 2.0346657261252403 2.3837170600891113 2.1348047778010368 3.2319795787334442 2.6828923858702183 4.0184719115495673 4.595565289258956 10.199966929852961
leaf_count=280 583 709 29 25 25 23 101 39 24 68 29 45 163 41 51 27 76 87 87 21 17 29 19 30 28 33 39 20 32 64
internal_value=0.000189338 0.00237372 0.00641709 0.00736087 0.0120466 0.0108516 0.0167996 -0.00243552 0.000696254 0.00468656 -0.00932624 0.0204982 0.0135125 0.0148758 0.0109901 0.0144003 0.00839076 0.0233073 0.0344062 0.0165214 -0.000353966 0.0137577 -0.0111381 -0.00188137 0.00841759 0.0101089 0.0332754 0.00482797 0.00533643 0.0175232
internal_weight=380.298 365.299 233.123 228.303 80.1081 77.993 53.8755 24.1175 21.914 19.7591 10.4755 9.28368 48.2132 46.17 38.4447 34.5822 26.5937 9.82852 7.98844 4.05674 16.7652 7.26218 9.50304 7.65036 6.78854 5.26665 4.74242 148.195 144.177 14.7955
internal_count=2844 2564 1981 1952 1127 1102 846 256 233 209 97 112 745 720 557 516 357 163 159 72 194 95 99 82 67 52 68 825 805 96
is_linear=0
shrinkage=0.05


Tree=51
num_leaves=31
num_cat=0
split_feature=3 3 2 2 0 0 3 3 3 3 0 0 0 0 0 0 0 0 0 0 0 0 0 0 0 0 0 0 0 0
split_gain=16.4228 3.61214 1.9297 1.72665 2.57711 1.62899 1.276 1.26129 1.37117 1.23432 2.98639 1.08061 2.05001 1.71673 1.54854 1.37947 1.00476 1.48227 1.35544 1.14286 1.05861 1.27742 0.978128 0.887829 1.39133 1.15302 0.794031 0.769117 2.3119 0.68131
threshold=1.0000000180025095e-35 6.5000000000000009 1.0000000180025095e-35 1.0000000180025095e-35 0.44440254569053655 0.26608741283416754 1.5000000000000002 29.500000000000004 10.500000000000002 7.5000000000000009 0.069368168711662306 0.07252297550439836 0.074742767959833159 0.21070312708616259 0.070796813815832152 0.23066287487745288 0.053663928061723716 0.019773335196077827 0.061601502820849426 0.063483141362667098 0.018871597945690158 0.017585851252079013 0.019912107847630981 0.016331557184457782 0.013884788379073145 0.013030957430601122 0.020512533374130729 0.011630491819232704 0.014469849877059461 0.24318701773881915
decision_type=2 2 2 2 2 2 2 2 2 2 2 2 2 2 2 2 2 2 2 2 2 2 2 2 2 2 2 2 2 2
left_child=-1 2 6 -3 5 7 -2 8 9 10 22 14 -13 -14 27 -15 17 20 -18 -20 21 23 -5 24 25 -4 -11 -10 -29 -17
right_child=1 3 16 4 -6 -7 -8 -9 11 26 -12 12 13 15 -16 29 18 -19 19 -21 -22 -23 -24 -25 -26 -27 -28 28 -30 -31
leaf_value=-0.052855234245592103 -0.015745721935520176 0.0029163654575773967 0.0057513546982635158 0.0053408149777055599 -0.05696254137052692 0.055761252713311518 -0.0030672436407227039 0.052457104646723089 -0.020524713370400842 0.052418387259793121 0.059223501803145256 -0.046756625192040324 0.036824378927172247 -0.024814311295331425 0.052939357563488602 0.032728846399390561 -0.025723534906961883 0.031012433850306172 0.018610245640348407 -0.0048522557071924537 -0.015582716697874786 0.032347398700158521 -0.044279374680172484 -0.015446723903667732 0.025513819323275323 -0.024727219703029043 0.024043293931786267 0.052035190860924507 0.0057431308331678298 -0.010693780485939308
leaf_weight=14.359596394002436 39.412726521492004 128.21426573395729 16.343587487936027 1.9818842448294192 1.2961855083703984 2.2792953178286544 39.97249647974968 1.9365725647658099 2.047496519982821 3.5589750818908206 1.7274584956467149 2.4002394117414942 2.9664133191108695 4.8774218559265119 2.1584065556526175 2.2708023004233837 6.3228487372398368 5.3522729575633994 6.3554848581552497 28.307874292135239 6.4402705058455458 4.1992718428373328 1.9907710924744604 5.412357196211814 7.2413070052862158 3.8302744999527922 8.0244137458503229 3.0673200972378281 22.345685429871082 1.5000903606414797
leaf_count=281 166 737 85 27 11 28 173 46 42 89 17 23 51 31 45 32 35 26 33 149 32 28 22 26 40 20 115 82 325 18
internal_value=-0.000408655 0.00166127 -0.0036823 0.00630609 0.0128485 0.0142378 -0.00936178 0.012732 0.0114692 0.0233882 0.00434043 0.00674801 -0.00469081 0.00400229 0.0121606 -0.00725584 0.00133818 0.00618406 -0.00443383 -0.000550435 0.00312684 0.00638109 -0.0195248 0.0030595 0.00671304 -3.54057e-05 0.0327615 0.00895535 0.0113305 0.015455
internal_weight=378.194 363.834 169.191 194.644 66.4294 65.1332 79.3852 62.854 60.9174 17.2835 5.70011 43.6339 14.015 11.6147 29.6189 8.64831 89.8055 48.8193 40.9862 34.6634 43.4671 37.0268 3.97266 32.8275 27.4152 20.1739 11.5834 27.4605 25.413 3.77089
internal_count=2835 2554 813 1741 1004 993 339 965 919 270 66 649 155 132 494 81 474 257 217 182 231 199 49 171 145 105 204 449 407 50
is_linear=0
shrinkage=0.05


Tree=52
num_leaves=31
num_cat=0
split_feature=3 3 0 3 0 2 0 3 3 0 2 0 0 2 0 0 3 0 3 0 0 0 0 0 0 0 0 0 3 0
split_gain=14.7856 2.41812 2.20104 3.99227 1.97284 1.83024 1.85873 1.79042 1.57817 1.25389 2.56864 1.22473 2.09698 0.993588 1.43747 1.0824 0.971334 1.09834 1.64764 0.972536 1.06307 0.943943 1.64615 1.5002 1.26893 1.53359 1.33797 1.03467 1.46735 0.940508
threshold=1.0000000180025095e-35 6.5000000000000009 0.014221488498151304 9.5000000000000018 0.01505062496289611 1.0000000180025095e-35 0.057671509683132179 10.500000000000002 29.500000000000004 0.011630491819232704 1.0000000180025095e-35 0.44440254569053655 0.26608741283416754 1.0000000180025095e-35 0.072381693869829192 0.072238828986883177 2.5000000000000004 0.017609325237572197 4.5000000000000009 0.069691803306341185 0.067192967981100096 0.063774496316909804 0.067927919328212752 0.069591987878084197 0.072267085313797011 0.074742767959833159 0.21070312708616259 0.063061632215976729 13.500000000000002 0.070796813815832152
decision_type=2 2 2 2 2 2 2 2 2 2 2 2 2 2 2 2 2 2 2 2 2 2 2 2 2 2 2 2 2 2
left_child=-1 13 3 -3 7 -6 -7 -4 11 -5 -11 12 21 14 -2 16 19 -18 -19 20 -15 27 -23 -24 29 -26 -27 28 -8 -25
right_child=1 2 4 9 5 6 8 -9 -10 10 -12 -13 -14 15 -16 -17 17 18 -20 -21 -22 22 23 24 25 26 -28 -29 -30 -31
leaf_value=-0.052708242175453425 -0.0096252131858770261 0.06446207182821112 -0.044826458668579434 -0.022540265681281299 0.0001105304566781496 0.028695567016587938 0.030125572474440167 0.0041734933303408496 0.052340637005190344 0.0024140776351868915 0.051929570103057592 -0.039406622495832128 0.055461113467150096 -7.7689472347942424e-05 0.014196367914473151 -0.019358051459412249 -0.0039054295092256666 0.056914102588411064 0.0035925369114585418 0.02014773906438427 -0.022424104741765118 0.033453165021767213 -0.037518864685849938 0.010416649197433681 -0.027306417244084509 0.030602583165916315 -0.001967215187789651 -0.043858056717420574 -0.028243722264896482 0.052456123524261711
leaf_weight=13.40395165607333 74.043267250061035 4.0654685907065895 4.0570647083222857 2.6289261430501965 109.02542961388826 11.962736550718544 2.0640469454228869 3.4491555765271187 1.8018246069550503 10.176607944071291 3.5268541164696208 1.5266154184937466 2.0527935400605193 62.644627094268799 6.9251483082771292 6.6593418717384329 3.95068810880184 2.9007555991411209 2.8942767232656479 5.3559211492538443 5.8162625283002845 4.9949450492858878 2.1819377765059498 3.4346360228955772 4.1430196017026928 4.3194474503397933 11.678874820470808 1.9961617439985273 2.2509547770023346 2.1715907752513885
leaf_count=275 317 40 26 50 630 218 29 27 45 62 99 13 26 290 29 32 35 29 37 24 24 91 32 51 40 73 108 21 16 50
internal_value=-0.00113369 0.000761851 0.00459125 0.020126 0.00276077 0.00389716 0.0111938 -0.0223107 0.00650116 0.00908982 0.0151579 0.00457206 0.00619815 -0.0035668 -0.00758778 4.17756e-05 0.0015878 0.0164239 0.0302831 -0.00037094 -0.00197618 0.00362073 0.00701618 0.00228816 0.00566154 -0.000194606 0.00682643 -0.0140929 -0.000323232 0.0267008
internal_weight=378.103 364.699 193.509 20.3979 173.111 165.605 56.5796 7.50622 44.6168 16.3324 13.7035 42.815 41.2884 171.19 80.9684 90.2219 83.5625 9.74572 5.79503 73.8168 68.4609 39.2356 32.9245 27.9295 25.7476 20.1413 15.9983 6.31116 4.315 5.60623
internal_count=2839 2564 1747 251 1496 1443 813 53 595 211 161 550 537 817 346 471 439 101 66 338 314 511 445 354 322 221 181 66 45 101
is_linear=0
shrinkage=0.05


Tree=53
num_leaves=31
num_cat=0
split_feature=3 3 2 0 0 0 0 0 0 3 3 3 3 0 0 0 3 0 0 0 0 0 0 0 0 0 0 0 0 0
split_gain=15.6508 3.47116 3.23268 2.64012 1.94636 1.70424 1.42652 1.29495 1.25158 1.10913 1.00342 1.11751 1.1242 1.08928 1.64287 1.88079 1.23136 0.947674 0.818742 1.58771 1.31345 0.81822 0.741964 1.09889 0.730089 0.710189 0.693608 2.74075 1.30337 1.42543
threshold=1.0000000180025095e-35 7.5000000000000009 1.0000000180025095e-35 0.014921483583748342 0.44440254569053655 0.24178089201450351 0.22858404368162158 0.0089109009131789225 0.010077058337628843 29.500000000000004 29.500000000000004 10.500000000000002 9.5000000000000018 0.1960060000419617 0.063277509063482298 0.060224367305636413 12.500000000000002 0.073012433946132674 0.22997444868087771 0.073132771998643889 0.07284188270568849 0.067683413624763503 0.069691803306341185 0.069985084235668196 0.0093518267385661619 0.013016127515584232 0.063774496316909804 0.062041370198130615 0.018745350651443008 0.057193430140614517
decision_type=2 2 2 2 2 2 2 2 2 2 2 2 2 2 2 2 2 2 2 2 2 2 2 2 2 2 2 2 2 2
left_child=-1 7 9 24 5 6 10 -2 -9 25 11 12 -5 14 15 -13 -16 21 19 20 -10 -18 -23 -24 -4 -3 27 28 -27 -30
right_child=1 2 3 4 -6 -7 -8 8 18 -11 -12 13 -14 -15 16 -17 17 -19 -20 -21 -22 22 23 -25 -26 26 -28 -29 29 -31
leaf_value=-0.052569189995800597 0.023871897330497965 0.024557315103419148 0.0090583951543262761 0.010060764231185071 -0.043274727950185936 0.044114300493197998 -0.03325945371872284 -0.030289229617049909 -0.0014347868767999692 -0.024414811410546026 0.052237907065310979 0.01127186837285276 0.044789482868241498 -0.0098186474508873967 0.053987059289125706 -0.033887598316438845 0.035626775749505471 0.055370417668809117 -0.022801707018393777 0.025909127608040081 -0.030606475627798231 -0.016983577629299491 0.05368699608289882 0.0010352637277278689 0.052634824482360613 -0.0035526302334655496 0.0067926570707606262 -0.032110011480100786 0.025164657191012785 -0.0078211829366147921
leaf_weight=13.154978603124617 4.7991289570927611 4.0639246255159369 1.1401121467351902 4.5600950308144075 1.4615526795387257 4.6432503014802924 1.6546844579279412 3.9470736235380164 165.05330066382885 3.533145159482955 1.6538605783134688 8.1805532127618807 4.7655186727643013 6.6839578896760932 2.7526195161044589 3.2103980779647818 2.678836125880478 1.4119581729173649 4.5335670262575141 5.209280624985694 3.9509782046079627 2.8074671104550362 1.3505668863654134 3.7220870852470398 6.1251244805753231 25.164938673377037 60.615625843405724 6.2572256177663794 10.572409883141516 4.7451006323099127
leaf_count=283 29 31 22 82 12 65 20 17 828 16 43 138 76 58 46 26 47 21 20 28 18 40 22 61 152 135 372 30 66 26
internal_value=0.00100133 0.00295212 0.00804341 0.0175789 0.0136011 0.0152611 0.0123123 -0.00176612 -0.0024396 0.00316563 0.0140348 0.0125348 0.0278076 0.00819232 0.0128022 -0.00145577 0.0238329 0.0168992 -0.00182463 -0.00127874 -0.00211676 0.0117548 0.00363959 0.0150535 0.0457965 0.00404022 0.00326354 -0.00131329 0.00344685 0.0149462
internal_weight=374.403 361.248 173.755 58.8026 51.5374 50.0759 45.4326 187.493 182.694 114.952 43.7779 42.1241 9.32561 32.7984 26.1145 11.391 14.7235 11.9709 178.747 174.214 169.004 10.559 7.88012 5.07265 7.26524 111.419 107.355 46.7397 40.4824 15.3175
internal_count=2830 2547 1607 931 757 745 680 940 911 676 660 617 158 459 401 164 237 191 894 874 846 170 123 83 174 660 629 257 227 92
is_linear=0
shrinkage=0.05


Tree=54
num_leaves=31
num_cat=0
split_feature=3 3 2 0 0 0 0 0 3 0 0 0 0 3 3 0 3 0 0 0 0 0 0 0 0 0 2 3 2 0
split_gain=14.3073 2.61767 3.79326 2.25435 1.2918 1.91026 1.05279 1.4839 0.959078 2.129 1.84446 1.18596 1.47158 0.867837 1.6366 0.798027 1.21968 1.65526 0.785773 1.72006 0.698675 1.45154 0.847677 0.817142 0.689211 0.643247 1.25664 0.57344 1.61852 1.57376
threshold=1.0000000180025095e-35 4.5000000000000009 1.0000000180025095e-35 0.44440254569053655 0.26608741283416754 0.25223581492900854 0.012417749967426063 0.013045935891568662 21.500000000000004 0.22346362471580508 0.013884788379073145 0.22346362471580508 0.073521811515092864 29.500000000000004 28.000000000000004 0.2284648343920708 11.500000000000002 0.23922593146562579 0.24178089201450351 0.22858404368162158 0.060366710647940643 0.057193430140614517 0.021257515996694568 0.069785099476575865 0.070586379617452635 0.07252297550439836 1.0000000180025095e-35 1.5000000000000002 1.0000000180025095e-35 0.064088813960552229
decision_type=2 2 2 2 2 2 2 2 2 2 2 2 2 2 2 2 2 2 2 2 2 2 2 2 2 2 2 2 2 2
left_child=-1 20 6 4 5 13 -3 -8 10 24 -9 12 -12 14 18 -13 -17 -18 19 -4 21 22 -2 27 -10 26 -25 28 -22 -30
right_child=1 2 3 -5 -6 -7 7 8 9 -11 11 15 -14 -15 -16 16 17 -19 -20 -21 23 -23 -24 25 -26 -27 -28 -29 29 -31
leaf_value=-0.05243761951154572 -0.00098323095257869613 0.023514051952466433 0.017897131411398724 -0.048047332052569752 0.055030356649870299 -0.039664888550655968 -0.027924224227638572 0.037962129520338388 -0.013861175216179423 0.01417282184691409 0.0020277304796320968 -0.029436085898342373 0.023506535307853155 0.052126066320354325 -0.018945881549143534 -0.015809151338170884 0.040583875211695028 -0.0047286734074185009 0.054052517288365715 -0.034070088838823787 -0.041062904623051677 0.025339736668871085 -0.021113098771961703 -0.01095380345172915 -0.03963302567859163 -0.011382388787036901 0.023542483475970783 -0.0051766615290135144 0.0080098449266072444 -0.027451115906789298
leaf_weight=12.544007062911986 90.838813260197639 4.914885275065898 56.755209511145949 1.3892710655927647 2.0860455036163321 1.5566423535346974 4.6102340370416632 3.5768857747316352 8.2085502147674578 6.1502086073160163 77.644061893224716 3.7551921457052257 8.8872586488723737 1.6550610754638899 3.2789717167615882 10.993260130286219 2.8443270027637464 6.9159768745303154 1.4223437346518029 1.6382596120238293 5.5628645718097696 5.0568636134266844 5.5493306145071974 4.7236191332340258 3.7928622364997855 6.7496643066406241 5.9850096106529236 14.142672926187513 6.6532599031925201 5.906350240111351
leaf_count=283 418 35 898 11 29 17 23 20 40 39 421 23 56 45 35 58 24 40 23 20 25 25 26 19 22 29 30 70 27 24
internal_value=6.23543e-05 0.00187535 0.0054589 0.0150078 0.0162886 0.0150698 0.000776063 -3.74142e-05 0.000930923 -0.00974772 0.00262207 0.00148368 0.00423373 0.0163857 0.0154482 -0.00822571 -0.00438786 0.00847621 0.0173336 0.0164392 -0.00315205 -0.000772236 -0.00214216 -0.0080073 -0.022006 0.000706432 0.00832603 -0.0127222 -0.0186107 -0.00866622
internal_weight=375.788 363.244 212.076 69.7818 68.3925 66.3065 142.294 137.379 132.769 18.1516 114.617 111.04 86.5313 64.7498 63.0948 24.5088 20.7536 9.7603 59.8158 58.3935 151.168 101.445 96.3881 49.7234 12.0014 17.4583 10.7086 32.2651 18.1225 12.5596
internal_count=2855 2572 1879 1078 1067 1038 801 766 743 101 642 622 477 1021 976 145 122 64 941 918 693 469 444 224 62 78 49 146 76 51
is_linear=0
shrinkage=0.05


Tree=55
num_leaves=31
num_cat=0
split_feature=3 3 2 3 0 3 0 0 0 0 0 0 3 0 0 0 0 0 0 0 0 0 3 0 3 0 3 3 0 3
split_gain=13.492 3.20633 1.60898 1.98177 2.26724 1.89908 1.18444 3.02783 1.0973 1.65647 0.912649 1.82564 0.850569 0.87755 1.47096 0.765997 1.87022 1.36707 1.16866 0.711001 0.67965 1.79417 1.50648 0.924194 1.63937 1.0942 1.21809 1.04217 0.955041 0.910875
threshold=1.0000000180025095e-35 4.5000000000000009 1.0000000180025095e-35 19.500000000000004 0.072689861059188857 15.500000000000002 0.0089109009131789225 0.010077058337628843 0.26739247143268591 0.22858404368162158 0.012417749967426063 0.014388924930244686 18.500000000000004 0.22382622212171557 0.070796813815832152 0.010993865318596365 0.013884788379073145 0.015112442430108787 0.013045935891568662 0.060224367305636413 0.014469849877059461 0.014921483583748342 11.500000000000002 0.019912107847630981 11.500000000000002 0.016558715142309669 9.5000000000000018 12.500000000000002 0.069985084235668196 10.500000000000002
decision_type=2 2 2 2 2 2 2 2 2 2 2 2 2 2 2 2 2 2 2 2 2 2 2 2 2 2 2 2 2 2
left_child=-1 6 10 5 -5 8 -2 -8 9 20 -3 -12 13 14 19 -9 18 -18 -17 -7 22 -22 -4 25 29 26 -23 -26 -29 -25
right_child=1 2 3 4 -6 12 7 15 -10 -11 11 -13 -14 -15 -16 16 17 -19 -20 -21 21 23 -24 24 27 -27 -28 28 -30 -31
leaf_value=-0.052313088192139895 0.024199362026189303 0.023531355000564538 0.042386892566756311 0.053641185691816806 0.010237475595272692 0.021586330585429032 -0.056034256189798508 0.014394057956408475 0.055675011128947509 -0.030535092997723352 -0.017171903656911732 0.0035788200609960736 -0.045787504037998535 -0.029844954753815978 0.053284565117551752 -0.0095439088352741643 0.019026916340424999 -0.0035690163722946612 -0.037195393419172613 -0.018003346149453085 -0.043080241978243949 0.053593774849446253 -0.015534961548111606 0.0081869854418444334 0.054122713513434867 0.052077408677906889 -0.0097212894883860583 0.035366060542343973 -0.0096289532151769761 -0.015376917702486895
leaf_weight=11.959915917366741 3.6516701057553282 5.01002063602209 4.7126277815550557 5.5861227605491859 6.5210061594843864 1.5844142511486969 2.8095754086971274 5.6667321026325217 1.4210665374994267 2.2736672237515441 11.593940675258635 123.58769977837801 1.4951330535113818 2.6115746423602104 1.2488589361310003 9.7092528343200701 7.1106997877359381 114.164560880512 6.3008566945791236 3.9901354163885117 1.4893436282873143 1.1253185309469693 1.4736083857715128 15.552168995141988 2.6903389170765868 3.0077521502971649 2.3376354873180389 2.6316322088241577 2.1369762532413006 5.5699399113655081
leaf_count=283 21 37 105 120 85 35 12 26 19 27 60 697 23 19 25 42 32 524 26 47 14 21 36 197 47 83 38 43 30 72
internal_value=-6.99089e-05 0.00167024 0.00565896 0.0118819 0.0302636 0.00800146 -0.00392659 -0.00463121 0.0124163 0.0110503 0.00257576 0.00179912 -0.0107492 -0.00519678 0.004237 -0.00362094 -0.00436454 -0.00224416 -0.0204263 -0.00675106 0.0132632 0.0106685 0.0285895 0.0129523 0.0090892 0.0300155 0.0108535 0.0292403 0.0152023 0.00197314
internal_weight=371.024 359.064 209.651 69.4593 12.1071 57.3522 149.413 145.762 46.4221 45.001 140.192 135.182 10.9301 9.43498 6.82341 142.952 137.285 121.275 16.0101 5.57455 42.7273 36.5411 6.18624 35.0518 28.5811 6.47071 3.46295 7.45895 4.76861 21.1221
internal_count=2846 2563 1880 1086 205 881 683 662 732 713 794 757 149 126 107 650 624 556 68 82 686 545 141 531 389 142 59 120 73 269
is_linear=0
shrinkage=0.05


Tree=56
num_leaves=31
num_cat=0
split_feature=3 3 2 3 0 0 3 3 3 0 0 0 0 0 0 0 3 0 0 3 3 0 0 0 3 0 0 0 0 0
split_gain=12.5338 1.73997 2.33991 0.972438 0.96746 1.05536 0.885804 1.44386 1.35439 0.991739 1.16355 1.42676 1.33916 1.97676 1.19991 3.37538 1.39125 0.898393 2.94447 0.809801 1.90806 1.48432 1.07786 4.12611 2.03906 1.92928 1.1801 2.85706 1.04535 0.77413
threshold=1.0000000180025095e-35 6.5000000000000009 1.0000000180025095e-35 29.500000000000004 0.010400011669844391 0.0093518267385661619 12.500000000000002 19.500000000000004 21.500000000000004 0.22931337356567386 0.22037933766841891 0.07252297550439836 0.063061632215976729 0.063774496316909804 0.01505062496289611 0.014553235843777658 10.500000000000002 0.019912107847630981 0.020615364424884323 11.500000000000002 14.500000000000002 0.022184890694916252 0.072047267109155669 0.069155588746070876 7.5000000000000009 0.23281815648078921 0.062328308820724494 0.018745350651443008 0.072047267109155669 0.014469849877059461
decision_type=2 2 2 2 2 2 2 2 2 2 2 2 2 2 2 2 2 2 2 2 2 2 2 2 2 2 2 2 2 2
left_child=-1 4 19 6 5 -2 9 29 -9 10 11 12 14 -14 15 16 -4 -16 -19 22 21 -21 23 24 -3 -24 27 -26 -23 -8
right_child=1 2 3 -5 -6 -7 7 8 -10 -11 -12 -13 13 -15 17 -17 -18 18 -20 20 -22 28 25 -25 26 -27 -28 -29 -30 -31
leaf_value=-0.052195196509699684 0.00047506369188151385 0.019587586606981677 0.052849043169004975 0.051962872920114603 -0.0013959790331247266 -0.029748664332101427 0.027530906022305304 0.05462200644525287 0.011179171955813288 0.05431876693658199 -0.012358525753417143 0.044106981265187917 -0.062108966898690957 0.0085990267966979863 0.052161159593442502 -0.074125611600053043 -0.0096590249875773242 -0.038008927740501686 0.041884489712134813 0.033948200980459801 -0.0019685243534068382 -0.0020767753504507529 -0.028926125632007357 0.039918723649059858 -0.015810539789896078 0.0063866658635601901 -0.025580587606459239 0.023829564358693042 0.024828956353353929 -0.004960934704095552
leaf_weight=11.321093760430811 5.2045341953635198 6.7131373882293692 1.9873336106538908 1.5215089544653881 158.60817479714751 6.4900163635611534 2.0282437838614049 2.3238171711564046 7.8705698475241661 1.7408084124326695 3.3201453015208235 4.6507519483566275 1.2679737322032441 4.4838585667312145 3.4861205462366325 1.1323669403791425 1.6123935319483278 1.5869263261556623 4.2200904414057732 7.6447746604681042 41.526726007461548 10.507536858320238 9.5655969977378863 5.7657395824789992 15.887736983597284 6.4935462474822989 9.4219498485326749 6.3673260211944571 5.4994895681738845 19.061318311840296
leaf_count=281 30 33 52 45 757 30 53 38 121 27 23 67 14 85 94 10 39 17 68 57 240 63 57 34 82 35 48 39 40 253
internal_value=-0.000397897 0.00124014 0.0045606 0.0124813 -0.00241928 -0.0162979 0.0114929 0.00563214 0.021082 0.0177104 0.0154137 0.0191884 0.0133286 -0.00698833 0.0216607 0.0011659 0.0248504 0.0320967 0.0200514 0.000625664 0.00448775 0.0158234 -0.00355477 0.000479506 -0.00544379 -0.0146473 -0.0107486 -0.00446923 0.00716715 -0.0018361
internal_weight=369.312 357.991 187.688 62.2942 170.303 11.6946 60.7727 31.2839 10.1944 29.4888 27.748 24.4278 19.7771 5.75183 14.0252 4.73209 3.59973 9.29314 5.80702 125.394 65.1785 23.6518 60.215 44.1559 38.3902 16.0591 31.677 22.2551 16.007 21.0896
internal_count=2832 2551 1734 1006 817 60 961 465 159 496 469 446 379 99 280 101 91 179 85 728 400 160 328 236 202 92 169 121 103 306
is_linear=0
shrinkage=0.05


Tree=57
num_leaves=31
num_cat=0
split_feature=3 0 0 0 0 0 3 3 0 0 0 3 3 0 0 3 0 3 3 0 0 0 0 0 2 0 0 0 0 0
split_gain=12.6422 0.842197 3.13344 1.03895 1.21752 2.51572 1.35099 1.4019 0.991206 0.820481 1.26114 2.08121 0.813278 1.28487 1.98716 0.938687 0.828484 0.794974 0.753769 0.666213 1.25366 0.94697 0.854953 0.63568 0.633493 1.30862 1.23053 0.746423 2.15493 2.19813
threshold=1.0000000180025095e-35 0.060366710647940643 0.061115605756640441 0.061847647652029998 0.063774496316909804 0.063061632215976729 5.5000000000000009 12.500000000000002 0.057538069784641273 0.42452575266361242 0.26608741283416754 17.500000000000004 8.5000000000000018 0.011630491819232704 0.012417749967426063 18.500000000000004 0.0093518267385661619 23.000000000000004 5.5000000000000009 0.01841287408024073 0.017724422737956051 0.019347880966961387 0.016721292398869995 0.063277509063482298 1.0000000180025095e-35 0.020097580738365654 0.02071645483374596 0.013884788379073145 0.053663928061723716 0.019975381903350357
decision_type=2 2 2 2 2 2 2 2 2 2 2 2 2 2 2 2 2 2 2 2 2 2 2 2 2 2 2 2 2 2
left_child=-1 8 -3 -4 5 6 -5 -8 12 10 -6 -12 24 16 -15 19 -14 -17 -10 20 22 -21 -16 -7 25 -2 -27 -26 29 -29
right_child=1 2 3 4 9 23 7 -9 18 -11 11 -13 13 14 15 17 -18 -19 -20 21 -22 -23 -24 -25 27 26 -28 28 -30 -31
leaf_value=-0.052083557249189338 0.0015059310500587391 -0.043886269161336984 0.033760787812196623 -0.011609119738351704 0.0020074397557604063 -0.047022457421953677 0.035295412213977667 -0.0073522395354545973 0.037680479802581018 -0.016785729012175361 0.054188500203761293 -0.00090550689112530456 0.0074390686485598509 0.055065727594382496 0.0082425656216938877 -0.026005649451324706 -0.050120152539174762 0.010439988392522566 0.0076054714791564384 0.04378078869492609 -0.018147197264915486 0.013342291009032071 0.041629190544756715 -0.019650001139760044 -0.0019192352056413581 -0.037000034272664385 -0.0016361526517552985 0.0082715994446540732 -0.029288983724713575 0.044052874268277066
leaf_weight=10.945072844624518 51.167500048875809 3.9643533602356902 2.3964940682053557 8.800591699779039 135.74217977188528 3.7105383872985822 4.4710144214332095 3.3864267319440842 3.9315896704792959 5.4000960439443579 3.1159892790019503 3.8101485520601273 1.1021338403224938 2.4536668453365555 18.146552622318275 3.301448691636323 1.4445666670799253 2.7364015430212021 4.4318199418485165 3.270088465884327 4.2318818215280762 11.688766831532119 2.1440681871026745 4.9514301642775536 20.300990244373679 4.6721747815608961 5.1950483024120331 26.341821264475588 3.1475802883505812 5.1277494877576819
leaf_count=285 223 22 15 41 1066 21 29 19 20 31 25 26 22 40 184 33 29 31 34 34 33 113 31 37 118 20 23 171 16 33
internal_value=0.000842684 0.00247637 7.31259e-05 0.00106451 0.000612598 -0.00951947 0.00184544 0.016915 0.00494716 0.0023452 0.00306932 0.0238806 0.00410332 0.00939788 0.0112351 0.00887245 -0.0252103 -0.0094882 0.0217436 0.0116803 0.00660753 0.0199963 0.0117705 -0.0313756 0.00179654 -0.00170912 -0.0183811 0.00569264 0.0101566 0.0141019
internal_weight=365.53 354.585 179.749 175.785 173.388 25.32 16.658 7.85744 174.836 148.068 142.668 6.92614 166.472 50.5196 47.9729 45.5192 2.5467 6.03785 8.36341 39.4814 24.5225 14.9589 20.2906 8.66197 115.953 61.0347 9.86722 54.9181 34.6172 31.4696
internal_count=2825 2540 1332 1310 1295 147 89 48 1208 1148 1117 51 1154 550 499 459 51 64 54 395 248 147 215 58 604 266 43 338 220 204
is_linear=0
shrinkage=0.05


Tree=58
num_leaves=31
num_cat=0
split_feature=3 3 0 3 0 0 2 3 0 0 0 0 0 0 0 0 3 0 0 3 0 0 3 0 0 3 0 0 0 0
split_gain=12.2504 3.68868 1.67208 1.32708 1.179 1.17737 0.883707 2.33018 1.52425 2.2157 1.23703 1.08351 1.32094 0.722263 1.0612 1.16434 0.887283 0.719542 1.41271 1.00661 3.45245 2.42391 1.17217 1.07036 2.90675 1.69097 1.47979 1.06708 0.592418 2.08344
threshold=1.0000000180025095e-35 7.5000000000000009 0.26739247143268591 20.500000000000004 0.22997444868087771 0.073132771998643889 1.0000000180025095e-35 10.500000000000002 0.07252297550439836 0.069591987878084197 0.22666641324758532 0.017963821999728683 0.01282037701457739 0.020512533374130729 0.074742767959833159 0.070977650582790389 9.5000000000000018 0.24861386418342593 0.23281815648078921 11.500000000000002 0.22666641324758532 0.22346362471580508 8.5000000000000018 0.062328308820724494 0.069155588746070876 10.500000000000002 0.16935998946428302 0.20603106915950778 0.021257515996694568 0.063277509063482298
decision_type=2 2 2 2 2 2 2 2 2 2 2 2 2 2 2 2 2 2 2 2 2 2 2 2 2 2 2 2 2 2
left_child=-1 4 6 -4 5 -2 11 13 9 28 -10 12 -3 -8 15 16 -15 18 19 21 27 22 -13 25 -25 -24 -26 -21 -9 -30
right_child=1 2 3 -5 -6 -7 7 8 10 -11 -12 17 -14 14 -16 -17 -18 -19 -20 20 -22 -23 23 24 26 -27 -28 -29 29 -31
leaf_value=-0.051977812053303589 -0.0025948374665618621 0.022117759224565992 0.046122474602388282 0.0078600946974743732 -0.028452359762845599 0.020780746296349257 0.052049671335908071 0.014493842300789317 -0.017299247127144358 0.043276863201796099 0.014263309573832723 0.02613138791936901 -0.0096439745550486074 -0.00048522570881113841 0.043037605058831196 -0.038340619700124402 0.052934326016105905 -0.01450794865115 0.035900858588181088 0.010847960728570602 0.058820780076611914 -0.040778839622128527 0.038076573894072305 -0.035094424251549537 0.026787967112431577 -0.0076597719958201513 -0.014018287792261089 -0.011017056354357686 -0.027049678178506384 0.016399913176265726
leaf_weight=10.68814344704151 177.34214698150754 3.8377559408545521 4.9238442126661521 4.1985196471214294 4.2734744250774375 5.5555290877819052 3.195774668827652 11.613852018490439 9.540751073509453 4.9995493721216908 4.6017030254006377 5.0176462233066621 22.264922469854355 1.8523101322352868 3.8419526927173138 1.0698379948735235 1.3394065201282501 3.7968602776527396 4.2238674312829962 30.913267754018307 3.4988576248288146 3.3479091674089423 3.8657406568527239 6.0848713219165793 5.256793409585951 4.23485067486763 3.8480322957038879 6.8091650009155265 4.7027653381228429 6.675062382593751
leaf_count=292 891 31 40 27 19 30 99 250 109 100 57 28 116 33 52 14 27 22 32 182 28 20 23 30 33 26 23 43 50 121
internal_value=0.000767483 0.00234782 0.00768978 0.0285124 -0.00249139 -0.0018848 0.00650579 0.0117571 0.00634988 0.0131097 -0.00702935 0.00388346 -0.00497419 0.0319198 0.0239812 0.00680117 0.0219323 0.00674148 0.00778792 0.00615853 0.0113081 -0.000547093 0.00421102 -0.000511497 -0.00833914 0.0141664 0.00954175 0.00690117 0.00654983 -0.00155898
internal_weight=367.415 356.727 169.556 9.12236 187.171 182.898 160.434 53.433 42.1337 27.9912 14.1425 107.001 26.1027 11.2993 8.10351 4.26155 3.19172 80.8979 77.101 72.8771 41.2213 31.6558 28.3079 23.2903 15.1897 8.10059 9.10483 37.7224 22.9917 11.3778
internal_count=2848 2556 1616 67 940 921 1549 912 687 521 166 637 147 225 126 74 60 490 468 436 253 183 163 135 86 49 56 225 421 171
is_linear=0
shrinkage=0.05


Tree=59
num_leaves=31
num_cat=0
split_feature=3 2 0 0 0 0 0 3 0 0 3 3 3 0 0 0 0 3 0 3 3 3 0 0 0 0 0 0 0 3
split_gain=11.3284 2.24126 1.43722 1.75655 1.65195 2.15553 3.00484 1.45736 2.77626 1.76655 1.52666 1.29619 2.67856 1.67638 1.75046 1.38487 1.12451 1.09995 1.05039 1.75121 2.20204 1.69848 1.55347 1.27655 1.64478 1.12975 1.0237 2.19945 1.50187 1.95209
threshold=1.0000000180025095e-35 1.0000000180025095e-35 0.061115605756640441 0.063195791095495238 0.063968017697334303 0.066251005977392211 0.066575963050127043 21.500000000000004 0.22257384657859805 0.069628302007913603 18.500000000000004 7.5000000000000009 10.500000000000002 0.073012433946132674 0.0089109009131789225 0.010310030542314054 0.011424486991018059 29.500000000000004 0.018291921354830269 8.5000000000000018 5.5000000000000009 10.500000000000002 0.02071645483374596 0.017082292586565021 0.016661843284964565 0.017724422737956051 0.44440254569053655 0.24178089201450351 0.021257515996694568 11.500000000000002
decision_type=2 2 2 2 2 2 2 2 2 2 2 2 2 2 2 2 2 2 2 2 2 2 2 2 2 2 2 2 2 2
left_child=-1 2 18 -4 -5 -6 -7 9 -9 -8 -11 13 -13 14 -3 -16 -17 26 23 20 22 -21 -20 24 -2 -25 27 28 -14 -30
right_child=1 11 3 4 5 6 7 8 -10 10 -12 12 17 -15 15 16 -18 -19 19 21 -22 -23 -24 25 -26 -27 -28 -29 29 -31
leaf_value=-0.051877638363190419 -0.0020583366634471787 0.040554478624515895 0.022128701134069433 -0.019651867834308921 0.035179766327662773 -0.043268091526266289 0.028835957817996367 -0.038572374498015184 0.010953520244198855 -5.5037602145016847e-05 0.027750729125088865 0.035248157934498113 0.018659465626319035 -0.028255282444115171 -0.0251589202542663 0.031711206874015678 0.0033705928853415218 0.051865864394882666 -0.022829601066632187 0.033262056890268794 -0.050618752321581521 -0.0069560793167725747 0.0057696889922573217 0.02887972006266433 -0.033655138353921588 -0.0014695972246982984 -0.03308079997146661 0.042388822954450955 -0.030766740508420865 0.0038026185093872934
leaf_weight=10.011595260351895 45.717444434762001 3.255648296326398 10.657307118177412 9.0072107315063459 4.8679292500019065 3.6710443794727317 7.5814990550279608 5.540412560105322 5.7834911569952965 45.41660413146019 5.5384107008576384 10.694038301706312 11.579257214441894 4.0674507319927207 4.0988207459449759 3.6594809889793387 80.374913081526756 1.346994962543248 13.509393438696867 3.302523851394656 4.7145772576332083 12.799308858811854 7.321629285812377 5.8880683183670026 4.5265159606933585 6.3986544534564018 1.6143353879451741 4.0740473922342053 5.0872446820139912 20.702297249808908
leaf_count=287 226 21 51 43 26 19 45 29 37 254 36 217 250 25 18 18 457 42 57 20 21 80 32 28 20 31 13 62 63 294
internal_value=0.000570061 0.00205841 -0.00138006 0.00296434 0.000627674 0.00295757 0.000824392 0.00314138 -0.0132779 0.00631768 0.00296723 0.00667736 0.0127838 0.00315265 0.00455052 0.00322053 0.00460475 0.00737366 -0.00546949 -0.0116214 -0.0197614 0.00129276 -0.0127776 -0.00137213 -0.00490492 0.0130745 0.00598177 0.00750339 0.00370009 -0.00301653
internal_weight=362.808 352.797 202.242 98.0639 87.4066 78.3994 73.5315 69.8604 11.3239 58.5365 50.955 150.555 55.0982 95.4563 91.3889 88.1332 84.0344 44.4042 104.178 41.6474 25.5456 16.1018 20.831 62.5307 50.244 12.2867 43.0572 41.4428 37.3688 25.7895
internal_count=2822 2535 1055 540 489 446 420 401 66 335 290 1480 941 539 514 493 475 724 515 210 110 100 89 305 246 59 682 669 607 357
is_linear=0
shrinkage=0.05


Tree=60
num_leaves=31
num_cat=0
split_feature=3 3 0 0 0 0 0 3 0 0 3 0 0 3 0 3 0 3 0 0 0 3 0 3 0 0 2 0 3 3
split_gain=10.3991 1.35619 1.24337 2.16281 1.49893 1.91374 1.03663 2.77771 1.44132 3.04441 1.97324 2.75588 1.18471 0.974445 1.90402 1.27816 0.833129 1.15798 0.977965 1.11185 0.718872 0.699792 0.678673 0.667942 0.62565 1.61104 0.619628 0.684753 0.785802 1.90106
threshold=1.0000000180025095e-35 3.5000000000000004 0.013030957430601122 0.013045935891568662 0.011630491819232704 0.0093518267385661619 0.01378528540953994 17.500000000000004 0.017082292586565021 0.017724422737956051 4.5000000000000009 0.017922886647284034 0.018473540432751182 26.500000000000004 0.069155588746070876 23.000000000000004 0.42452575266361242 19.500000000000004 0.072238828986883177 0.20603106915950778 0.012417749967426063 6.5000000000000009 0.014388924930244686 9.5000000000000018 0.067192967981100096 0.069155588746070876 1.0000000180025095e-35 0.22037933766841891 16.500000000000004 11.500000000000002
decision_type=2 2 2 2 2 2 2 2 2 2 2 2 2 2 2 2 2 2 2 2 2 2 2 2 2 2 2 2 2 2
left_child=-1 24 4 -4 5 -3 7 -5 21 -10 -11 -12 -13 15 -15 16 17 26 -19 -20 -6 -8 -23 -24 -2 -26 -14 28 29 -28
right_child=1 2 3 6 20 -7 8 -9 9 10 11 12 13 14 -16 -17 -18 18 19 -21 -22 22 23 -25 25 -27 27 -29 -30 -31
leaf_value=-0.05178271869195275 -0.0011412195523032031 0.027833450948309874 -0.048285303797457296 0.060854340481056361 0.054784626911094772 -0.029445721752155825 -0.034886099750861405 -0.011997131144812826 0.05026463211289553 0.031803164095382697 -0.05545324528522047 0.029013535977727711 -0.0014372125542213843 -0.011436224385033516 0.025340698317810696 -0.029954116120583914 -0.017879930593545281 0.037899471314412916 -0.020332971862772772 0.025710173283780221 0.022035566759364231 -0.025435405457223094 0.0087716754468810092 -0.011190473700544774 -0.038256006919253634 -0.0039352889418095153 0.004472213939830271 -0.0056492675551681895 -0.00950038007271105 0.034009108492959954
leaf_weight=9.5070986077189428 115.36830302327871 2.9707254730164987 2.0557345375418654 2.6747356057167044 2.6031794212758541 2.8641741164028645 2.359976381063464 2.56142932549119 3.5213147513568392 5.8517620265483847 2.0432770252227774 4.2552702091634265 79.561255022883415 5.1267253309488323 11.224776195362208 3.2767474576830855 5.2468142099678508 4.0473275091499072 2.3574849255383015 2.9541730992496014 4.7031510677188635 3.730195768177512 7.8655643295496729 8.968657221645115 4.1789602562785175 18.809004947543144 18.746980568394072 9.4001927543431503 4.522186115384101 7.6790232881903639
leaf_count=286 527 35 10 37 46 49 12 25 38 30 12 39 457 50 120 28 30 34 18 28 60 26 64 99 19 84 275 84 60 147
internal_value=-0.000182689 0.00121283 0.00371481 0.00273605 0.0186131 -0.000283147 0.00326585 0.0252168 0.0026695 0.00425814 0.00328395 0.00224377 0.00298804 0.00226958 0.0138099 0.000900113 0.00165171 0.00244447 0.0193834 0.00527474 0.0337038 -0.00909855 -0.00613917 -0.00186343 -0.00264209 -0.0101744 0.00112238 0.00616953 0.00975937 0.0130552
internal_weight=361.036 351.529 213.173 200.032 13.1412 5.8349 197.976 5.23616 192.74 169.815 166.294 160.442 158.399 154.144 16.3515 137.792 134.515 129.269 9.35899 5.31166 7.30633 22.9244 20.5644 16.8342 138.356 22.988 119.91 40.3484 30.9482 26.426
internal_count=2829 2543 1913 1723 190 84 1713 62 1651 1450 1412 1382 1370 1331 170 1161 1133 1103 80 46 106 201 189 163 630 103 1023 566 482 422
is_linear=0
shrinkage=0.05


Tree=61
num_leaves=31
num_cat=0
split_feature=3 0 0 0 0 0 0 0 3 0 3 0 3 0 3 0 0 0 3 0 0 0 0 0 3 0 0 0 0 0
split_gain=9.78959 0.949945 1.16233 0.662454 0.926329 1.31015 1.7823 3.1385 1.30268 0.755765 0.59256 1.07724 2.77383 1.88723 0.984121 1.70969 4.81162 2.64929 2.49511 1.40603 1.38072 1.27289 2.23038 1.02754 0.929228 0.807925 2.13931 0.745451 0.939694 3.10682
threshold=1.0000000180025095e-35 0.42452575266361242 0.28557106852531439 0.0093518267385661619 0.010155373718589546 0.010993865318596365 0.011762528680264952 0.013016127515584232 17.500000000000004 0.013180983252823355 4.5000000000000009 0.013884788379073145 17.500000000000004 0.014388924930244686 13.500000000000002 0.16935998946428302 0.20477086305618289 0.073521811515092864 7.5000000000000009 0.061963930726051338 0.060224367305636413 0.23281815648078921 0.2284648343920708 0.24861386418342593 10.500000000000002 0.072047267109155669 0.070391923189163222 0.063992727547884001 0.22666641324758532 0.23922593146562579
decision_type=2 2 2 2 2 2 2 2 2 2 2 2 2 2 2 2 2 2 2 2 2 2 2 2 2 2 2 2 2 2
left_child=-1 2 3 -2 -5 -6 -7 8 -8 -9 -11 12 -12 -13 15 17 -17 25 -18 20 -16 22 24 -23 -20 26 -15 -21 -29 -30
right_child=1 -3 -4 4 5 6 7 9 -10 10 11 13 -14 14 19 16 18 -19 21 27 -22 23 -24 -25 -26 -27 -28 28 29 -31
leaf_value=-0.051692750570013248 0.01694893812577793 -0.0191330788498872 0.028862582244533905 -0.019946288520885411 0.027334425424251553 -0.023474913410053033 0.040045102030123882 -0.018572132490521542 0.002229648019807017 -0.0018619793726547572 0.060148790105419792 -0.039109456961824059 -0.012757909471432925 0.0066260714567005401 -0.0066192402478849402 -0.06869860130541515 -0.032564549020527279 0.058635432720426407 0.032772408527625828 0.020359194618326009 -0.04376579782209547 0.044815736314582855 -0.032618674480865799 0.0031949266428860541 0.0011568651585866167 -0.013585962787998111 0.047225114986030908 -0.0050460372067667458 0.059016502285647365 -0.0045549656733614059
leaf_weight=8.9954259097576124 6.5116124190390101 5.6935360841453067 3.8263077419251195 5.2721060663461676 4.7194065973162642 7.390358915552496 7.2449851948767883 5.136214403435587 3.3214626908302307 125.84955437108874 2.7048009503632775 2.7553519941866389 2.5202086120843887 76.185479303821921 7.995473846793173 2.7233746014535454 4.4246694520115879 2.5802156738936892 3.6727198772132414 4.5766215100884429 3.6405584216117859 3.6420488208532324 3.7116688489913932 2.5014122314751148 6.3294990882277489 4.4291054494678965 3.3890968896448603 31.905980888754129 2.6388170495629293 7.0741090439260006
leaf_count=284 57 32 30 31 42 46 65 36 41 576 34 19 23 678 73 26 20 28 37 35 20 34 28 18 45 34 34 325 23 70
internal_value=-0.000181977 0.0011256 0.00145641 0.00115232 0.000848293 0.00117745 0.00080149 0.00136048 0.0281582 0.000448216 0.000768256 0.00261336 0.0249833 0.0019423 0.00260215 0.00530534 -0.00567849 0.00873118 0.00138959 -0.00270729 -0.0182413 0.00895535 0.00048247 0.0278691 0.0127658 0.00719834 0.00835519 0.00120551 -0.000900729 0.0127162
internal_weight=363.362 354.367 348.673 344.847 338.335 333.063 328.344 320.953 10.5664 310.387 305.251 179.401 5.22501 174.176 171.421 113.589 27.0054 86.5839 24.282 57.8316 11.636 19.8573 13.7139 6.14346 10.0022 84.0037 79.5746 46.1955 41.6189 9.71293
internal_count=2844 2560 2528 2498 2441 2410 2368 2322 106 2216 2180 1604 57 1547 1528 982 208 774 182 546 93 162 110 52 82 746 712 453 418 93
is_linear=0
shrinkage=0.05


Tree=62
num_leaves=31
num_cat=0
split_feature=3 3 2 0 0 0 0 0 0 0 0 0 0 3 0 0 0 0 3 0 0 0 0 3 0 0 0 0 3 0
split_gain=8.68429 1.35577 1.46039 1.04574 1.46386 1.13769 1.02036 1.33518 1.85742 2.25639 3.17841 1.15676 1.02843 0.951867 0.945475 0.92726 0.898372 1.28263 0.884628 0.745332 0.701042 1.41785 1.94798 1.80133 1.23228 1.16993 1.43106 2.61114 2.18969 0.769069
threshold=1.0000000180025095e-35 1.5000000000000002 1.0000000180025095e-35 0.44440254569053655 0.26608741283416754 0.24487938731908801 0.010155373718589546 0.014469849877059461 0.015223377849906685 0.016331557184457782 0.017082292586565021 0.018871597945690158 0.0093518267385661619 12.500000000000002 0.017609325237572197 0.013180983252823355 0.014469849877059461 0.012463219463825228 10.500000000000002 0.011530827265232803 0.019975381903350357 0.059228794649243362 0.061115605756640441 8.5000000000000018 0.019727492704987529 0.062041370198130615 0.065406177192926421 0.067192967981100096 5.5000000000000009 0.22931337356567386
decision_type=2 2 2 2 2 2 2 2 2 2 2 2 2 2 2 2 2 2 2 2 2 2 2 2 2 2 2 2 2 2
left_child=-1 16 -3 4 5 6 12 13 18 -10 -11 14 -4 15 -12 19 17 -2 -9 -8 24 23 -23 -22 -13 -24 28 -28 -27 -29
right_child=1 2 3 -5 -6 -7 7 8 9 10 11 20 -14 -15 -16 -17 -18 -19 -20 -21 21 22 25 -25 -26 26 27 29 -30 -31
leaf_value=-0.051607472355328199 -0.0049903899351687936 -0.001833630064484148 0.0026402631037583078 -0.034691481108649412 0.054070694040245684 -0.035874001446543222 0.019312207921377084 -0.040818654692652924 0.056640555069227341 -0.064185158241289841 0.0070989629481694851 0.0087727419208198151 -0.041979631307704934 0.051725160913182272 0.056208737024026879 0.042876857266249874 -0.0086428602014609734 0.024203114150830863 -0.003420972716865154 -0.015822123178471325 0.048012338719115227 -0.045736408420130284 0.040369014416461492 0.0013011093102774625 -0.043328651974373439 -0.041542694226626792 0.048573970082235712 0.0027586662541829021 0.0078013821912064187 0.032553662163056205
leaf_weight=8.5704962536692602 12.241167068481447 163.58386839181185 3.3167143613100043 1.5723505616188038 1.5852014943957318 1.6233281940221775 4.0984042268246395 2.9240556284785262 2.2684443462640038 1.5780113618820895 1.7993364650756114 2.7619925606995812 2.1148168295621872 2.3881038166582575 2.1524715479463339 2.376834386959672 69.491500660777092 5.4320437312126151 3.4434741772711277 2.3895777408033609 4.5097454488277418 1.8661845009773959 2.397461272776126 3.8055255934596062 1.9264319241046903 3.9144271686673147 3.7188459746539584 34.659977978095412 5.2821303196251392 2.3101563118398181
leaf_count=284 52 895 40 12 27 20 33 23 33 18 23 31 17 78 39 34 295 23 51 35 38 15 20 63 18 21 57 431 77 38
internal_value=-0.00187584 -0.000670222 0.00110102 0.0057716 0.0064002 0.0056417 0.00632937 0.00756517 0.0053314 0.00753396 0.00600133 0.00755896 -0.0147329 0.0237074 0.0338481 0.0161596 -0.00608298 0.00398253 -0.0205945 0.00637194 0.0060119 0.00741151 0.00445955 0.0266347 -0.0126353 0.00625124 0.00461157 0.00863768 -0.0132015 0.00462047
internal_weight=362.103 353.533 266.368 102.784 101.212 99.6265 98.0031 92.5716 81.3187 74.9511 72.6827 71.1047 5.43153 11.2529 3.95181 8.86482 87.1647 17.6732 6.36753 6.48798 67.1529 62.4645 54.1492 8.31527 4.68842 52.283 49.8855 40.689 9.19656 36.9701
internal_count=2841 2557 2187 1292 1280 1253 1233 1176 996 922 889 871 57 180 62 102 370 75 74 68 809 760 659 101 49 644 624 526 98 469
is_linear=0
shrinkage=0.05


Tree=63
num_leaves=31
num_cat=0
split_feature=3 3 0 0 0 0 0 2 0 0 0 0 2 0 0 0 2 0 0 3 0 0 0 3 0 0 0 0 0 0
split_gain=8.72207 0.829736 0.653763 1.05379 0.617714 0.698785 0.897301 0.779464 0.680839 0.601372 0.796658 0.519252 0.767299 0.510034 0.676542 1.43836 0.671358 0.767951 1.02283 0.717273 0.787654 2.01732 1.79672 0.743782 0.895434 0.619862 1.62724 1.85425 1.5388 1.19118
threshold=1.0000000180025095e-35 1.5000000000000002 0.015380621422082187 0.01378528540953994 0.016608297824859623 0.018161195330321792 0.063759762793779387 1.0000000180025095e-35 0.020615364424884323 0.021257515996694568 0.019727492704987529 0.072238828986883177 1.0000000180025095e-35 0.42452575266361242 0.26608741283416754 0.25223581492900854 1.0000000180025095e-35 0.22666641324758532 0.22382622212171557 29.500000000000004 0.014388924930244686 0.014962770044803621 0.013688349630683662 9.5000000000000018 0.013030957430601122 0.071710307151079192 0.063968017697334303 0.063195791095495238 0.073063034564256682 0.020066848956048492
decision_type=2 2 2 2 2 2 2 2 2 2 2 2 2 2 2 2 2 2 2 2 2 2 2 2 2 2 2 2 2 2
left_child=-1 2 3 -2 -4 -6 7 9 -9 10 -7 12 -8 14 15 16 19 18 -18 20 22 -22 23 -3 -25 26 27 29 -27 -23
right_child=1 13 4 -5 5 6 11 8 -10 -11 -12 -13 -14 -15 -16 -17 17 -19 -20 -21 21 25 -24 24 -26 28 -28 -29 -30 -31
leaf_value=-0.051526618372520587 -0.0039157071790565448 0.01092961454122098 -0.022876687628954045 0.021386270456969763 0.0079204741297815989 -0.029221085876929894 -0.010099443721347391 0.0097238629049868699 -0.012029284234158701 -0.036499393236963155 -0.0021874247730403612 -0.012313241059281225 0.012640525753126875 -0.014295724320502183 0.017612216143188406 -0.031304868360676225 0.0056293696870335112 0.028619573309917552 -0.021268146228702774 -0.02200189265489938 0.040338159328553627 -0.0041963090770508098 -0.034649213184620831 0.0040184345541927225 -0.02782206431805432 -0.028104268283489078 0.015403136129786716 -0.02243689416240844 2.8965622061775498e-05 0.010173485093164418
leaf_weight=8.2512276973575336 12.255716249346735 7.8030709698796334 5.0384669154882422 6.1953916400670996 9.3647057414054853 4.9392290860414523 5.5282482951879546 5.4366730600595501 10.629973113536833 4.2214506268501273 6.0797159522771835 5.6922972053289405 11.276086449623108 4.7944324836134902 6.897594576701521 3.2505435943603507 89.958320796489716 3.4421558715403071 3.6789590567350379 3.5808673501014701 3.3641293346881858 29.956779323518276 4.9460841268301001 4.9450741708278638 3.9894423186779022 5.7389270812273017 21.36563753336668 8.3872553706169111 31.755768328905106 27.809712514281273
leaf_count=287 52 38 22 27 39 21 23 23 43 20 27 23 47 27 51 27 1167 45 18 16 17 156 24 35 19 26 127 40 206 139
internal_value=-0.000711429 0.000478639 -0.00376983 0.00458002 -0.00602861 -0.00468476 -0.00687874 -0.0123523 -0.0046684 -0.0204528 -0.0143052 0.000738457 0.00515959 0.00186446 0.00216146 0.00174184 0.00217028 0.00542522 0.00457258 0.000113638 0.000641372 0.00213013 -0.00817281 -0.000348826 -0.010199 0.00110195 0.00340642 -0.000468154 -0.0042771 0.00272154
internal_weight=360.574 352.323 86.658 18.4511 68.2068 63.1684 53.8037 31.307 16.0666 15.2404 11.0189 22.4966 16.8043 265.665 260.87 253.973 250.722 97.0794 93.6373 153.643 150.062 128.378 21.6837 16.7376 8.93452 125.014 87.5194 66.1537 37.4947 57.7665
internal_count=2832 2545 367 79 288 266 227 134 66 68 48 93 70 2178 2151 2100 2073 1230 1185 843 827 711 116 92 54 694 462 335 232 295
is_linear=0
shrinkage=0.05


Tree=64
num_leaves=31
num_cat=0
split_feature=3 3 0 0 2 0 0 0 3 3 3 0 0 0 0 0 0 0 0 0 3 0 0 3 0 3 0 0 3 3
split_gain=8.95336 1.49081 1.39841 1.90973 1.16165 2.72548 1.3603 1.31916 1.03456 1.46123 0.953671 1.39384 1.38543 1.11421 0.81938 0.908571 0.751897 0.88163 1.02348 1.79309 1.0902 0.9809 0.784477 0.92953 1.30803 2.11004 0.663307 0.749599 0.665497 0.57902
threshold=1.0000000180025095e-35 6.5000000000000009 0.012417749967426063 0.010714577510952951 1.0000000180025095e-35 0.014724517706781627 0.44440254569053655 0.26608741283416754 29.500000000000004 28.000000000000004 19.500000000000004 0.22037933766841891 0.20477086305618289 0.067474525421857848 0.16935998946428302 0.015112442430108787 0.073521811515092864 0.057671509683132179 0.020615364424884323 0.019912107847630981 12.500000000000002 0.061115605756640441 0.067927919328212752 16.500000000000004 0.069591987878084197 8.5000000000000018 0.064849406480789198 0.063061632215976729 16.500000000000004 10.500000000000002
decision_type=2 2 2 2 2 2 2 2 2 2 2 2 2 2 2 2 2 2 2 2 2 2 2 2 2 2 2 2 2 2
left_child=-1 -2 3 -3 -4 -6 7 8 9 10 11 12 14 -12 15 -7 17 18 19 20 -17 -19 26 24 -24 -26 27 -23 -28 -13
right_child=1 2 4 -5 5 6 -8 -9 -10 -11 13 29 -14 -15 -16 16 -18 21 -20 -21 -22 22 23 -25 25 -27 28 -29 -30 -31
leaf_value=-0.051449949161937084 -0.00017556320614642613 -0.0016131256308402641 0.0027202740259648236 0.054742657572854583 0.05340857478906879 -0.016440473069383621 -0.038375055751559993 0.05403654831768382 0.051693829872451025 -0.026678570890952158 -0.0062059952809074637 0.0072512766745094978 0.05376380037762292 0.042652992932331588 -0.032189216681122332 0.051774824914506669 0.053541805728412883 -0.030569889692263916 0.05325223578829217 -0.025988560040421937 -0.018714526566238558 0.03098135357215262 -0.053326814883046518 0.028673641310859928 0.055452835243943066 -0.019034649049176559 0.052547608873367693 -0.01185377185776473 0.0040960019206897321 -0.020438434413456077
leaf_weight=7.6684989035129538 173.54345894604921 2.6943093668669453 121.76937759667635 3.4005876816809177 3.6118866447359315 2.7919524423778155 1.5024026185274113 1.638399377465247 1.3454888071864832 2.9795710742473593 1.6378641128540028 2.8289974965155107 1.8332741819322098 4.0576339326798916 1.1615219451487053 2.470675844699151 1.1261153183877457 1.6930358298122907 2.3750886954367161 1.8322677128016946 0.70506725832819928 1.8846395760774601 1.3992857523262481 1.9631769843399522 1.3174616321921346 3.4156116768717766 2.3214882463216786 2.2296361476182938 1.0201457589864729 5.675851684063673
leaf_count=280 836 53 702 63 100 40 11 28 46 33 23 27 33 70 19 81 22 20 44 22 19 21 22 31 17 58 55 29 20 41
internal_value=0.00200753 0.00315188 0.00627863 0.02983 0.00547486 0.0113783 0.00852512 0.00988792 0.00844316 0.00724873 0.00945877 0.00673602 0.01158 0.0286025 0.00897674 0.0106518 0.0135889 0.011762 0.02622 0.0133997 0.036125 0.00557189 0.00950653 -0.00127058 -0.0108567 0.00169911 0.0212082 0.00776785 0.0377561 -0.0112279
internal_weight=365.895 358.226 184.683 6.0949 178.588 56.8185 53.2067 51.7043 50.0659 48.7204 45.7408 40.0453 31.5404 5.6955 29.7072 28.5456 25.7537 24.6276 7.3831 5.00801 3.17574 17.2445 15.5514 8.09554 6.13236 4.73307 7.45591 4.11428 3.34163 8.50485
internal_count=2866 2586 1750 116 1634 932 832 821 793 747 714 621 553 93 520 501 461 439 166 122 100 273 253 128 97 75 125 50 75 68
is_linear=0
shrinkage=0.05


Tree=65
num_leaves=31
num_cat=0
split_feature=3 0 0 0 0 3 0 0 0 0 0 3 3 3 3 0 3 3 0 3 0 0 0 0 0 3 2 0 0 0
split_gain=7.65196 0.788922 1.95095 1.55891 0.677844 0.813093 0.929485 0.774234 2.34803 2.1561 1.8982 1.10839 0.999619 0.867846 2.20672 1.55046 2.53085 0.850557 1.63697 1.08558 0.645465 0.615946 1.50921 3.26713 0.840632 0.570265 0.455091 1.64093 1.61643 2.28168
threshold=1.0000000180025095e-35 0.0087095452472567576 0.0093518267385661619 0.010077058337628843 0.42452575266361242 11.500000000000002 0.012417749967426063 0.070796813815832152 0.069887049496173873 0.07252297550439836 0.073063034564256682 12.500000000000002 14.500000000000002 19.500000000000004 23.000000000000004 0.22037933766841891 26.500000000000004 17.500000000000004 0.22997444868087771 13.500000000000002 0.011762528680264952 0.021620291285216812 0.063968017697334303 0.069368168711662306 0.060366710647940643 29.500000000000004 1.0000000180025095e-35 0.073012433946132674 0.013884788379073145 0.014724517706781627
decision_type=2 2 2 2 2 2 2 2 2 2 2 2 2 2 2 2 2 2 2 2 2 2 2 2 2 2 2 2 2 2
left_child=-1 -2 -3 -4 5 26 20 8 12 -9 -11 -12 21 17 -15 -16 -17 18 19 -13 -7 -8 24 -24 -23 -14 -5 28 -28 -30
right_child=1 2 3 4 -6 6 7 9 -10 10 11 13 25 14 15 16 -18 -19 -20 -21 -22 22 23 -25 -26 -27 27 -29 29 -31
leaf_value=-0.051377234841845254 -0.023131844259957745 0.04646846601186648 -0.034908220792995388 -0.0029344591755743926 -0.01673797858896436 0.0022978398012071144 0.020027335498474779 0.04662443991266986 -0.04941541598604475 -0.035423109394726669 0.039963533736244776 -0.035847731130698425 -0.0063585266827574901 0.04618581091175239 -0.029772316132694394 -0.021657940112390708 0.037929486362147838 -0.019781841795632492 0.030860234541429256 0.010332319177451567 0.054024813815327422 0.0077457828741128738 0.055816912922015384 -0.031375264141750091 -0.024691582662560527 0.014952709113941934 -0.011277266516358922 -0.018510885311884117 0.048361283767049679 0.0046520799558243502
leaf_weight=7.4089161679148665 3.6543480493128291 2.2655618302524081 3.1836535744369021 134.32239405810833 5.7751866132020941 0.97673261910676901 9.2027642577886599 3.4940701127052298 2.3139904495328656 2.6306215003132811 2.6157190091908005 2.5061977133154887 26.657193465158347 3.9811713211238375 2.7526148818433267 2.9647680632770061 4.4665523916482925 4.87854891270399 3.8334652259945869 2.5854450799524784 1.5764935147017238 3.6342394948005659 3.0875460691750041 1.6477167569100855 4.4345502592623234 3.5580446328967801 15.517339529469607 9.3370072152465564 3.1089910715818396 75.301656706258655
leaf_count=284 32 19 21 647 31 19 107 52 27 28 29 18 264 41 25 25 36 33 41 25 32 30 45 14 30 39 121 97 25 582
internal_value=-0.00109879 -2.3001e-05 0.000223483 -8.4355e-05 0.00024447 0.00054043 0.00448216 0.00364957 -0.000129168 0.00926335 0.00533314 0.00883865 0.00205474 0.00592777 0.0146222 0.00228316 0.0141567 -0.00299434 0.00618186 -0.0123983 0.0342367 0.0101605 0.00306885 0.0254769 -0.0100816 -0.00384899 -0.00101575 0.00148002 0.00346724 0.00638515
internal_weight=353.674 346.265 342.61 340.345 337.161 331.386 93.7984 91.2452 54.536 36.7092 33.2151 30.5845 52.2221 27.9688 14.1651 10.1839 7.43132 13.8037 8.92511 5.09164 2.55323 22.0068 12.8041 4.73526 8.06879 30.2152 237.587 103.265 93.928 78.4106
internal_count=2819 2535 2503 2484 2463 2432 960 909 556 353 301 273 529 244 127 86 61 117 84 43 51 226 119 59 60 303 1472 825 728 607
is_linear=0
shrinkage=0.05


Tree=66
num_leaves=31
num_cat=0
split_feature=3 2 0 0 0 3 3 3 0 3 3 0 0 0 0 0 0 0 0 0 0 3 0 0 0 3 3 0 0 3
split_gain=7.25648 1.72993 1.07932 2.33042 1.81045 1.05278 1.03601 1.68114 2.86151 1.51836 0.868759 1.5833 1.2454 1.13495 0.984458 1.38164 2.42438 0.811483 1.48193 0.805983 0.885081 0.695713 0.680285 0.960226 0.642527 0.605241 0.596326 0.770876 1.4858 1.52962
threshold=1.0000000180025095e-35 1.0000000180025095e-35 0.073063034564256682 0.16935998946428302 0.072235595434904112 11.500000000000002 23.000000000000004 18.500000000000004 0.2284648343920708 28.000000000000004 2.5000000000000004 0.019912107847630981 0.016558715142309669 0.020615364424884323 0.057671509683132179 0.064849406480789198 0.067683413624763503 0.013030957430601122 0.0075713105034083137 0.24178089201450351 0.22858404368162158 16.500000000000004 0.01505062496289611 0.015093456488102676 0.44440254569053655 8.5000000000000018 10.500000000000002 0.07252297550439836 0.070796813815832152 19.500000000000004
decision_type=2 2 2 2 2 2 2 2 2 2 2 2 2 2 2 2 2 2 2 2 2 2 2 2 2 2 2 2 2 2
left_child=-1 2 4 -4 -2 25 7 8 -7 -8 -3 12 17 -13 -15 -16 -17 18 -12 20 26 -10 -19 -24 -21 -5 -18 28 29 -28
right_child=1 10 3 5 -6 6 9 -9 21 -11 11 13 -14 14 15 16 19 22 -20 24 -22 -23 23 -25 -26 -27 27 -29 -30 -31
leaf_value=-0.051308262720599365 -0.0032969935498679938 0.00096160778448859752 0.039867993507972016 0.0022897878349717933 -0.032664252107395521 -0.037112546916714333 -0.034096818997094817 0.040911549018352956 0.039957880289638398 0.015241078356710069 -0.015559100019802539 -0.029727380275907885 0.052166181410721837 0.035106337030455903 -0.012162094663892467 0.052495748785443268 0.013204735566326578 -0.0068399904536090191 0.043116483683108865 0.031920263355998311 -0.034017991441576627 0.0090827225682775757 0.053094464999539126 -0.0010867113692851953 -0.0061677444860966033 -0.017467593656158742 -0.012136179436728621 -0.010626131429682504 0.052324021825268768 0.052208801907452085
leaf_weight=6.8828782401978961 158.92809119075537 77.687036767601967 4.2412534132599822 6.7663680166006079 5.4273002445697776 3.0100500285625476 3.0960054844617835 4.4273158162832251 2.8426636904478073 3.1418737396597862 1.3969713859260107 2.3245344422757617 2.8394495490938416 2.7482954598963252 10.078828033059834 2.9107838403433552 10.781085979193454 4.6916911639273149 4.6850547511130571 4.3232169877737752 1.6277050524950016 5.0941786617040634 1.4595511183142664 1.8596451524645088 1.4885143265128133 9.0750182718038541 5.2875537164509314 10.355616154149173 1.6489592585712669 1.1191025581210849
leaf_count=277 801 357 24 32 23 19 20 30 26 20 17 26 88 51 115 75 119 74 126 68 20 29 28 42 11 53 79 115 44 31
internal_value=-0.000459263 0.000525608 -0.00244408 0.00474065 -0.00426675 0.000762812 0.00793978 0.0149129 0.00439807 -0.00924648 0.00462373 0.00859571 0.0219563 0.00445949 0.00597695 0.00436361 0.00857577 0.0158696 0.0296394 0.00508586 0.00186523 0.020141 0.00541539 0.0227384 0.0221651 -0.00902858 0.00386601 -0.00160248 0.00999756 -0.00089652
internal_weight=362.247 355.364 206.05 41.6947 164.355 37.4535 21.6121 15.3742 10.9469 6.23788 149.314 71.6266 16.9324 54.6942 52.3697 49.6214 39.5425 14.0929 6.08203 36.6318 30.82 7.93684 8.01089 3.3192 5.81173 15.8414 29.1923 18.4112 8.05562 6.40666
internal_count=2840 2563 1077 253 824 229 144 104 74 40 1486 1129 375 754 728 677 562 287 143 487 408 55 144 70 79 85 388 269 154 110
is_linear=0
shrinkage=0.05


Tree=67
num_leaves=31
num_cat=0
split_feature=3 3 2 3 0 0 3 0 0 0 0 0 0 0 0 0 0 0 0 3 0 3 0 0 0 0 0 0 2 1
split_gain=7.04734 2.08637 1.00646 0.820336 0.652703 0.728619 1.25231 1.02192 0.962038 0.718732 0.703425 0.996179 1.00804 1.3739 1.12755 0.9833 2.02652 0.82336 1.91786 0.811317 0.670792 0.652625 0.800839 0.552081 1.49699 0.658272 0.720233 0.614723 2.01123 0.872768
threshold=1.0000000180025095e-35 7.5000000000000009 1.0000000180025095e-35 29.500000000000004 0.24178089201450351 0.072267085313797011 28.000000000000004 0.070796813815832152 0.069985084235668196 0.44440254569053655 0.010155373718589546 0.014469849877059461 0.016558715142309669 0.020512533374130729 0.063277509063482298 0.064088813960552229 0.065587867051363005 0.060224367305636413 0.021947006694972519 12.500000000000002 0.011630491819232704 18.500000000000004 0.067683413624763503 0.069785099476575865 0.070977650582790389 0.068705819547176375 0.066575963050127043 0.019022217020392421 1.0000000180025095e-35 1.0000000180025095e-35
decision_type=2 2 2 2 2 2 2 2 2 2 2 2 2 2 2 2 2 2 2 2 2 2 2 2 2 2 2 2 2 2
left_child=-1 23 -3 4 5 7 -7 8 10 -6 -4 20 19 -14 17 -16 -17 18 -15 -13 -12 22 -18 25 -25 26 27 29 -29 -2
right_child=1 2 3 -5 9 6 -8 -9 -10 -11 11 12 13 14 15 16 21 -19 -20 -21 -22 -23 -24 24 -26 -27 -28 28 -30 -31
leaf_value=-0.051242829579604521 -0.0033415268969640803 0.0023352969389955473 -0.023900863353568617 0.05163378344679509 0.039471829853319304 0.0046154330459849541 -0.03729431426458981 0.051813314470557571 -0.035607098905469849 -0.00081570076487226496 0.0038809348830785746 0.019351521148284163 0.051998011372172026 -0.019722340781725033 0.055359686052174707 -0.056360639011001794 0.051741280693140983 -0.021070099244139068 0.053905728148030713 -0.025651163690624562 0.051314446470184016 0.052599226692550939 0.0045181418874224132 0.025491216840495837 -0.0023760475528003043 -0.019027032563412469 0.016591346623998235 -0.015741272325599322 0.0015057361540384356 0.010111332452361501
leaf_weight=6.602676283568143 63.905734620988369 113.61719165742397 1.3077291995287037 1.197337545454501 3.4937482569366685 12.661534313112496 2.0745148062705985 1.5480259899049986 1.106283739209174 1.6205381229519842 1.0401970222592383 1.4768926557153488 2.2109961044043329 2.0239662751555474 1.7496206052601317 0.90679023787379254 1.152948413044214 3.7348190061748028 1.5709037855267522 3.1113995611667633 2.6294747851788998 1.4793947301805017 4.0567582994699478 6.1609100401401546 22.127694025635719 6.8716084063053122 4.4596073478460303 34.544997796416283 33.099520169198513 14.859509348869322
leaf_count=279 298 676 29 43 63 154 17 47 14 12 30 33 75 31 22 17 36 35 28 45 107 34 64 36 107 34 27 152 187 108
internal_value=-6.46406e-05 0.000895884 0.00497488 0.0107252 0.00976398 0.00787387 -0.00128455 0.0122125 0.0101385 0.0267061 0.0119172 0.0136429 0.00985568 0.0149627 0.0100521 0.0215665 0.0137827 -0.00462907 0.012452 -0.0111656 0.037869 0.0232915 0.014969 -0.00273891 0.0036931 -0.00389241 -0.00320307 -0.00380601 -0.00730204 -0.000803569
internal_weight=358.403 351.801 165.771 52.1539 50.9565 45.8422 14.736 31.1062 29.5582 5.11429 28.4519 27.1442 23.4745 18.8862 16.6752 9.34551 7.59589 7.32969 3.59487 4.58829 3.66967 6.6891 5.20971 186.03 28.2886 157.741 150.869 146.41 67.6445 78.7652
internal_count=2840 2561 1612 936 893 818 171 647 600 75 586 557 420 342 267 173 151 94 59 78 137 134 100 949 143 806 772 745 339 406
is_linear=0
shrinkage=0.05


Tree=68
num_leaves=31
num_cat=0
split_feature=3 0 0 2 0 0 0 0 0 3 0 0 0 0 0 0 0 3 0 2 3 3 2 0 0 3 0 0 0 0
split_gain=6.80301 1.32114 1.96925 0.973673 0.685677 1.47447 0.846766 1.2547 0.626714 0.579799 1.23439 1.15741 2.176 0.907645 1.22663 1.60998 0.934535 1.87774 0.785145 1.39944 0.692262 0.615234 1.13362 0.800044 0.553137 0.534687 0.636216 0.655217 0.42257 1.11197
threshold=1.0000000180025095e-35 0.069785099476575865 0.069985084235668196 1.0000000180025095e-35 0.23066287487745288 0.23922593146562579 0.42452575266361242 0.28880871832370764 0.22858404368162158 12.500000000000002 0.073132771998643889 0.16935998946428302 0.20477086305618289 0.20603106915950778 0.073012433946132674 0.072238828986883177 0.070796813815832152 16.500000000000004 0.071224898099899306 1.0000000180025095e-35 2.5000000000000004 10.500000000000002 1.0000000180025095e-35 0.22037933766841891 0.072689861059188857 1.5000000000000002 0.06522426009178163 0.057193430140614517 0.014469849877059461 0.012463219463825228
decision_type=2 2 2 2 2 2 2 2 2 2 2 2 2 2 2 2 2 2 2 2 2 2 2 2 2 2 2 2 2 2
left_child=-1 25 3 -3 8 -6 7 -7 9 10 18 -12 -13 14 15 16 -11 -18 19 -4 -20 22 -14 -23 -22 26 27 28 29 -2
right_child=1 2 4 -5 5 6 -8 -9 -10 13 11 12 21 -15 -16 -17 17 -19 20 -21 24 23 -24 -25 -26 -27 -28 -29 -30 -31
leaf_value=-0.051180751251697736 -0.0060655839534931363 0.011149917919674908 0.039198337630493497 0.050288199619564114 0.046266716873386286 0.0076896590740846487 -0.0088612853686562184 0.046393592246409203 -0.017806226463185672 -0.017681626799846875 0.037405199580002262 -0.03101685771104816 -0.014831619065982148 -0.014133818629684851 0.023685713387243863 -0.040437566624940934 -0.020395182380293267 0.060999842341770999 0.0027106978090928563 -0.011896877999597252 -0.0057612470390786957 0.010970992903389435 0.02802863135920506 0.047647146258498752 -0.03370986552149139 0.0014822697466380277 -0.016008532061770692 0.0085816692552727059 -0.0068717823323093249 0.02180675581315222
leaf_weight=6.1528584323823443 11.550285756587984 2.7942198961973181 2.8115342557430294 3.6844953484833241 2.7772798836231258 14.3599308654666 5.7731067016720763 2.4514384139329186 3.6872011199593535 1.94378173351288 4.7720271013677147 2.7537555806338778 3.0063156038522703 10.118650268763302 5.5206834822893143 2.4651711042970419 1.2148677483201029 1.7001937665045259 7.9636268615722638 2.560537863522768 3.8097201213240623 2.9129746705293655 3.1690038442611694 3.0372857749462128 3.3070639669895172 174.84359050355852 8.9784469902515394 12.345294848084448 40.613530859351158 5.1846429109573355
leaf_count=273 49 17 16 44 25 125 33 22 28 22 38 26 16 66 63 26 19 25 33 25 27 25 37 20 19 1438 37 53 174 22
internal_value=0.000941169 0.00185196 0.00676307 0.0334082 0.00488906 0.0118877 0.00765999 0.0133335 0.00223011 0.00340152 0.00702922 0.0159783 0.00910643 -0.002934 0.00588886 -0.00752601 0.00917191 0.027078 -0.00156936 0.0148444 -0.0074164 0.0182186 0.00716308 0.0296922 -0.0187486 -5.8022e-05 -0.00348122 -0.00186736 -0.0041167 0.00256954
internal_weight=358.264 352.111 98.5949 6.47872 92.1162 25.3618 22.5845 16.8114 66.7544 63.0672 40.1038 19.6514 14.8793 22.9633 12.8447 7.32401 4.85884 2.91506 20.4525 5.37207 15.0804 12.1256 6.17532 5.95026 7.11678 253.516 78.6722 69.6938 57.3485 16.7349
internal_count=2843 2570 797 61 736 205 180 147 531 503 282 162 124 221 155 92 66 44 120 41 79 98 53 45 46 1773 335 298 245 71
is_linear=0
shrinkage=0.05


Tree=69
num_leaves=31
num_cat=0
split_feature=3 3 0 3 2 0 0 0 0 0 0 0 0 2 3 0 0 3 3 0 2 3 0 0 3 3 3 0 0 0
split_gain=6.74111 1.31241 0.982346 1.23222 1.27549 1.22428 1.25789 1.18323 1.97063 1.76403 1.13508 1.45499 1.48801 0.956375 1.70194 2.42645 0.896179 1.24959 1.24213 2.00541 1.0948 0.89119 0.801975 1.44546 0.763095 3.27248 0.873182 1.29029 0.726838 0.661637
threshold=1.0000000180025095e-35 2.5000000000000004 0.014724517706781627 6.5000000000000009 1.0000000180025095e-35 0.017230210825800899 0.022047972306609157 0.064849406480789198 0.063992727547884001 0.066251005977392211 0.066575963050127043 0.067927919328212752 0.069074306637048735 1.0000000180025095e-35 9.5000000000000018 0.019912107847630981 0.072238828986883177 13.500000000000002 15.500000000000002 0.070796813815832152 1.0000000180025095e-35 6.5000000000000009 0.070391923189163222 0.069368168711662306 9.5000000000000018 18.500000000000004 7.5000000000000009 0.061963930726051338 0.014553235843777658 0.01505062496289611
decision_type=2 2 2 2 2 2 2 2 2 2 2 2 2 2 2 2 2 2 2 2 2 2 2 2 2 2 2 2 2 2
left_child=-1 -2 3 -3 -5 21 13 8 24 -9 -11 -12 -13 -7 15 -15 17 22 -19 20 -20 -4 23 -14 26 -26 27 -8 -6 -23
right_child=1 2 5 4 28 6 7 9 -10 10 11 12 16 14 -16 -17 -18 18 19 -21 -22 29 -24 -25 25 -27 -28 -29 -30 -31
leaf_value=-0.051121834995794847 -0.0019193236820279618 -0.0070861457706456986 -0.035015269198548207 0.010862055543148855 0.043408752890373131 0.0090353205586524345 -0.013843460205799097 0.044174198736379518 -0.04171573084105093 -0.02493051130993602 0.03467435351605843 -0.029185982735486882 0.044234758940713596 0.052698935741790909 0.05318552171382173 -0.040914381216991813 0.0023224844777385437 -0.027294178675575514 -0.01974347668949852 0.060394522474974843 0.027436370469650907 -0.021993666446512603 0.04204566998496595 -0.0014935193390313338 -0.015082796118447709 0.04428296264188341 0.025109224404882696 0.023402113766928058 -0.0090403288922557903 0.0014796426051684451
leaf_weight=6.0739829372614613 133.18694815039635 5.963701810687783 2.8130662888288525 15.758342310786249 5.6725036781281224 23.117164626717571 6.741126745939253 2.8308731447905293 3.330537572503089 3.2462933138012877 3.9954488147050133 3.2859588116407386 2.7039245702326316 1.2630500644445413 3.6686716936528683 1.5315819829702375 70.42078379355371 2.8132225051522237 3.4229573756456375 1.6413841750472782 1.9189025312662122 4.0229572206735602 4.3266489319503307 4.7886346690356731 18.493551503866914 2.6545838918536893 4.6510055139660826 3.5497661978006363 0.74760011583566655 11.829069087281821
leaf_count=283 594 44 14 94 178 131 36 39 29 27 62 35 22 33 88 16 576 27 19 25 40 25 41 46 133 26 30 23 7 121
internal_value=0.00110681 0.00200197 0.00436299 0.0130902 0.0185155 0.00309084 0.00439343 0.00247424 -0.00491578 0.00523831 0.00416364 0.00511461 0.00387561 0.0137891 0.030792 0.0013947 0.005056 0.0139614 0.000756666 0.012057 -0.00279554 -0.00907989 0.0249063 0.015009 -0.00151973 -0.00763101 0.00712993 -0.000995879 0.0373012 -0.00447746
internal_weight=360.464 354.39 221.203 28.1421 22.1784 193.061 174.396 144.816 39.4206 105.395 102.564 99.3179 95.3224 29.5805 6.4633 2.79463 92.0365 21.6157 9.79647 6.98324 5.34186 18.6651 11.8192 7.49256 36.09 21.1481 14.9419 10.2909 6.4201 15.852
internal_count=2864 2581 1987 323 279 1664 1504 1236 277 959 920 893 831 268 137 49 796 220 111 84 59 160 109 68 248 159 89 59 185 146
is_linear=0
shrinkage=0.05


Tree=70
num_leaves=31
num_cat=0
split_feature=3 2 0 3 0 0 0 0 0 0 3 0 3 0 3 0 0 0 0 0 0 0 0 0 0 0 0 0 0 3
split_gain=6.25899 0.988429 1.13054 1.05107 0.869452 2.12085 1.05569 1.00956 0.778421 1.90816 0.747829 0.668232 0.651689 0.730384 0.594845 0.679661 1.3173 0.522813 0.721708 0.646706 2.6637 1.91934 0.99404 0.930121 0.996685 0.897061 1.70133 0.560035 0.51218 0.47631
threshold=1.0000000180025095e-35 1.0000000180025095e-35 0.27557592093944555 19.500000000000004 0.073012433946132674 0.074742767959833159 0.07284188270568849 0.22037933766841891 0.011424486991018059 0.01282037701457739 11.500000000000002 0.013319531921297314 15.500000000000002 0.22931337356567386 29.500000000000004 0.020512533374130729 0.067474525421857848 0.24623500555753711 0.23573490232229236 0.073063034564256682 0.071224898099899306 0.16935998946428302 0.064849406480789198 0.068917568773031249 0.069201733916997923 0.069628302007913603 0.069985084235668196 0.21592056751251223 0.20477086305618289 12.500000000000002
decision_type=2 2 2 2 2 2 2 2 2 2 2 2 2 2 2 2 2 2 2 2 2 2 2 2 2 2 2 2 2 2
left_child=-1 2 8 4 6 -6 -3 10 -2 -10 28 -11 13 -9 15 -5 -17 18 19 20 22 -21 -13 -24 -25 -26 -27 -23 -7 -29
right_child=1 3 -4 14 5 7 -8 12 9 11 -12 17 -14 -15 -16 16 -18 -19 -20 21 -22 27 23 24 25 26 -28 29 -30 -31
leaf_value=-0.051065928651798348 -0.019687320364535396 0.0040913085598320255 -0.019788512721927987 0.05172248769829333 -0.050634092537757608 -0.015397216919431224 0.036864318342245177 -0.012777017606720342 0.029361070151325663 -0.017159976799056793 0.0524625254557603 -0.0015655944799850448 -0.030241731609872424 0.019277133194024854 0.051555382308635836 -0.027860802185386398 0.02025288157510384 0.014698848493550002 -0.021140209631480181 0.038125439657929881 -0.027759415077335904 -0.0098019494967448214 0.022737236501443027 -0.022990618145848175 0.024502521756535677 -0.027268432777748555 0.020213011772453653 0.015600110891745948 0.025587651830418202 -0.0029417072955315094
leaf_weight=5.783917259424924 4.9735042452812186 117.64193187467754 7.6249065548181525 1.1235109176486719 2.4208632409572628 1.4078381396830075 2.5096303075551978 4.9771257117390615 5.5038208588957778 5.839630424976348 1.2660852521657942 108.77765290439129 2.6053803786635399 2.7640979420393705 1.2632620092481364 1.7884995937347392 6.9540932942181826 5.8730744123458853 4.122377172112464 4.2291111126542118 8.904266878962515 7.452649928629401 8.6754964888095873 3.1125105619430533 5.2204259261488897 3.6085901260375977 3.9535464644432068 7.6191586032509786 1.662393335253 6.3503976091742516
leaf_count=283 24 1092 36 41 14 18 14 32 38 26 31 533 22 41 48 19 107 35 31 25 39 45 44 17 32 21 24 44 26 48
internal_value=0.000522731 0.00137471 -0.000902792 0.00447269 0.0032744 -0.00727303 0.00477585 -0.000123829 -0.000161341 0.000351823 0.0201281 -0.000517136 -0.00861154 -0.00133169 0.0192509 0.0151146 0.0104101 2.91731e-05 -0.000471658 3.57964e-05 -0.00128191 0.00734328 0.000486116 0.00956935 0.00238234 0.00856057 -0.00244475 0.00126636 0.00679426 0.00717122
internal_weight=356.01 350.226 201.841 148.385 137.255 17.1038 120.152 14.6829 194.216 189.243 4.33632 183.739 10.3466 7.74122 11.1294 9.8661 8.74259 177.899 172.026 167.904 142.252 25.6513 133.348 24.5706 15.8951 12.7826 7.56214 21.4222 3.07023 13.9696
internal_count=2850 2567 1062 1505 1290 184 1106 170 1026 1002 75 964 95 73 215 167 126 938 903 872 710 162 671 138 94 77 45 137 44 92
is_linear=0
shrinkage=0.05


Tree=71
num_leaves=31
num_cat=0
split_feature=3 0 0 0 0 3 0 1 0 0 3 3 0 0 0 0 0 0 0 0 0 3 0 0 0 0 0 3 2 0
split_gain=5.79209 0.632355 3.81147 1.55605 1.32801 1.32387 1.29804 0.91413 0.581306 2.03476 2.4146 1.78054 1.61943 0.767845 1.31529 2.1714 0.694375 0.759541 1.21455 0.718648 0.712827 0.601738 0.593484 1.69999 1.4009 1.36614 1.02417 0.846055 0.80992 1.489
threshold=1.0000000180025095e-35 0.011762528680264952 0.013016127515584232 0.010993865318596365 0.013319531921297314 9.5000000000000018 0.012658710591495039 1.0000000180025095e-35 0.060366710647940643 0.057193430140614517 5.5000000000000009 21.500000000000004 0.061115605756640441 0.014724517706781627 0.013688349630683662 0.014063016045838596 0.062041370198130615 0.063629876822233214 0.065760403871536269 0.063061632215976729 0.064849406480789198 5.5000000000000009 0.07298659905791284 0.19420886039733889 0.072238828986883177 0.20477086305618289 0.070647068321704878 7.5000000000000009 1.0000000180025095e-35 0.069628302007913603
decision_type=2 2 2 2 2 2 2 2 2 2 2 2 2 2 2 2 2 2 2 2 2 2 2 2 2 2 2 2 2 2
left_child=-1 3 6 -2 5 -4 7 -3 9 11 -11 13 -10 14 -6 -16 21 19 20 -18 -19 -14 24 -24 26 -25 28 -27 29 -20
right_child=1 2 4 -5 8 -7 -8 -9 12 10 -12 -13 16 -15 15 -17 17 18 22 -21 -22 -23 23 25 -26 27 -28 -29 -30 -31
leaf_value=-0.051012859272735592 0.0012504157868224023 0.0065959583106613559 -0.042018002874578478 -0.027863110614784671 0.040034333812482198 0.0011024983054453135 0.066709586121200065 0.042823961180218084 -0.033125685311827413 0.050182555419341794 -0.00010779800396632541 -0.036874458836447875 0.0022600060837648884 0.00097961718788618936 -0.020359689520677546 0.021210292880799436 -0.0022538703791775663 0.0072704700034264928 -0.0043741142317392087 -0.024192353037599743 0.032325059959501301 0.02735378141254426 0.018097872330244399 -0.034257238534193143 -0.023814045182181255 -0.017569732483114546 0.011263932439173197 0.002073664106055962 0.0013703563367508456 -0.034394659859655348
leaf_weight=5.4879506193101397 15.333391757681968 3.9515246599912626 3.6441040262579909 6.550210451707243 3.4482163880020407 3.4796732347458601 2.1781456954777241 3.112979844212532 3.8417650237679473 4.8833381831645948 4.6686812415719032 2.9282877743244162 5.8123632669448835 103.67522558569908 5.0718044731765977 8.2533145640045387 8.6536827720701677 13.990997841581704 14.620096124708654 6.5645918175578108 3.5615719463676205 4.0561603307723999 12.607244584709404 3.1465701013803473 8.7244307613000256 6.2408359870314589 11.150084856897591 45.056570760905743 19.656704436987638 5.7568983733654013
leaf_count=282 117 17 19 44 33 30 34 51 21 25 38 29 28 695 29 53 48 93 80 42 35 28 104 29 55 28 95 369 229 34
internal_value=-5.02542e-05 0.000761308 0.00131903 -0.00746386 0.000386038 -0.0209554 0.0329643 0.0225599 0.000882275 0.00337007 0.0256025 0.00164881 -0.00102443 0.00258537 0.0125104 0.00538793 -0.000297272 -0.00109249 2.63854e-05 -0.0117173 0.0123543 0.012574 -0.00167799 0.00155335 -0.0052946 -0.00227776 -0.0021379 -0.000316149 -0.00587055 -0.0128555
internal_weight=350.107 344.619 322.736 21.8836 313.493 7.12378 9.24265 7.0645 306.369 132.929 9.55202 123.377 173.441 120.449 16.7733 13.3251 169.599 159.73 144.512 15.2183 17.5526 9.86852 126.959 67.0512 59.9082 54.444 51.1838 51.2974 40.0337 20.377
internal_count=2814 2532 2371 161 2269 49 102 68 2220 902 63 839 1318 810 115 82 1297 1241 1151 90 128 56 1023 530 493 426 438 397 343 114
is_linear=0
shrinkage=0.05


Tree=72
num_leaves=31
num_cat=0
split_feature=3 0 0 2 3 0 0 3 0 3 0 0 0 3 3 3 0 0 3 0 3 0 0 0 0 0 0 0 0 0
split_gain=5.70492 1.07961 1.77834 0.902989 1.4576 1.27823 1.38241 1.92461 1.17994 1.16513 1.10684 2.34062 1.07485 1.73698 1.24791 0.828424 0.794155 0.839325 0.764641 0.701216 1.02028 0.674739 0.641465 1.28718 0.932272 0.636573 0.611887 0.904119 0.608308 1.00729
threshold=1.0000000180025095e-35 0.010077058337628843 0.0093518267385661619 1.0000000180025095e-35 19.500000000000004 0.018871597945690158 0.013884788379073145 2.5000000000000004 0.012290012091398241 12.500000000000002 0.016808932647109035 0.017743511125445369 0.070647068321704878 14.500000000000002 1.5000000000000002 12.500000000000002 0.015223377849906685 0.014843435958027841 14.500000000000002 0.07298659905791284 28.000000000000004 0.42452575266361242 0.019975381903350357 0.020512533374130729 0.019646776840090755 0.062041370198130615 0.072047267109155669 0.073521811515092864 0.013045935891568662 0.011530827265232803
decision_type=2 2 2 2 2 2 2 2 2 2 2 2 2 2 2 2 2 2 2 2 2 2 2 2 2 2 2 2 2 2
left_child=-1 2 -2 8 5 6 7 -5 -3 10 16 -12 13 15 -14 -10 17 -8 -11 -6 -21 26 24 -24 -7 -17 -16 -28 29 -9
right_child=1 3 -4 4 19 22 9 28 12 18 11 -13 14 -15 21 25 -18 -19 -20 20 -22 -23 23 -25 -26 -27 27 -29 -30 -31
leaf_value=-0.050962487824149055 -0.00031251099052433009 0.021824808551789966 -0.047751101112409024 -0.0082127604454370392 0.035388580824997511 0.0009599589606741365 0.035751433037509335 0.05460800648202644 -0.0025013217292552971 0.018590584622388131 -0.018641454540769382 0.038258439711573056 0.030187845282993505 -0.017160433530304772 0.024755990616810331 0.020563124954994738 0.047162374441985566 -0.0031296096980151095 -0.031079933325228466 0.026249796696315716 -0.019029552019779412 -0.017624945507425979 0.040745328431191913 0.00034306686002341571 -0.033412641706776373 -0.002299979963106906 -0.017971699593905693 0.005209844608761921 0.056975931906470781 -0.0076721966974781135
leaf_weight=5.299447886645793 6.0490709990262967 5.8188177496194831 2.9336677268147469 14.069063112139704 5.3486778009682876 4.7251072973012906 3.6157600525766664 1.0660884436219924 110.09016516804695 1.3982542064040893 3.7616627383977166 3.4788818098604679 4.4803947061300269 19.555334880948067 3.3913677632808676 7.3277199342846853 5.5878001786768436 2.2528320327401161 1.7377808261662719 3.4298321362584829 1.9522541426122186 3.7928623259067527 2.0227099359035483 77.668610936030746 3.3865255527198315 5.2085551470518112 4.7147039771080008 38.991111151874065 1.4267587382346389 1.6603050306439397
leaf_count=286 48 38 21 62 130 41 31 26 529 24 39 38 18 100 19 52 58 22 23 57 23 16 17 723 25 32 22 248 35 55
internal_value=0.000527752 0.00130529 -0.0158055 0.00175476 0.00486722 0.0033817 0.0107835 0.000615943 -0.000366255 0.0192695 0.024 0.00869737 -0.00101988 -0.00332144 0.00489011 -0.00111452 0.0336713 0.0208258 -0.00893349 0.0225673 0.00982553 0.00266288 5.0642e-06 0.00136855 -0.0133903 0.011064 0.00429671 0.00270917 0.0305237 0.0166809
internal_weight=356.242 350.943 8.98274 341.96 138.589 127.858 40.0552 18.2222 203.371 21.833 18.6969 7.24054 197.552 142.182 55.3704 122.626 11.4564 5.86859 3.13604 10.7308 5.38209 50.89 87.803 79.6913 8.11163 12.5363 47.0972 43.7058 4.15315 2.72639
internal_count=2858 2572 69 2503 1429 1219 413 178 1074 235 188 77 1036 713 323 613 111 53 47 210 80 305 806 740 66 84 289 270 116 81
is_linear=0
shrinkage=0.05


Tree=73
num_leaves=31
num_cat=0
split_feature=3 3 3 3 0 0 0 0 0 0 0 3 0 0 0 0 3 3 0 0 0 0 0 0 0 0 0 2 0 0
split_gain=5.31497 2.00925 1.11243 1.70759 0.899359 0.878719 1.91771 1.14837 0.804064 0.773404 1.64479 1.28453 0.789087 0.749469 3.36541 1.77081 1.6859 0.761877 1.24631 1.08678 1.47189 1.02241 1.84602 1.62871 0.95905 0.816171 0.8842 0.731312 0.710645 1.33705
threshold=1.0000000180025095e-35 19.500000000000004 15.500000000000002 11.500000000000002 0.22382622212171557 0.013319531921297314 0.015093456488102676 0.063992727547884001 0.22997444868087771 0.23066287487745288 0.2284648343920708 7.5000000000000009 0.22257384657859805 0.013016127515584232 0.012417749967426063 0.013180983252823355 6.5000000000000009 2.5000000000000004 0.014221488498151304 0.016661843284964565 0.017963821999728683 0.16935998946428302 0.073132771998643889 0.20477086305618289 0.016035764478147033 0.014221488498151304 0.01505062496289611 1.0000000180025095e-35 0.071858659386634841 0.066575963050127043
decision_type=2 2 2 2 2 2 2 2 2 2 2 2 2 2 2 2 2 2 2 2 2 2 2 2 2 2 2 2 2 2
left_child=-1 2 3 9 5 -3 -7 -8 -5 10 12 -11 13 14 16 -15 27 18 -17 24 -21 22 25 -23 -20 -19 -27 -2 29 -28
right_child=1 4 -4 8 -6 6 7 -9 -10 11 -12 -13 -14 15 -16 17 -18 21 19 20 -22 23 -24 -25 -26 26 28 -29 -30 -31
leaf_value=-0.05091466842774587 -0.017400743684558597 0.041188857806865847 -0.0094304403686209983 0.0095330148263970578 0.028843200716851827 -0.030937050205059897 0.042382126083671715 0.0074662552346446065 0.037739740232679668 -0.006046547963544615 -0.03548545717082844 0.031883415793151487 0.023345127338783748 -0.036455565081823918 0.05584637840588396 -0.029483232815949979 0.037170534240158488 0.026027390142967673 0.00069071872275729086 -0.022254311297359899 -0.0023353730353343478 -0.04520323335788895 0.042557785441858897 0.0035619850529731464 0.026624354779610906 -0.018197631324365852 0.0013035337099281234 0.0024716419676854167 -0.012881201552963149 0.019943881519384934
leaf_weight=4.8339020647108546 6.7109354883432468 1.9814142966643 25.351017568260431 33.291957320645452 7.3434465005993834 2.997048860415819 2.6770482826977995 19.570394618436694 2.7340220082551232 4.1350722685456258 3.3155354000627986 4.850428868085146 3.558291792869567 3.5444529913365832 3.1672419738024464 4.4799177944660178 2.8575780000537625 3.5645856000483027 10.526983752846716 10.539762839674948 77.245324417948723 2.8244340494275084 2.997258558869361 4.3482082486152649 5.3904263377189627 5.2806862667202941 56.499681437388062 14.927321251481771 6.4550061374902716 11.594205580651758
leaf_count=274 29 31 239 358 70 27 30 195 34 19 19 42 23 19 22 19 60 35 49 46 342 24 27 43 27 36 451 76 42 110
internal_value=0.00115061 0.00188062 0.000606354 0.00149964 0.0133146 0.00912619 0.00660963 0.0116677 0.0116736 2.65358e-05 -0.000513047 0.0144283 -2.27877e-05 -0.000379725 0.00734613 -0.00142079 0.00107518 -0.000805267 -0.00366276 -0.00254733 -0.00472691 0.00249868 0.0040047 -0.0156407 0.00947314 0.00261907 0.00157383 -0.00369162 0.00297435 0.00447739
internal_weight=349.594 344.76 310.19 284.839 34.5694 27.2259 25.2445 22.2474 36.026 248.813 239.828 8.9855 236.512 232.954 27.6631 205.291 24.4958 201.746 108.182 103.702 87.7851 93.5641 86.3914 7.17264 15.9174 83.3942 79.8296 21.6383 74.5489 68.0939
internal_count=2818 2544 2191 1952 353 283 252 225 392 1560 1499 61 1480 1457 187 1270 165 1251 483 464 388 768 701 67 76 674 639 105 603 561
is_linear=0
shrinkage=0.05


Tree=74
num_leaves=31
num_cat=0
split_feature=3 0 3 0 0 0 0 0 0 0 3 0 3 0 2 0 0 0 0 0 0 0 3 0 2 0 0 0 0 2
split_gain=4.76176 1.28198 1.61331 0.885604 1.2945 0.786853 3.18392 1.83397 0.992979 1.26464 0.948153 0.736033 0.732013 0.677338 0.788376 1.6026 1.47768 1.21516 3.06961 1.1004 0.847251 1.37165 1.04892 0.751348 0.618265 0.594373 0.741387 0.57573 0.862085 1.87625
threshold=1.0000000180025095e-35 0.42452575266361242 11.500000000000002 0.010993865318596365 0.011424486991018059 0.013016127515584232 0.013319531921297314 0.012417749967426063 0.018473540432751182 0.017963821999728683 4.5000000000000009 0.26739247143268591 9.5000000000000018 0.069628302007913603 1.0000000180025095e-35 0.070796813815832152 0.22382622212171557 0.073012433946132674 0.072689861059188857 0.22666641324758532 0.2284648343920708 0.23922593146562579 18.500000000000004 0.24861386418342593 1.0000000180025095e-35 0.019727492704987529 0.019912107847630981 0.012910410296171905 0.012417749967426063 1.0000000180025095e-35
decision_type=2 2 2 2 2 2 2 2 2 2 2 2 2 2 2 2 2 2 2 2 2 2 2 2 2 2 2 2 2 2
left_child=-1 2 3 -2 -5 7 -7 -6 9 10 -8 13 24 27 15 -15 17 18 -16 -18 22 -22 -17 -21 -12 -10 -27 28 29 -4
right_child=1 -3 11 4 5 6 8 -9 25 -11 12 -13 -14 14 16 20 19 -19 -20 23 21 -23 -24 -25 -26 26 -28 -29 -30 -31
leaf_value=-0.050869266277602965 0.010495845758131811 -0.02434001227303316 0.05446176004878292 -0.034912610270707641 -0.0047174914783954195 -0.04346521497245999 -0.0036624251924729009 0.041814529156203012 -0.013320950811410454 0.025135944745998534 0.0105651811388741 0.0265250321967197 -0.0070451144431075878 -0.04074277047389277 0.027266407374655466 -0.028922657649362717 -0.039580923006666546 0.042233797185943105 -0.063024582015242803 0.028373016540460396 0.039351086077762845 -0.0045814189181164382 0.001716968620259627 -0.02190646889278193 0.036633163983349218 0.017393812397375863 -0.0034382804278605631 0.010403610044963154 -0.031980057922741265 -0.03370168109900009
leaf_weight=4.6525390353053799 14.133896308019755 5.305226430296897 1.2518668435513964 3.0203559249639502 5.7398198209702951 4.6566613949835292 35.067295342683792 3.3553908448666334 14.803725875914095 6.1919584665447465 12.582778230309488 4.1928899567574254 4.8266851566731921 2.8763620257377651 3.8624728275462967 4.2622087001800564 2.1423698365688315 3.9346358738839626 1.2446446008980272 1.7630209103226664 2.9041810110211363 4.5763538703322411 8.1050368025898916 1.2842682115733621 2.7764714751392594 4.4066425561904898 138.64486996270716 47.271031001582742 2.0738453082740307 1.1651111608371139
leaf_count=277 106 31 17 18 35 25 163 24 89 41 63 36 57 18 91 25 10 69 14 29 29 33 53 17 59 24 867 464 27 36
internal_value=-0.000620185 5.07995e-05 0.000427927 -0.00166132 -0.00238918 -0.00196768 -0.00255316 0.012449 -0.00168443 0.00370827 0.00130697 0.00605426 0.00993988 0.00508678 -8.37264e-05 -0.00586305 0.00914446 0.0213506 0.00526178 -0.0121219 -0.000808243 0.0124746 -0.00884258 0.00718292 0.0152775 -0.00378354 -0.00279656 0.00877829 -0.0083301 0.0119623
internal_weight=353.075 348.422 343.117 250.207 236.073 233.052 223.957 9.09521 219.3 61.4452 55.2532 92.9103 20.1859 88.7174 36.9556 22.7241 14.2314 9.04175 5.10712 5.18966 19.8478 7.48053 12.3672 3.04729 15.3592 157.855 143.052 51.7619 4.49082 2.41698
internal_count=2847 2570 2539 1571 1465 1447 1388 59 1363 383 342 968 179 932 388 158 230 174 105 56 140 62 78 46 122 980 891 544 80 53
is_linear=0
shrinkage=0.05


Tree=75
num_leaves=31
num_cat=0
split_feature=3 2 3 3 0 0 0 0 0 0 0 0 0 3 0 0 0 3 3 3 0 0 0 0 0 3 0 0 0 0
split_gain=4.33243 1.81762 0.672505 0.718441 0.687849 1.33268 1.01925 0.664912 0.575623 1.86019 1.52377 0.954144 1.06658 0.764639 0.919084 0.756515 0.716772 1.71769 1.23218 0.581793 0.697344 1.11699 1.06219 0.848764 0.702146 0.561904 1.20384 1.08053 0.512525 0.512458
threshold=1.0000000180025095e-35 1.0000000180025095e-35 19.500000000000004 25.000000000000004 0.066251005977392211 0.07298659905791284 0.22037933766841891 0.24178089201450351 0.069628302007913603 0.073063034564256682 0.19420886039733889 0.069155588746070876 0.066251005977392211 13.500000000000002 0.071224898099899306 0.063968017697334303 0.2080323398113251 26.500000000000004 20.500000000000004 1.5000000000000002 0.013030957430601122 0.014388924930244686 0.016558715142309669 0.011530827265232803 0.013688349630683662 15.500000000000002 0.23922593146562579 0.22931337356567386 0.021257515996694568 0.016721292398869995
decision_type=2 2 2 2 2 2 2 2 2 2 2 2 2 2 2 2 2 2 2 2 2 2 2 2 2 2 2 2 2 2
left_child=-1 8 25 7 -5 -6 -7 -4 11 13 -11 12 15 14 -10 19 -12 18 -18 28 23 24 -23 -21 -22 27 -27 -3 -2 -24
right_child=1 2 3 4 5 6 -8 -9 9 10 16 -13 -14 -15 -16 -17 17 -19 -20 20 21 22 29 -25 -26 26 -28 -29 -30 -31
leaf_value=-0.05082615145459618 -0.0058082275756845009 0.0028962689419727806 0.052995541274353443 -0.016612352680562593 0.053948132676028653 -0.026189973938791175 0.027777160317180562 0.0015704365580302465 -0.00047868874956880813 0.024995225749254876 -0.026128112998571203 0.015833827649948021 -0.022254023772853335 -0.040965762217571942 -0.027719920157105827 0.01565600798787159 -0.003103152178681453 0.030457328072622358 -0.032899255975418547 -0.0074133268741173527 -0.0053465151968301464 0.015511440914911559 -0.018774309266453501 0.025960737281173443 -0.028850053616798623 -0.00043168176509297883 -0.044455860242672479 0.035441150490618224 -0.022946970205401838 -0.00083980022547258258
leaf_weight=4.3653305713087311 27.502193659543991 120.60357720591128 2.0084569007158266 2.0961987897753716 1.6796391000971196 1.8181446604430678 1.6864257045090196 0.91489833965897549 5.4331153407692927 4.5541896000504485 3.833080753684043 7.0757663175463668 6.8302535414695731 4.051743656396865 7.198881208896637 5.8075019419193259 25.594904303550724 3.3847312629222861 4.0138416439294806 3.0737952142953855 7.2709428966045362 9.9551541805267316 4.2944384366273871 5.0103540755808353 5.6443671733140945 8.4013116452842933 1.9049374982714642 2.6055279430001965 5.1844187080860129 54.937421500682831
leaf_count=273 117 1082 60 33 48 25 26 14 31 30 22 43 35 21 30 31 157 25 24 16 34 49 20 36 28 128 18 42 25 285
internal_value=-0.00132768 -0.000700224 0.0035919 0.0159641 0.00755693 0.0173296 -0.000220582 0.0369015 -0.00377452 -0.00797116 -0.00228864 -0.00206555 -0.00300017 -0.0220656 -0.0160033 -0.00197819 -0.00566272 -0.00328512 -0.00714239 -0.00281166 -0.000740375 -0.00212 0.000399746 0.0132711 -0.0156182 0.00264637 -0.00856881 0.0035845 -0.0085266 -0.00214009
internal_weight=348.736 344.37 143.719 10.2038 7.28041 5.18421 3.50457 2.92336 200.651 58.0645 41.3807 142.587 135.511 16.6837 12.632 128.681 36.8266 32.9935 29.6087 122.873 90.1865 82.1023 69.187 8.08415 12.9153 133.515 10.3062 123.209 32.6866 59.2319
internal_count=2808 2535 1476 206 132 99 51 74 1059 340 258 719 676 82 61 641 228 206 181 610 468 416 354 52 62 1270 146 1124 142 305
is_linear=0
shrinkage=0.05


Tree=76
num_leaves=31
num_cat=0
split_feature=3 3 0 0 0 0 3 0 0 0 0 0 3 3 2 3 0 0 0 0 0 3 0 0 0 3 0 0 0 0
split_gain=4.56813 1.08743 0.785472 2.95491 1.02107 2.82614 0.980389 0.983136 2.7674 1.62366 0.879367 1.41741 1.0076 1.71143 0.903213 0.809883 0.702721 4.73781 0.617847 1.07212 0.646817 1.86784 1.01279 0.649338 0.641928 0.567965 0.561572 0.882685 1.6441 1.23765
threshold=1.0000000180025095e-35 7.5000000000000009 0.072238828986883177 0.072689861059188857 0.063277509063482298 0.063061632215976729 8.5000000000000018 0.20477086305618289 0.19420886039733889 0.074742767959833159 0.067683413624763503 0.06985278427600862 18.500000000000004 11.500000000000002 1.0000000180025095e-35 16.500000000000004 0.22858404368162158 0.23281815648078921 0.012417749967426063 0.010993865318596365 0.014469849877059461 1.5000000000000002 0.014921483583748342 0.015567715279757978 0.010077058337628843 12.500000000000002 0.016608297824859623 0.019022217020392421 0.019423980265855793 0.01841287408024073
decision_type=2 2 2 2 2 2 2 2 2 2 2 2 2 2 2 2 2 2 2 2 2 2 2 2 2 2 2 2 2 2
left_child=-1 18 4 -4 5 -3 -5 8 9 -8 14 -12 13 -13 -6 16 25 -18 19 24 21 -20 -22 -24 -2 -9 -25 29 -29 -28
right_child=1 2 3 6 10 -7 7 15 -10 -11 11 12 -14 -15 -16 -17 17 -19 20 -21 22 -23 23 26 -26 -27 27 28 -30 -31
leaf_value=-0.050785210920336714 -0.010980346475879782 0.0048017686905509121 -0.054548613224395429 0.028590809943368808 0.014857760173967206 -0.050218344998876945 -0.014789921081765009 0.024114623232272564 -0.060627018174848959 0.035455604612507949 -0.0056782679443132941 0.042752751281654566 0.055965934556219225 -0.0065450951517294024 0.04165292742045057 -0.0039320729262884756 -0.059989834204149883 0.021616580415625159 0.03282097078121296 -0.024720435038044754 -0.025281144397655549 -0.0046937229490760513 0.016379609495010737 -0.014931396234151767 0.010945767895696113 0.00053631250812803081 0.0017453475146967539 -0.034047933239859073 -0.0015551488741102225 0.029289425234207835
leaf_weight=4.3383618257939807 7.5892473869025725 62.759467929601669 2.4487570039927951 3.1674890220165244 12.134099595248701 2.42409773916006 5.1846726052463037 9.1816686391830462 2.426114697009325 2.3305731266736984 11.188338559120895 2.9155891947448236 1.6736771464347837 4.4438785165548325 4.2452902141958466 20.091443493962288 2.4494623728096467 6.4935701284557581 5.3388145416975012 7.680007502436637 4.417179897427558 8.765927527099846 5.195461392402648 7.5002284049987784 5.9593449495732784 3.5383649803698054 18.131061671301726 4.044486239552497 104.0031804330647 5.261903963983058
leaf_count=285 42 687 21 28 65 14 52 76 21 33 114 30 38 52 101 160 18 71 23 34 23 47 30 44 30 21 93 18 527 30
internal_value=0.000200324 0.000845235 0.003872 -0.000809903 0.00650825 0.00275564 0.00158866 -6.5809e-05 -0.014197 0.000791854 0.0131914 0.00621628 0.0209487 0.0129852 0.0218027 0.00329869 0.0100049 -0.000735104 -0.00177348 -0.00979603 -0.000726456 0.00950604 -0.001698 -0.000975278 -0.00133615 0.0175558 -0.00162423 -0.000864905 -0.00277143 0.00794098
internal_weight=347.322 342.983 159.097 57.3121 101.784 65.1836 54.8634 51.6959 9.94136 7.51525 36.6009 20.2215 9.03314 7.35947 16.3794 41.7545 21.6631 8.94303 183.887 21.2286 162.658 14.1047 148.554 144.136 13.5486 12.72 138.941 131.441 108.048 23.393
internal_count=2828 2543 1602 501 1101 701 480 452 106 85 400 234 120 82 166 346 186 89 941 106 835 70 765 742 72 97 712 668 545 123
is_linear=0
shrinkage=0.05


Tree=77
num_leaves=31
num_cat=0
split_feature=3 3 0 0 3 3 0 0 0 2 0 0 2 0 0 0 0 0 0 0 0 0 0 2 0 0 2 2 0 0
split_gain=4.32609 1.09207 0.825395 2.15378 1.00337 0.746867 0.750597 2.21626 0.743103 2.32561 1.06727 0.984772 1.00708 1.54287 0.706486 0.618349 0.617013 0.545099 1.16602 0.950856 0.691682 1.16814 0.585612 0.520776 0.489168 1.38106 1.32535 1.00673 1.23453 1.30616
threshold=1.0000000180025095e-35 11.500000000000002 0.2284648343920708 0.23066287487745288 7.5000000000000009 13.500000000000002 0.012417749967426063 0.012910410296171905 0.020097580738365654 1.0000000180025095e-35 0.014921483583748342 0.2284648343920708 1.0000000180025095e-35 0.069368168711662306 0.22257384657859805 0.013030957430601122 0.0087095452472567576 0.010993865318596365 0.011762528680264952 0.0094179278239607828 0.013016127515584232 0.013319531921297314 0.010155373718589546 1.0000000180025095e-35 0.070796813815832152 0.069628302007913603 1.0000000180025095e-35 1.0000000180025095e-35 0.07298659905791284 0.13744717091321948
decision_type=2 2 2 2 2 2 2 2 2 2 2 2 2 2 2 2 2 2 2 2 2 2 2 2 2 2 2 2 2 2
left_child=-1 2 14 -4 -5 8 23 -8 9 -3 -11 12 -10 -14 16 -9 -2 19 -19 -18 -20 -22 -21 -7 25 -17 -27 -26 -29 -30
right_child=1 5 3 4 -6 6 7 15 11 10 -12 -13 13 -15 -16 24 17 18 20 22 21 -23 -24 -25 27 26 -28 28 29 -31
leaf_value=-0.050746328130638708 -0.021144436777025828 0.047601657815577229 -0.047168174632582507 -0.019276213641278638 0.013890070605381305 0.054122096827936478 -0.054980330033263296 0.034884235041247373 -0.0066406026851814487 -0.056900948080623182 0.01402342781961774 0.036037063202845158 0.05270147265228247 -0.0066473638680328061 0.021976803017324825 0.001409311214324584 0.031700404727594764 -0.021773878559681967 0.017896156081282682 -0.014467424810473598 -0.02624647896952928 -0.00032937669999865831 0.013092079693800768 0.0059885677630812937 3.6740007671958348e-05 -0.067803410201852612 -0.0035087897870970442 0.054329727793697428 -0.027872058448179304 0.019448112133922654
leaf_weight=4.1588411508128038 3.6892196610569945 4.4764256775379208 3.4737914949655524 4.132206626236437 5.0885022133588791 1.1696432754397383 1.6853453926742066 1.4926380161195982 9.9461176693439501 0.90438506007194552 1.2827878631651399 2.5227818712592116 2.1254361495375624 2.2589246053248644 3.436919391155242 31.692792642861605 3.5286531634628755 6.6055027283728114 5.0204640235751858 3.5744695216417313 4.4432966578751794 202.1130845118314 4.1835757847875357 1.0815907921642065 20.614640906453133 1.4770074337720862 1.752638328820467 1.9792146626859892 1.7691321820020665 8.2996847424656135
leaf_count=287 32 36 21 19 43 17 25 18 62 21 32 30 48 36 22 286 29 35 39 16 25 1252 32 33 131 8 38 46 24 103
internal_value=-5.4784e-05 0.000554832 -0.00119361 -0.0136142 -0.000973205 0.00507015 0.00257415 0.00166993 0.0128196 0.0269545 -0.0153034 0.00723084 0.0021597 0.0221236 -0.000527181 0.00305207 -0.000858906 -0.000532771 -0.00108704 0.0101817 -0.000441188 -0.000886887 0.000394215 0.0309967 0.00234905 -0.00176479 -0.0329125 0.0067475 0.0182299 0.0111338
internal_weight=349.98 345.821 249.29 12.6945 9.22071 96.5312 73.0143 70.7631 23.5169 6.6636 2.18717 16.8533 14.3305 4.38436 236.595 69.0777 233.158 229.469 218.182 11.2867 211.577 206.556 7.75805 2.25123 67.5851 34.9224 3.22965 32.6627 12.048 10.0688
internal_count=2846 2559 1565 83 62 994 729 679 265 89 53 176 146 84 1482 654 1460 1428 1351 77 1316 1277 48 50 636 332 46 304 173 127
is_linear=0
shrinkage=0.05


Tree=78
num_leaves=31
num_cat=0
split_feature=3 0 0 1 2 3 0 0 3 3 3 3 0 0 0 0 0 0 3 0 2 0 0 0 0 0 0 0 0 0
split_gain=3.99178 1.42828 1.41689 0.787857 0.815777 1.17424 1.02132 0.74671 0.680318 0.514663 1.34965 1.05548 1.38601 0.861673 1.26487 1.11185 0.846587 0.904998 1.80466 0.836318 0.86222 1.26563 1.29441 0.896045 0.824326 2.85081 0.795295 0.794877 0.602617 1.57282
threshold=1.0000000180025095e-35 0.013688349630683662 0.013884788379073145 1.0000000180025095e-35 1.0000000180025095e-35 9.5000000000000018 0.0087095452472567576 0.014469849877059461 7.5000000000000009 18.500000000000004 23.000000000000004 16.500000000000004 0.26608741283416754 0.24487938731908801 0.23066287487745288 0.2284648343920708 0.063992727547884001 0.22037933766841891 28.000000000000004 0.073521811515092864 1.0000000180025095e-35 0.073012433946132674 0.072689861059188857 0.068917568773031249 0.22446664422750476 0.061933303251862533 0.014962770044803621 0.015380621422082187 0.073063034564256682 0.066398397088050856
decision_type=2 2 2 2 2 2 2 2 2 2 2 2 2 2 2 2 2 2 2 2 2 2 2 2 2 2 2 2 2 2
left_child=-1 3 -3 -2 5 -5 -6 -4 -8 11 28 12 13 14 15 26 -12 19 -19 20 -18 22 23 -22 25 -13 -9 -28 29 -11
right_child=1 2 7 4 6 -7 8 9 -10 10 16 24 -14 -15 -16 -17 17 18 -20 -21 21 -23 -24 -25 -26 -27 27 -29 -30 -31
leaf_value=-0.050709399425925866 0.0029435401490072737 -0.03365402555478008 0.015551075429388437 0.030468264990300448 -0.026258605330130826 -0.00084875648920733175 0.0052341648254287726 -0.017585876911913486 0.051493495693471586 0.033765990582694916 0.019258954910240086 -0.046486870551535678 0.028555436785254087 -0.024710515132585632 0.026489776509839216 -0.025397252733329725 -0.023994207098650439 -0.01271066160544552 0.040014712669735275 -0.043986973028492894 -0.028472452959587804 0.056232996088271793 -0.060818309248052031 0.051530824723748647 -0.028878899514282203 0.027107970957639473 0.018161133977945672 -0.0010478712227227729 0.026533398763491325 -0.0097611627622669617
leaf_weight=3.8760575456544748 24.309166766703129 3.2659514080733052 7.0386518687009803 4.5795191526412991 0.63453751429915328 8.6411401331424695 1.0175428874790666 7.082546427845954 3.6306568179279566 3.3612026982009393 3.3456840962171581 2.1905757635831815 3.8972648680210105 3.934348337352275 4.0773338824510565 4.8076118305325499 4.5675859302282351 4.7363429907709351 2.4688799679279327 2.3463386334478855 0.60711384937167234 1.0080877058207987 0.82985614612698544 0.82638115063309669 6.2087906822562218 3.2954143583774567 5.5255483072251073 212.56006580032408 7.0267622768878928 5.4251957219094038
leaf_count=281 113 20 43 25 14 55 15 46 146 29 34 12 31 29 41 31 21 45 18 18 17 14 9 33 38 47 52 1437 64 51
internal_value=-0.000252607 0.000317169 -0.000900375 0.00886118 0.0166356 0.00999918 0.033244 -0.000540403 0.0413668 -0.00093079 0.00461614 -0.00173029 -0.00102099 -0.00150533 -0.00111526 -0.00160468 -0.00377429 -0.00820553 0.00535576 -0.0177989 -0.00996045 0.00963351 -0.0111217 0.0176478 -0.0164008 -0.00227872 -0.00109668 -0.00056118 0.0156188 0.00688998
internal_weight=347.122 343.246 300.434 42.8126 18.5034 13.2207 5.28274 297.168 4.6482 290.129 36.5494 253.58 241.885 237.987 234.053 229.976 20.7363 17.3906 7.20522 10.1854 7.83902 3.27144 2.26335 1.4335 11.6948 5.48599 225.168 218.086 15.8132 8.7864
internal_count=2829 2548 2180 368 255 80 175 2160 161 2117 353 1764 1667 1636 1607 1566 209 175 63 112 94 73 59 50 97 59 1535 1489 144 80
is_linear=0
shrinkage=0.05


Tree=79
num_leaves=31
num_cat=0
split_feature=3 3 0 0 0 0 3 0 3 0 0 3 0 0 0 0 0 0 0 3 0 2 3 3 0 0 3 0 0 0
split_gain=3.89042 1.20932 1.17319 2.44563 2.97104 1.89388 0.975283 1.7559 1.03755 1.53572 1.44048 1.4323 1.33012 2.00494 0.908374 1.41636 2.30861 1.75367 0.877678 0.834249 0.812579 0.770587 0.827961 1.28544 0.767056 3.31827 3.26691 0.721432 1.30312 0.604382
threshold=1.0000000180025095e-35 19.500000000000004 0.062144866213202483 0.061115605756640441 0.060366710647940643 0.062838669866323485 14.500000000000002 0.057193430140614517 8.5000000000000018 0.020097580738365654 0.013045935891568662 7.5000000000000009 0.01282037701457739 0.011630491819232704 0.22666641324758532 0.20603106915950778 0.13744717091321948 0.07298659905791284 0.28557106852531439 1.5000000000000002 0.0089109009131789225 1.0000000180025095e-35 12.500000000000002 9.5000000000000018 0.23922593146562579 0.22997444868087771 7.5000000000000009 0.012417749967426063 0.010993865318596365 0.013180983252823355
decision_type=2 2 2 2 2 2 2 2 2 2 2 2 2 2 2 2 2 2 2 2 2 2 2 2 2 2 2 2 2 2
left_child=-1 2 3 4 6 -4 7 8 9 11 12 20 13 -10 15 16 17 -3 -16 -5 -2 -12 23 -23 25 -7 -26 28 -22 -29
right_child=1 14 5 19 -6 24 -8 -9 10 -11 21 -13 -14 -15 18 -17 -18 -19 -20 -21 27 22 -24 -25 26 -27 -28 29 -30 -31
leaf_value=-0.050674322756646351 0.024024279618598151 0.010413990932741708 -0.034535313504185254 0.0040105892400515561 -0.042973600486944347 -0.0032889225399708477 -0.013163579252380327 0.023840187095424407 -0.027019786639221412 -0.015434527524629574 0.0086628169972207264 -0.025402053632518004 -0.066828803917551374 0.055254956809135093 0.042735794552353955 -0.018981511899844296 0.061480302632539202 -0.038709268060983057 0.0070106518539733657 0.03440107245672621 0.0060265132692517882 -0.023423330514893814 0.0011079714731876216 0.052290711393187118 -0.061380475909377855 0.049404506960862092 -0.0029626480665678506 0.019774600538108617 -0.022055494971772383 0.0023381649745979785
leaf_weight=3.8208069233223787 4.1841819882392874 17.147137618623685 5.0531159341335288 3.2661355286836606 3.8848309069871894 105.88770578242838 10.943363662809132 8.9017986655235273 2.4873626809567209 16.411331064999104 21.637889713048938 4.8424221221357575 1.0405168328434227 1.0543447211384771 3.5252090729773036 5.0193928480148307 2.0141254402697077 2.0321444645524016 3.3557778522372246 7.3174267411231995 8.3045104555785674 0.66183313820511003 1.8996188119053838 3.6642235070466995 2.9166759029030827 3.0744582787156096 13.335491834208367 5.3737708590924731 8.2203855589032155 66.104855569079518
leaf_count=291 27 198 28 15 21 790 98 61 54 83 136 48 10 25 47 38 18 23 23 46 41 25 40 112 14 26 110 28 36 336
internal_value=-0.000499133 5.88732e-05 -0.000909635 0.00170364 0.000248626 -0.00452462 0.00126177 0.00228162 0.000966155 -0.00128891 0.00885063 0.00110363 -0.0171285 -0.0025271 0.0091449 0.00490069 0.0105569 0.00520913 0.0253131 0.0250224 0.00249592 0.013123 0.0286246 0.0407074 -0.00331352 -0.00180213 -0.0134465 0.00147234 -0.00794301 0.00364904
internal_weight=347.383 343.562 310.468 180.201 169.617 130.267 165.732 154.789 145.887 113.441 32.4458 97.0301 4.58222 3.54171 33.0938 26.2128 21.1934 19.1793 6.88099 10.5836 92.1877 27.8636 6.22568 4.32606 125.214 108.962 16.2522 88.0035 16.5249 71.4786
internal_count=2848 2557 2210 1242 1181 968 1160 1062 1001 599 402 516 89 79 347 277 239 221 70 61 468 313 177 137 940 816 124 441 77 364
is_linear=0
shrinkage=0.05


Tree=80
num_leaves=31
num_cat=0
split_feature=3 2 0 0 0 3 3 0 3 0 0 0 0 0 0 3 0 0 0 0 0 3 3 0 0 0 0 0 0 0
split_gain=3.74703 0.574187 1.50295 0.919059 2.00496 1.28299 1.2155 2.10195 1.71655 1.54067 1.26704 1.80102 1.33447 0.827204 5.02227 1.3906 0.714614 0.647482 2.66101 1.26462 1.74094 0.878377 1.95837 0.852872 0.630005 1.54391 0.869387 1.02958 1.03805 0.83316
threshold=1.0000000180025095e-35 1.0000000180025095e-35 0.011344788130372764 0.07252297550439836 0.071858659386634841 1.5000000000000002 10.500000000000002 0.073012433946132674 11.500000000000002 0.21070312708616259 0.073012433946132674 0.073521811515092864 0.2080323398113251 0.073063034564256682 0.19420886039733889 28.000000000000004 0.072235595434904112 0.065406177192926421 0.067192967981100096 0.053663928061723716 0.021620291285216812 2.5000000000000004 10.500000000000002 0.057193430140614517 0.013688349630683662 0.017082292586565021 0.016661843284964565 0.016441528685390953 0.015223377849906685 0.017724422737956051
decision_type=2 2 2 2 2 2 2 2 2 2 2 2 2 2 2 2 2 2 2 2 2 2 2 2 2 2 2 2 2 2
left_child=-1 2 -2 4 17 -5 10 -8 -9 -10 -7 -12 -13 16 -15 -16 24 19 -19 20 -3 -20 -23 -21 -4 26 27 28 -26 -27
right_child=1 3 13 5 -6 6 7 8 9 -11 11 12 -14 14 15 -17 -18 18 21 23 -22 22 -24 -25 25 29 -28 -29 -30 -31
leaf_value=-0.05064100457472373 -0.028083569450667284 0.0052012360106915333 0.0093792706353119908 -0.036954491820974975 0.04892912142364142 0.044612611006344692 -0.062817020159888812 -0.040845525226167495 0.036661788537105264 -0.0057540622085038573 -0.04112835101155167 0.054708262381153311 -0.00032479982727522463 0.056730565097072444 -0.0023686850589301669 0.031784443563125792 -0.018915288301945318 0.051722176839122835 -0.0058573105310735689 -0.033523935412506402 0.049498803291763593 0.054124792429895499 0.0020346386463017574 -0.003232174166127675 -0.0055787819343118879 0.019641175133222645 -0.030831290549268961 0.0139748928365519 -0.03045281291753596 0.0001143202449232095
leaf_weight=3.4868239508941761 4.7411580681800833 60.482210497371852 14.23349406942725 2.7232658863067654 2.6378255058079949 2.4230218827724475 1.6458635814487923 2.4455631524324408 2.9108549542725077 8.0934819560497981 1.7537243887782095 1.6413788050413129 3.3492522388696671 4.4705790430307379 33.873718462884426 3.2679775208234778 5.5386715233325949 3.6145671680569675 9.4582430124282855 2.5675823986530331 2.3024545013904563 2.4519610777497274 6.8317547654733062 24.46066621132195 14.944405406713495 5.7830181196331969 4.9390936195850363 4.4362830817699423 5.8308485746383658 98.608418457210064
leaf_count=279 23 636 79 11 29 17 16 25 62 93 10 28 37 31 208 22 23 55 41 16 24 40 148 193 72 28 22 21 27 506
internal_value=0.000929207 0.00145428 -0.000266722 0.00388985 0.0058415 -0.00441296 -0.000760541 -0.00948159 -0.00295493 0.00546573 0.0136003 0.00245855 0.0177751 0.000406409 0.00666277 0.000636338 -0.00128068 0.00482823 0.0124422 0.00293292 0.00682573 0.00486674 0.0157924 -0.00610978 -0.000624171 -0.00168246 -0.0116488 -0.00789086 -0.01256 0.00119606
internal_weight=345.948 342.461 200.668 141.794 114.807 26.9864 24.2631 15.0958 13.4499 11.0043 9.16738 6.74436 4.99063 195.927 41.6123 37.1417 154.314 112.169 22.3565 89.8129 62.7847 18.742 9.28372 27.0282 148.776 134.542 30.1506 25.2115 20.7753 104.391
internal_count=2822 2543 1062 1481 1182 299 288 196 180 155 92 75 65 1039 261 230 778 1153 284 869 660 229 188 209 755 676 142 120 99 534
is_linear=0
shrinkage=0.05


Tree=81
num_leaves=31
num_cat=0
split_feature=3 0 0 0 3 3 0 0 0 0 0 0 3 3 0 0 3 0 0 0 0 3 0 0 0 0 0 0 0 0
split_gain=3.63926 1.20474 2.00207 0.952028 0.949726 1.52146 1.68234 1.63784 1.36789 1.97063 1.27735 1.25191 1.93452 1.09979 0.866803 0.729628 1.46699 0.798534 0.843452 0.773383 0.709903 0.70077 0.66907 1.18227 1.34918 0.944854 0.498573 0.685264 0.482752 1.16193
threshold=1.0000000180025095e-35 0.0089109009131789225 0.010077058337628843 0.010993865318596365 11.500000000000002 12.500000000000002 0.012417749967426063 0.070586379617452635 0.2284648343920708 0.26472581923007971 0.012658710591495039 0.014469849877059461 21.500000000000004 19.500000000000004 0.013045935891568662 0.19420886039733889 10.500000000000002 0.07298659905791284 0.072238828986883177 0.24318701773881915 0.21592056751251223 25.000000000000004 0.011530827265232803 0.013030957430601122 0.013319531921297314 0.012417749967426063 0.22931337356567386 0.22037933766841891 0.062838669866323485 0.067683413624763503
decision_type=2 2 2 2 2 2 2 2 2 2 2 2 2 2 2 2 2 2 2 2 2 2 2 2 2 2 2 2 2 2
left_child=-1 -2 -3 -4 15 7 -7 -6 10 21 -8 12 14 -11 -12 17 19 18 22 26 -18 -10 -5 25 -25 -24 27 -17 -13 -30
right_child=1 2 3 4 5 6 8 -9 9 13 11 28 -14 -15 -16 16 20 -19 -20 -21 -22 -23 23 24 -26 -27 -28 -29 29 -31
leaf_value=-0.05060934854299784 0.026360417565087238 -0.033682556903628556 0.019911953166702235 -0.018540094829995104 0.0096349097192257958 0.053185676239294405 -0.050374133601265296 0.058131419842012914 0.041650866293264241 -0.015651288952241847 0.016910785743341494 -0.0084028147125254585 -0.015258030314413796 0.018625085285709102 0.063177073519137567 0.02165261054594337 -0.050331034675256625 0.01430317000349182 -0.017408207889277761 -0.01488885259654903 -0.01503539226549739 0.0075804415187009687 0.0042700450636442488 -0.028246151569668872 0.00027877452713665353 0.03933157378597571 0.026790422934140967 -0.0099432400799272166 0.018189341491345212 -0.0033867209653157906
leaf_weight=3.4377448977902523 4.652783077210187 4.1713017933070651 6.6426665298640719 4.7625047806650391 5.0604130420833817 1.647824647836386 1.287549965083598 2.6540644653141499 5.9406425245106247 5.3697345592081529 1.8866257406771172 21.209516575559974 2.347139316610992 4.148041969165206 2.1845823470503092 2.5783433429896885 2.6377930566668502 9.353899020701645 7.2307913340628138 6.9323957134038201 3.0975098069757223 2.0232688933610916 4.4324075262993565 4.2416815757751456 182.54918006714433 3.3919864818453789 2.38298549503088 5.1314502209424973 7.8261796552687874 30.785527133382857
leaf_count=289 40 31 51 24 69 39 12 34 57 37 17 181 31 31 24 32 19 59 37 41 23 28 31 24 1111 26 19 32 97 311
internal_value=0.000583389 0.00108829 0.000746377 0.0011691 0.000795321 0.00504165 0.00314742 0.0263195 0.00217747 0.014643 -0.00104966 -9.09042e-05 0.0208943 -0.000712943 0.041737 -0.000883322 -0.00939808 1.40563e-05 -0.000632862 -0.0020305 -0.0312686 0.0329951 -2.44745e-05 0.000428628 -0.000368975 0.0194697 0.00680148 0.000623184 -0.00234246 0.000986516
internal_weight=351.999 348.561 343.908 339.737 333.094 94.3711 86.6566 7.71448 85.0088 17.4817 67.5271 66.2396 6.41835 9.51778 4.07121 238.723 22.7605 215.962 206.609 17.0252 5.7353 7.96391 199.378 194.615 186.791 7.82439 10.0928 7.70979 59.8212 38.6117
internal_count=2857 2568 2528 2497 2446 968 865 103 826 153 673 661 72 68 41 1478 166 1312 1253 124 42 85 1216 1192 1135 57 83 64 589 408
is_linear=0
shrinkage=0.05


Tree=82
num_leaves=31
num_cat=0
split_feature=3 0 0 0 0 2 0 3 3 3 0 3 0 0 0 3 0 0 3 0 0 0 0 0 0 3 1 3 0 0
split_gain=3.15917 0.707948 2.12373 0.986582 0.813823 0.975532 0.811866 1.35019 1.65523 2.03592 0.792628 0.785482 0.935381 1.03658 1.37251 1.5035 0.731163 1.74849 1.03032 1.67145 1.62115 0.905812 0.658736 1.30514 1.06214 0.629595 0.556163 0.484476 1.14392 0.896889
threshold=1.0000000180025095e-35 0.072238828986883177 0.072047267109155669 0.073063034564256682 0.19420886039733889 1.0000000180025095e-35 0.06985278427600862 7.5000000000000009 11.500000000000002 18.500000000000004 0.069628302007913603 7.5000000000000009 0.20477086305618289 0.21070312708616259 0.22666641324758532 12.500000000000002 0.24861386418342593 0.26739247143268591 11.500000000000002 0.22997444868087771 0.23922593146562579 0.42452575266361242 0.010155373718589546 0.010993865318596365 0.0093518267385661619 20.500000000000004 1.0000000180025095e-35 5.5000000000000009 0.061933303251862533 0.02071645483374596
decision_type=2 2 2 2 2 2 2 2 2 2 2 2 2 2 2 2 2 2 2 2 2 2 2 2 2 2 2 2 2 2
left_child=-1 2 6 26 5 -5 10 -8 -9 -10 22 -6 -13 25 15 -15 18 -18 19 -16 -20 -19 24 -24 -2 -14 -3 28 29 -25
right_child=1 3 -4 4 11 -7 7 8 9 -11 -12 12 13 14 16 -17 17 21 20 -21 -22 -23 23 27 -26 -27 -28 -29 -30 -31
leaf_value=-0.050579277351288338 0.001507751767295487 -0.029916424159615013 0.04426751654818796 0.026911387815946427 -0.021862496318345651 -0.0081063151306737368 -0.0048667920867724191 0.059603960551493321 -0.0072248059604219737 0.056360479832401444 -0.022388753838742396 -0.031226309587902398 0.032756076754674519 0.0032587642387517223 -0.025724880950669878 -0.035605104314971131 -0.030113179465416876 0.024744316576642875 0.04512016612833538 0.024578140937403695 -0.0020771380474276769 -0.0073918906089093413 0.029092441154360105 -0.0022256886535075683 -0.029291811706113943 -0.00063602441971763902 -0.009128193816123736 0.0022081987676750995 -0.011598682257814293 0.010024608796315053
leaf_weight=3.2040487937629214 6.3603001944720727 5.2748064696788761 2.742717206478118 4.7856807187199575 5.8481772467494002 3.4031921867281199 7.2674861438572398 2.4058893993496877 4.4529015030711889 1.7550716456025837 4.1252928730100384 2.6569828838109961 3.4192288704216471 4.2789612561464292 3.825366612523796 5.9475891143083572 4.8902871794998637 4.0023904107511026 3.8999509289860725 2.9057622514665127 3.4104413352906704 4.8497078977525234 3.8659460227936497 75.99084197729826 4.9995113275945187 2.4041394684463739 8.2488990677520633 109.45346191525459 26.340055964887142 18.597876682877541
leaf_count=283 54 22 16 32 27 45 39 26 55 40 32 23 37 35 24 39 41 37 38 27 43 28 38 353 31 20 66 1064 122 89
internal_value=-0.00116135 -0.000698925 0.000495362 -0.00502693 -0.00229896 0.0123585 4.33738e-05 0.0110051 0.0243962 0.0107515 -0.000653721 -0.00459224 -0.00241978 -0.00067367 -0.00368322 -0.0193438 0.00208104 -0.00611787 0.0101053 -0.00400956 0.0231017 0.00713818 -0.000288654 0.000281579 -0.0120473 0.0189704 -0.0172365 -0.000201884 -0.00238327 0.000182944
internal_weight=345.613 342.409 268.357 74.0516 60.5279 8.18887 265.615 15.8813 8.61386 6.20797 249.733 52.339 46.4908 43.8338 38.0105 10.2266 27.7839 13.7424 14.0415 6.73113 7.31039 8.8521 245.608 234.248 11.3598 5.82337 13.5237 230.382 120.929 94.5887
internal_count=2826 2543 1959 584 496 77 1943 160 121 95 1783 419 392 369 312 74 238 106 132 51 81 65 1751 1666 85 57 88 1628 564 442
is_linear=0
shrinkage=0.05


Tree=83
num_leaves=31
num_cat=0
split_feature=3 3 0 0 0 0 0 0 0 3 2 0 3 0 0 0 3 0 0 0 0 0 0 3 0 3 0 3 0 0
split_gain=3.28346 0.772009 0.65729 2.32669 3.13397 1.59869 1.37858 1.32399 1.18523 2.27745 1.69435 1.24341 1.14429 1.04387 1.69928 1.56279 1.13804 1.04249 1.0186 0.886603 2.16425 1.17292 0.898435 0.819341 2.01547 0.715633 1.13818 0.732572 0.726248 1.0153
threshold=1.0000000180025095e-35 28.000000000000004 0.063774496316909804 0.072238828986883177 0.07298659905791284 0.19420886039733889 0.20477086305618289 0.063061632215976729 0.069860793650150313 8.5000000000000018 1.0000000180025095e-35 0.068705819547176375 3.5000000000000004 0.064849406480789198 0.066251005977392211 0.066575963050127043 15.500000000000002 0.22346362471580508 0.070391923189163222 0.061601502820849426 0.060366710647940643 0.062041370198130615 0.060224367305636413 9.5000000000000018 0.069628302007913603 8.5000000000000018 0.011630491819232704 18.500000000000004 0.057193430140614517 0.02239526063203812
decision_type=2 2 2 2 2 2 2 2 2 2 2 2 2 2 2 2 2 2 2 2 2 2 2 2 2 2 2 2 2 2
left_child=-1 2 7 8 -5 -6 -7 19 11 10 -10 12 -4 -14 -15 -16 -17 -8 -11 20 22 -21 25 -13 -25 28 -27 -28 29 -2
right_child=1 -3 3 4 5 6 17 -9 9 18 -12 23 13 14 15 16 -18 -19 -20 21 -22 -23 -24 24 -26 26 27 -29 -30 -31
leaf_value=-0.050550708386393965 -0.0023427210494136094 -0.011888775361908382 0.025621051196338847 -0.032104121022863412 0.01901740950141477 -0.034712008058916451 0.017606142527208452 -0.020735436507208799 -0.012513832922835795 0.020672276220656413 0.031245935015542688 -0.013636646539315532 -0.00900020808075498 0.057793333394001584 -0.025268526477997891 0.043493089384843725 -0.010137889020227161 -0.0032742739720435926 0.060215209980156441 0.026486887007930445 -0.032690854377854454 -0.00065641691554418978 0.024066947811039085 0.027173955494857335 -0.030751428361434508 -0.02863528379698603 0.008958065577079715 -0.0089195125274865329 0.018060185184337902 -0.028381935873202032
leaf_weight=3.1464440897107115 110.21122013032436 11.645951785147188 11.366156719624998 7.8121026679873458 10.765383664518593 3.0668568089604369 7.0502021685242644 7.8254298642277709 5.1095982193946821 2.6791447326540938 3.9007272087037563 9.3419187925755995 7.3497949242591885 1.943651057779787 2.6497843004763126 2.6758862007409334 1.5692368037998674 39.294845687225461 4.1530916569754481 7.1970660611987141 5.1580725386738768 8.9039161130785924 3.8482248336076728 4.788903795182704 2.187694326043129 2.4363290406763545 40.281393917277455 6.6805957360193124 4.1524760574102393 3.875131130218505
leaf_count=292 585 118 53 46 89 27 73 47 23 27 27 50 50 37 21 37 30 298 58 39 30 48 19 48 28 53 448 76 23 19
internal_value=0.000291569 0.000762186 0.00121099 0.00401487 -0.00231011 0.00155769 -0.00224626 -0.000574263 0.0112162 0.0229385 0.00643053 0.00698327 0.013461 0.00492317 0.0165013 0.00486122 0.0236681 -9.78578e-05 0.0447091 0.000244281 -0.000779533 0.0114765 0.000180321 -0.00395463 0.00900994 -0.000368013 0.00468621 0.00641488 -0.00247959 -0.00322719
internal_weight=343.067 339.921 328.275 127.705 67.9894 60.1773 49.4119 200.57 59.7156 15.8426 9.01033 43.873 27.5545 16.1884 8.83856 6.89491 4.24512 46.345 6.83224 192.744 176.643 16.101 171.485 16.3185 6.9766 167.637 49.3983 46.962 118.239 114.086
internal_count=2819 2527 2409 1022 533 487 398 1387 489 135 50 354 228 175 125 88 67 371 85 1340 1253 87 1223 126 76 1204 577 524 627 604
is_linear=0
shrinkage=0.05


Tree=84
num_leaves=31
num_cat=0
split_feature=3 2 3 0 0 0 3 3 0 0 0 0 0 0 0 0 0 0 3 0 0 0 3 0 0 0 0 0 0 0
split_gain=2.8612 0.920686 0.795043 1.04506 0.849549 0.817908 0.651666 1.2093 0.723753 0.724326 0.72128 1.53542 1.72318 1.00272 1.24444 1.2928 0.575734 0.504259 1.10494 0.827866 0.798748 0.564297 0.525934 0.466865 0.968526 0.786583 0.474579 0.389952 0.592729 1.69
threshold=1.0000000180025095e-35 1.0000000180025095e-35 1.5000000000000002 0.060366710647940643 0.012417749967426063 0.069691803306341185 14.500000000000002 12.500000000000002 0.072047267109155669 0.020097580738365654 0.013688349630683662 0.014388924930244686 0.016608297824859623 0.020066848956048492 0.018473540432751182 0.017805567942559723 0.014921483583748342 0.23922593146562579 18.500000000000004 0.065760403871536269 0.073063034564256682 0.26739247143268591 26.500000000000004 0.019727492704987529 0.018161195330321792 0.016441528685390953 0.014221488498151304 0.42452575266361242 0.074742767959833159 0.072238828986883177
decision_type=2 2 2 2 2 2 2 2 2 2 2 2 2 2 2 2 2 2 2 2 2 2 2 2 2 2 2 2 2 2
left_child=-1 2 3 23 -4 -5 7 10 9 -9 -6 -12 -13 14 15 -14 -8 18 -18 -20 -21 -19 -22 24 25 26 -2 28 29 -3
right_child=1 27 4 5 6 -7 16 8 -10 -11 11 12 13 -15 -16 -17 17 21 19 20 22 -23 -24 -25 -26 -27 -28 -29 -30 -31
leaf_value=-0.050523562372781675 -0.0012235691222141881 0.0027673623954747881 0.019708547794313906 -0.03950570088424555 0.016014021917835308 -0.010154930910067205 -0.022553923793668329 0.023279572333130934 0.032717141819966898 -0.0020603655499695783 -0.030376493141692093 0.018002697258445121 -0.018034388042785197 -0.0015408493254353611 -0.03342957665074462 0.015988295309327778 -0.023707930390299069 -0.030157743874381415 0.02327686681481958 -0.013727880589127765 0.025976486728314065 -0.0053108371552961766 -0.0019162531500314176 0.0055638220833531104 -0.028491732372755704 0.011006147619264559 -0.022371244196188231 -0.021300686406894944 0.011369939691175817 -0.018045866335411286
leaf_weight=2.9740471206605426 5.4840738177299588 113.0064261360094 4.4209016636013976 4.5787838250398618 4.9075947403907767 4.928427442908287 5.9024453759193412 4.2882139533758155 3.3703052252531043 8.2371530681848508 5.0851362496614447 9.5056873857974988 7.640012741088869 63.72364553809166 6.0284375399351111 4.4002375900745392 4.4970433488488224 3.8008013963699323 4.2542082369327572 7.0656180530786497 2.9896347373723984 5.7300954163074493 3.8876682668924332 7.4860265105962744 4.8936102092266074 6.1580583900213233 5.1388015449047089 1.7997714802622784 15.410591032356022 10.67451313883066
leaf_count=290 23 1163 38 22 24 20 29 36 27 50 25 47 36 336 31 22 28 26 21 37 24 29 26 34 21 26 21 16 206 86
internal_value=-0.00169483 -0.00126683 -0.00346169 -0.00989473 -0.00190441 -0.0242906 -0.0025196 -0.000672216 0.0121494 0.00661507 -0.00268433 -0.0036364 -0.00214703 -0.00448877 -0.0148854 -0.00560044 -0.00819762 -0.00556808 -0.00151477 0.00396981 -0.00192108 -0.0152195 0.010209 -0.00520125 -0.00891933 -0.00321168 -0.0114537 0.00182396 0.00212318 0.000971038
internal_weight=342.268 339.294 198.403 38.6678 159.735 9.50721 155.314 117.186 15.8957 12.5254 101.291 96.3832 91.298 81.7923 18.0687 12.0403 38.1275 32.2251 22.6942 18.1971 13.9429 9.5309 6.8773 29.1606 21.6745 16.7809 10.6229 140.891 139.092 123.681
internal_count=2820 2530 1059 167 892 42 854 634 113 86 521 497 472 425 89 58 220 191 136 108 87 55 50 125 91 70 44 1471 1455 1249
is_linear=0
shrinkage=0.05


Tree=85
num_leaves=31
num_cat=0
split_feature=3 0 3 0 0 0 0 0 2 0 3 0 3 3 0 0 0 0 0 0 0 3 0 3 0 0 3 0 0 0
split_gain=2.67811 0.410148 1.41376 0.686432 0.506101 1.08823 1.10228 0.570217 0.376564 0.347217 1.16875 0.337072 0.877375 1.75602 0.784683 0.275034 3.10578 0.994208 0.565556 3.04687 0.513149 0.76918 1.28735 1.27006 0.993623 0.585561 0.770024 0.542666 0.475673 0.729897
threshold=1.0000000180025095e-35 0.0093518267385661619 3.5000000000000004 0.010077058337628843 0.012290012091398241 0.012463219463825228 0.013016127515584232 0.013045935891568662 1.0000000180025095e-35 0.011630491819232704 4.5000000000000009 0.013688349630683662 4.5000000000000009 17.500000000000004 0.013884788379073145 0.019022217020392421 0.018745350651443008 0.019347880966961387 0.017963821999728683 0.018291921354830269 0.017805567942559723 3.5000000000000004 0.016608297824859623 5.5000000000000009 0.017230210825800899 0.014388924930244686 7.5000000000000009 0.015380621422082187 0.02071645483374596 0.062041370198130615
decision_type=2 2 2 2 2 2 2 2 2 2 2 2 2 2 2 2 2 2 2 2 2 2 2 2 2 2 2 2 2 2
left_child=-1 2 -2 -3 9 -6 8 -8 -7 -5 -11 12 -9 -14 -13 16 18 -17 20 -20 21 22 27 -23 -24 -25 -27 -16 -19 -30
right_child=1 3 -4 4 5 6 7 11 -10 10 -12 14 13 -15 15 17 -18 28 19 -21 -22 23 24 25 -26 26 -28 -29 29 -31
leaf_value=-0.050497769222871226 -0.0091518462762624955 -0.024841311174339076 0.040372337637868329 0.0044671344612417395 -0.031490526243195198 0.042931188739310872 -0.020655229545500545 -0.0074471204947288401 0.01096035008936107 -0.0086970384438132819 0.053483432039812651 -0.026365465654138727 0.059681633422004589 -0.0068537169044820163 0.0031805324352206115 -0.027833265255753831 0.040000995502584208 -0.0078255077989240873 0.05407685129393356 -0.010000683674653427 -0.023051962079312715 -0.044415294867194206 0.031532895991151381 -0.025019767278491725 0.001412841625990698 0.01726245514597442 -0.0061690585958091414 -0.015400808657483648 0.0055752132521081641 -0.0020178498666039162
leaf_weight=2.7132892683148375 3.2976216301321974 2.9566104151308528 2.5596051327884197 13.269519004970791 2.9152682386338702 1.7780703008174887 3.6920625399798146 3.9258798062801352 1.9107974469661713 1.4714123159646981 1.5536625226959584 3.0554276052862397 1.9527352433651688 2.0149005427956581 9.2350252121686989 3.5946936830878249 4.9540993385016909 25.019294127821922 2.7647254168987256 5.6390083078294992 2.9676928333938113 2.1546178907156017 5.8657370507717115 3.0487557724118259 5.1351945996284485 4.337712254375222 18.292150184512138 6.8393421173095694 39.488449312746525 159.43502179533243
leaf_count=278 19 22 35 90 29 9 24 16 35 6 39 19 34 20 43 21 33 157 24 40 21 12 26 20 22 39 180 34 247 1245
internal_value=-0.0010171 -0.000628098 0.0124902 -0.000854577 -0.000643702 -0.00108138 -0.000801813 -0.00112163 0.0263706 0.00795202 0.0232385 -0.00088878 0.00931098 0.0258927 -0.00115553 -0.000897716 0.00181358 -0.00174653 -0.00104075 0.01108 -0.00280071 -0.00170617 0.00429394 -0.00754289 0.017473 -0.00444903 -0.00167769 -0.00472548 -0.00132779 -0.000510545
internal_weight=347.838 345.125 5.85723 339.268 336.311 320.017 317.101 313.413 3.68887 16.2946 3.02507 309.72 7.89352 3.96764 301.827 298.772 71.2341 227.537 66.28 8.40373 57.8762 54.9085 27.0753 27.8332 11.0009 25.6786 22.6299 16.0744 223.943 198.923
internal_count=2839 2561 54 2507 2485 2350 2321 2277 44 135 45 2253 70 54 2183 2164 494 1670 461 64 397 376 125 251 48 239 219 77 1649 1492
is_linear=0
shrinkage=0.05


Tree=86
num_leaves=31
num_cat=0
split_feature=3 3 0 0 0 0 3 0 0 3 0 3 2 0 0 0 3 3 0 2 3 3 0 0 3 0 0 0 3 0
split_gain=2.79246 0.930349 0.879678 1.54025 0.800226 1.03162 1.41964 1.12212 0.792435 0.771969 1.07152 0.714345 1.55473 0.424594 1.51309 1.13031 0.942748 0.894467 0.689283 0.686406 1.39138 0.648418 1.1202 0.609017 0.570918 0.534921 0.474176 0.893577 0.810745 0.758104
threshold=1.0000000180025095e-35 11.500000000000002 0.2284648343920708 0.23281815648078921 0.22257384657859805 0.19420886039733889 10.500000000000002 0.073132771998643889 0.011762528680264952 7.5000000000000009 0.24861386418342593 12.500000000000002 1.0000000180025095e-35 0.20603106915950778 0.071858659386634841 0.22931337356567386 18.500000000000004 25.000000000000004 0.073012433946132674 1.0000000180025095e-35 17.500000000000004 14.500000000000002 0.069368168711662306 0.074742767959833159 13.500000000000002 0.017922886647284034 0.060224367305636413 0.069368168711662306 29.500000000000004 0.070391923189163222
decision_type=2 2 2 2 2 2 2 2 2 2 2 2 2 2 2 2 2 2 2 2 2 2 2 2 2 2 2 2 2 2
left_child=-1 2 4 -4 5 7 -7 -2 -3 -5 -11 12 -10 14 21 16 -15 19 -16 20 -17 22 24 -20 25 -13 -23 28 -28 -29
right_child=1 8 3 9 -6 6 -8 -9 11 10 -12 13 -14 15 18 17 -18 -19 23 -21 -22 26 -24 -25 -26 -27 27 29 -30 -31
leaf_value=-0.050473255183903699 -0.00035439505238742699 -0.036778250630821352 -0.038807844118627505 -0.018071937045404021 0.023413309577551531 0.0056566869086192191 -0.042937049502615329 0.023810858491754502 0.004789774302805202 0.036382760477961788 -0.010786754677024762 -0.007226115549074214 0.052512337807889775 -0.031523179635056381 0.046289407180748504 0.037516916056415807 -0.00065024005108519148 0.035372681249112768 -0.0041051034026966951 -0.015032861137838303 -0.0026908800138554 0.0054103487612959062 -0.015581260721263847 0.029855557591932209 0.030960763630685229 0.017693530668394932 -0.021051949304639515 0.034381711543746793 0.0065651849235672764 -0.014150999206497029
leaf_weight=2.6657784022390834 219.36713883653283 1.1138635147362936 4.0841088667511931 3.9312495514750463 3.5903706252574912 2.7672274038195601 3.28986906260252 4.9114764109253874 5.322247937321662 2.3079541027545929 2.5170178525149822 3.1150394566357154 2.5122534558176994 4.3939231671392935 2.867017765529452 3.0556373745203036 5.655425239354372 2.3910030610859385 2.2275829985737801 4.0730450078845015 7.2726320773363113 15.17573654651642 3.2673624679446212 3.240610409528017 4.7918468117713919 6.9766346290707588 9.0479135382920521 2.1085610492154951 3.7625667368993154 1.3011683877557514
leaf_count=287 1368 23 23 18 24 35 23 40 38 24 17 38 67 27 33 23 41 34 24 48 44 167 35 37 45 72 90 34 37 26
internal_value=0.000501838 0.000900995 -0.000709412 -0.0134515 -9.99304e-06 -0.000375105 -0.0207367 0.0001748 0.00514339 -0.00162467 0.0117761 0.00564789 0.0200927 0.00431215 0.00672254 -0.000885669 -0.014149 0.00705174 0.0264322 0.0023497 0.00920467 0.0034068 0.0109296 0.016021 0.0167495 0.0100015 -0.000942324 -0.00688593 -0.0129405 0.0158614
internal_weight=343.104 340.438 246.766 12.8403 233.926 230.336 6.0571 224.279 93.6721 8.75622 4.82497 92.5582 7.8345 84.7237 57.882 26.8417 10.0493 16.7923 8.33521 14.4013 10.3283 49.5468 18.1509 5.46819 14.8835 10.0917 31.3959 16.2202 12.8105 3.40973
internal_count=2842 2555 1572 82 1490 1466 58 1408 983 59 41 960 105 855 638 217 68 149 94 115 67 544 190 61 155 110 354 187 127 60
is_linear=0
shrinkage=0.05


Tree=87
num_leaves=31
num_cat=0
split_feature=3 2 3 0 0 0 0 0 3 0 0 0 0 0 0 0 0 0 0 0 0 0 0 0 0 0 0 0 3 1
split_gain=2.64507 1.30071 1.7903 1.60538 1.20565 0.899127 0.98307 1.75247 0.835036 0.792006 1.22381 1.13507 0.578264 0.943683 1.01902 1.11193 0.747618 0.971711 0.601635 1.00698 0.515825 0.684255 1.34829 0.569971 0.826863 0.834509 0.931644 0.567278 0.622597 1.42018
threshold=1.0000000180025095e-35 1.0000000180025095e-35 2.5000000000000004 0.011424486991018059 0.015223377849906685 0.44440254569053655 0.26608741283416754 0.25223581492900854 7.5000000000000009 0.068917568773031249 0.065760403871536269 0.070796813815832152 0.063759762793779387 0.020615364424884323 0.019239523448050026 0.017230210825800899 0.013884788379073145 0.011424486991018059 0.057193430140614517 0.062041370198130615 0.016441528685390953 0.017724422737956051 0.017082292586565021 0.017963821999728683 0.019022217020392421 0.02239526063203812 0.021104273386299614 0.060366710647940643 5.5000000000000009 1.0000000180025095e-35
decision_type=2 2 2 2 2 2 2 2 2 2 2 2 2 2 2 2 2 2 2 2 2 2 2 2 2 2 2 2 2 2
left_child=-1 3 9 -2 8 6 7 -4 -5 10 12 -11 13 14 15 16 17 -3 -15 -20 -6 22 -22 -23 -25 26 -26 -27 29 -29
right_child=1 2 5 4 20 -7 -8 -9 -10 11 -12 -13 -14 18 -16 -17 -18 -19 19 -21 21 23 -24 24 25 27 -28 28 -30 -31
leaf_value=-0.050449957250031208 -0.029364754462738559 0.0076703786350235661 0.01184958432163688 0.017525344855945677 -0.016842851733726901 -0.025507564709376457 0.053617150123748736 -0.043009442306717154 0.0005565772861451443 0.030711446372511293 -0.026816290518227894 -0.0018330621465420084 0.016104282292812629 -0.028811949783662968 0.02148748746562603 -0.016807621127920881 0.014331206953872258 -0.016412599694645081 0.010665150533445942 -0.0224760453266004 -0.0045334360073585071 -0.020355279026715252 0.026801380975597228 0.011462993538630822 -0.0070801074229443484 0.01123473401375409 -0.032039446589018132 -0.0022437818821840717 -0.00068937029771181583 -0.03179420696060388
leaf_weight=2.5192294036969534 5.0766535699367514 9.5610564500093513 62.938107043504715 13.643148161470892 6.0507182925939551 1.6863453835248936 1.3548432681709517 1.4902432821691025 15.472196374088524 4.5941790789365751 4.8903418630361548 6.4277300387620926 4.6638534516096106 4.4229552000761023 5.5334543436765662 8.9755009263753873 10.028572276234625 7.4538374990224829 4.4611558616161329 4.7140237540006638 8.225044980645178 4.5711311995983115 5.8922390565276137 9.9806719049811345 19.257967583835129 7.9622026830911627 4.6394208222627631 14.587926253676416 82.366898931562901 5.6370372474193564
leaf_count=285 24 44 1089 60 28 12 29 17 93 20 21 28 20 21 27 43 53 32 23 19 38 23 29 56 95 41 25 64 483 24
internal_value=0.000598453 0.000969537 0.00461995 -0.00160087 -0.000890041 0.0105429 0.011467 0.0105807 0.00850797 -0.000657156 -0.00276758 0.0117322 -0.000801393 -0.00223104 0.0015105 -0.00155849 0.00350257 -0.00287983 -0.0136642 -0.00636213 -0.00250749 -0.00197574 0.00854502 -0.00297253 -0.00242238 -0.00345313 -0.0119257 -0.0016217 -0.00261949 -0.01048
internal_weight=349.079 346.559 143.196 203.363 198.287 67.4695 65.7832 64.4284 29.1153 75.7267 64.7048 11.0219 59.8144 55.1506 41.5524 36.019 27.0435 17.0149 13.5981 9.17518 169.171 163.121 14.1173 149.003 144.432 134.451 23.8974 110.554 102.592 20.225
internal_count=2866 2581 1498 1083 1059 1147 1135 1106 153 351 303 48 282 262 199 172 129 76 63 42 906 878 67 811 788 732 120 612 571 88
is_linear=0
shrinkage=0.05


Tree=88
num_leaves=31
num_cat=0
split_feature=3 0 0 3 0 0 0 0 0 0 3 0 0 3 0 3 0 0 3 0 3 3 0 2 3 3 0 0 0 0
split_gain=1.00722 0.545205 1.50996 1.42224 0.648289 0.778341 0.481394 1.57718 0.997194 0.918765 0.883049 0.549232 0.914009 1.05127 2.13507 2.8714 1.10043 0.675006 0.992662 0.879548 0.621308 0.949523 1.57301 0.763925 1.09949 0.9019 0.534501 0.435416 1.57526 0.992438
threshold=1.5000000000000002 0.23922593146562579 0.22666641324758532 7.5000000000000009 0.22858404368162158 0.22997444868087771 0.013016127515584232 0.011344788130372764 0.013045935891568662 0.0089109009131789225 11.500000000000002 0.017922886647284034 0.017724422737956051 19.500000000000004 0.0134530495852232 4.5000000000000009 0.017230210825800899 0.018473540432751182 9.5000000000000018 0.01889823749661446 8.5000000000000018 3.5000000000000004 0.015223377849906685 1.0000000180025095e-35 12.500000000000002 10.500000000000002 0.016331557184457782 0.017367155291140083 0.018291921354830269 0.016721292398869995
decision_type=2 2 2 2 2 2 2 2 2 2 2 2 2 2 2 2 2 2 2 2 2 2 2 2 2 2 2 2 2 2
left_child=27 2 6 -3 -4 -6 7 9 -8 -2 -9 12 13 14 15 -10 20 18 -13 -19 21 22 -16 -22 25 -25 -23 29 -29 -1
right_child=1 3 4 -5 5 -7 8 10 11 -11 -12 17 -14 -15 16 -17 -18 19 -20 -21 23 26 -24 24 -26 -27 -28 28 -30 -31
leaf_value=-0.0046527291049374021 0.01886521216419523 -0.034778271857235275 0.038764416126639237 0.00043783224016818463 -0.0063503861439134571 0.030700741940491823 -0.026654840178729294 0.043063007371092005 -0.010089229012691228 -0.011809679673366274 0.010122764995981618 0.044969906191030744 -0.026988293799424631 -0.02846242406756291 -0.019044511467990827 0.062002175477166403 0.020480075273764942 -0.024044428406834614 -0.00042230467855065693 0.00375238659319705 0.011988404935270786 -0.013662742910167506 0.019819679521298528 -0.025343485319494298 -0.032241467640939235 0.052054269018674208 -0.03808672201730267 0.029032643949223155 -0.0031717993828671333 -0.030436919667229941
leaf_weight=26.847817381843928 3.5858141519129294 3.3392618969082859 3.8506116122007352 20.272556298412383 2.834219291806221 2.8355754800140858 3.0163773354142895 4.1428910903632623 2.4595938771963111 7.646354928612709 3.9979437328875065 2.4032929427921763 3.4769743029028168 3.1100015062838784 5.5863280445337313 3.150404304265976 4.4976629205048075 2.903594033792614 2.4144212920218706 143.05905985552818 8.0792501196265203 6.0531737897545081 4.8762052953243256 0.64217158127576002 2.8636566698551178 0.90943799167871475 3.5559635423123837 4.0829551303759208 54.251037492416799 4.3344648918136945
leaf_count=192 39 15 26 173 22 26 22 46 10 69 77 23 21 31 27 40 44 23 25 1204 44 44 26 23 39 30 19 45 397 29
internal_value=0.00109699 0.00269572 0.00343255 -0.00454255 0.0229321 0.0121796 0.00259793 0.0101286 0.00187946 -0.00201687 0.0268861 0.00230972 -0.00227391 -0.00039702 0.00164834 0.0303951 -0.00270278 0.00380722 0.0222214 0.00319943 -0.00590453 -0.0113534 -0.000931329 0.00284878 -0.0138753 0.0200213 -0.0227011 -0.00346728 -0.000917723 -0.00823684
internal_weight=345.079 255.563 231.951 23.6118 9.52041 5.66979 222.431 19.373 203.058 11.2322 8.14083 200.041 49.2608 45.7838 42.6738 5.61 37.0638 150.78 4.81771 145.963 32.5662 20.0717 10.4625 12.4945 4.41527 1.55161 9.60914 89.5163 58.334 31.1823
internal_count=2851 2188 2000 188 74 48 1926 231 1695 108 123 1673 398 377 346 50 296 1275 48 1227 252 116 53 136 92 53 63 663 442 221
is_linear=0
shrinkage=0.05


Tree=89
num_leaves=31
num_cat=0
split_feature=0 0 0 0 0 0 0 0 3 0 0 3 0 3 0 0 3 3 0 0 0 0 3 3 0 0 0 0 0 0
split_gain=0.893073 1.06515 0.542383 0.665337 0.469692 0.66634 0.723259 0.767397 0.648796 0.464958 1.6297 1.17342 0.459678 0.403836 1.49929 1.27942 2.93087 0.71831 0.362177 1.02739 0.874081 1.00399 0.42827 1.37294 0.450414 1.47382 1.19737 0.476568 0.785115 0.603382
threshold=0.062041370198130615 0.062838669866323485 0.063195791095495238 0.063774496316909804 0.061601502820849426 0.060366710647940643 0.057538069784641273 0.053663928061723716 10.500000000000002 0.064088813960552229 0.064849406480789198 10.500000000000002 0.063483141362667098 25.000000000000004 0.22346362471580508 0.07298659905791284 29.500000000000004 21.500000000000004 0.42452575266361242 0.28557106852531439 0.25223581492900854 0.24623500555753711 19.500000000000004 17.500000000000004 0.23066287487745288 0.22858404368162158 0.23922593146562579 0.22446664422750476 0.22382622212171557 0.073132771998643889
decision_type=2 2 2 2 2 2 2 2 2 2 2 2 2 2 2 2 2 2 2 2 2 2 2 2 2 2 2 2 2 2
left_child=4 -2 -3 12 5 6 7 -1 -8 11 -11 -5 -4 17 15 16 -15 18 19 20 21 22 23 24 25 27 -26 28 29 -12
right_child=1 2 3 9 -6 -7 8 -9 -10 10 13 -13 -14 14 -16 -17 -18 -19 -20 -21 -22 -23 -24 -25 26 -27 -28 -29 -30 -31
leaf_value=0.0029618935333406392 -0.021472570689038989 0.020283380430791885 -0.0025770361871655708 0.029313082333073476 0.01515741473844978 -0.015584760917553082 0.031357771475390761 -0.017116151799603279 0.0015172883450520075 -0.036182617894357387 -0.0024593731573109524 -0.0070296968251882634 -0.026225071966249593 0.061888255393951652 0.029224423459010853 -0.022638385006194254 -0.01908862303785111 -0.022649933309300308 -0.013139235359447332 0.031269643649499218 -0.023023940933314058 0.029880558864385787 0.014113262148579454 -0.033672502826638161 0.041483725931177641 -0.036998489816172292 -0.007712415744546894 0.015047288779924829 -0.026890713170305794 0.0088144741013556488
leaf_weight=159.8225423367694 6.7665733378380528 2.8831011783331624 3.7935262471437436 4.235887657850979 7.6862193103879681 4.9340464062988749 4.174351191148161 4.9050714373588553 3.2317422702908516 3.3109532985836259 55.566253527998924 4.6693976316601038 4.4838899523019791 1.8987987106665949 5.0408301129937163 4.7996612079441547 2.7153659779578447 3.933047503232955 5.7281548902392379 2.5264469059184185 4.3169534541666499 2.7267156541347495 4.5235027857124797 3.2275561951100817 2.2211665622889987 2.8001325242221347 2.7908886522054672 4.8811700195074073 2.8340675085782996 15.091683100908993
leaf_count=1317 42 18 28 31 43 32 34 35 24 27 483 30 32 30 52 45 34 26 31 24 32 17 55 34 22 17 28 32 13 156
internal_value=0.00069792 -0.00206496 -0.00119526 -0.00161335 0.0030572 0.00253195 0.00305125 0.00236403 0.0183365 -0.000798036 -0.00154994 0.0102571 -0.0153872 -0.000651451 0.0072184 -0.00456518 0.0142346 -0.00165665 -0.000900776 -0.000223488 -0.00101142 -2.83485e-05 -0.000896522 -0.00165588 -0.000456893 -0.00135507 0.0140896 -8.1592e-05 -0.00108642 -5.14153e-05
internal_weight=342.52 157.766 150.999 148.116 184.754 177.068 172.134 164.728 7.40609 139.839 130.933 8.90529 8.27742 127.622 14.4547 9.41383 4.61416 113.168 109.235 103.507 100.98 96.6631 93.9364 89.4129 86.1854 81.1733 5.01206 78.3732 73.492 70.6579
internal_count=2824 1339 1297 1279 1485 1442 1410 1352 58 1219 1158 61 60 1131 161 109 64 970 944 913 889 857 840 785 751 701 50 684 652 639
is_linear=0
shrinkage=0.05


Tree=90
num_leaves=31
num_cat=0
split_feature=0 0 0 0 3 1 3 3 0 2 0 3 0 0 3 0 0 0 0 3 0 3 0 0 0 0 0 0 3 3
split_gain=0.571643 0.967982 1.28779 1.27367 1.06144 1.41108 0.779036 1.2889 0.923947 0.924586 0.920232 0.919673 0.727393 1.15003 0.640741 0.551487 0.666325 0.518073 3.16608 0.676366 0.506125 1.37211 0.497931 0.400448 0.874854 1.10409 1.55749 0.636373 0.603095 1.07222
threshold=0.014469849877059461 0.012463219463825228 0.013016127515584232 0.012290012091398241 1.5000000000000002 1.0000000180025095e-35 6.5000000000000009 13.500000000000002 0.010400011669844391 1.0000000180025095e-35 0.0089109009131789225 10.500000000000002 0.013045935891568662 0.014221488498151304 10.500000000000002 0.015780820511281494 0.015112442430108787 0.019912107847630981 0.020066848956048492 11.500000000000002 0.014962770044803621 14.500000000000002 0.019727492704987529 0.019022217020392421 0.018745350651443008 0.018291921354830269 0.017963821999728683 0.019347880966961387 1.5000000000000002 3.5000000000000004
decision_type=2 2 2 2 2 2 2 2 2 2 2 2 2 2 2 2 2 2 2 2 2 2 2 2 2 2 2 2 2 2
left_child=1 3 -3 6 -4 -6 8 11 10 -10 -1 -8 -7 14 -14 16 20 19 -19 22 -2 -22 23 24 25 26 28 -25 -17 -30
right_child=15 2 4 -5 5 12 7 -9 9 -11 -12 -13 13 -15 -16 17 -18 18 -20 -21 21 -23 -24 27 -26 -27 -28 -29 29 -31
leaf_value=0.0069985542264685901 -0.010880591760234254 0.038549917997793906 0.029088175783957705 -0.034431757237653259 -0.025760084283005691 -0.013319007075742656 0.023318733178084756 0.053010093753465638 -0.012915733857094755 0.020358307807786555 -0.023290912726421944 -0.035886444992830738 0.039274656140442434 -0.01605063838090371 0.010057799018728483 -0.009497131231825412 -0.02403498132301456 -0.055767896554421187 -0.0014802595879138819 0.02215475747874671 0.041370543088034645 -0.01369152558270734 0.018055098267686281 -0.025288082531041884 0.021845118317690197 -0.022482439257589391 0.036184268153379016 0.0027193178639307123 0.022204908240751046 -0.0032465348357343369
leaf_weight=3.8637827001512139 8.4908407554030436 3.6997190918773439 4.1549761444330242 2.7744803279638282 3.833683818578721 2.853688521310688 1.5498174037784331 1.7919049849733708 3.1984814740717393 6.0118305683135986 7.1439842693507671 1.1372318016365168 3.7790074283257109 2.2408399395644665 3.727468229830265 11.772729361429812 5.7539249826222649 2.7206502249464384 209.1794861657545 4.3097694460302582 1.9649988990277041 2.6671136058866978 4.2520709075033656 3.6881244461983425 4.9985950198024502 4.9319872669875613 3.1736984532326451 4.5062718717381358 6.0874587669968632 12.92237360589206
leaf_count=30 58 46 33 30 17 21 30 41 18 39 44 33 36 15 45 87 40 20 1702 58 25 32 27 29 31 42 36 33 33 103
internal_value=-0.000723483 0.00411857 0.0113903 -0.00231082 0.00651 0.000801848 0.00129767 0.0201649 -0.00288203 0.00880317 -0.0126592 -0.0017385 0.00888295 0.0153829 0.0247665 -0.00158351 -0.00984827 -0.00101108 -0.00217728 0.00306388 -0.00362793 0.00966648 0.00160333 0.000260161 0.00215466 -0.000376303 0.00283451 -0.00988622 -0.000603869 0.0049037
internal_weight=343.181 51.7609 24.2894 27.4715 20.5897 16.4347 24.697 4.47895 20.2181 9.21031 11.0078 2.68705 12.601 9.74732 7.50648 291.42 18.8769 272.543 211.9 60.6431 13.123 4.63211 56.3333 52.0812 43.8868 38.8882 33.9563 8.1944 30.7826 19.0098
internal_count=2834 478 213 265 167 134 235 104 131 57 74 63 117 96 81 2356 155 2201 1722 479 115 57 421 394 332 301 259 62 223 136
is_linear=0
shrinkage=0.05


Tree=91
num_leaves=31
num_cat=0
split_feature=3 2 3 3 0 1 3 0 0 0 0 0 3 0 0 0 0 0 0 0 0 0 3 3 0 0 3 0 0 3
split_gain=2.52013 0.609642 1.37923 1.54355 0.970933 1.31121 0.977966 1.37268 1.29235 1.06979 1.22698 0.929543 1.19977 1.12645 0.862899 2.33411 1.18812 0.775413 0.70229 1.10006 0.890599 0.716614 0.657475 0.72443 0.629134 0.573639 1.12737 1.03761 0.892744 0.911876
threshold=1.0000000180025095e-35 1.0000000180025095e-35 19.500000000000004 25.000000000000004 0.22037933766841891 1.0000000180025095e-35 8.5000000000000018 0.20477086305618289 0.073132771998643889 0.072381693869829192 0.070647068321704878 0.07298659905791284 28.000000000000004 0.22037933766841891 0.067192967981100096 0.063759762793779387 0.069368168711662306 0.072238828986883177 0.019912107847630981 0.068917568773031249 0.073063034564256682 0.06465895846486093 15.500000000000002 11.500000000000002 0.062041370198130615 0.011630491819232704 11.500000000000002 0.014469849877059461 0.01505062496289611 10.500000000000002
decision_type=2 2 2 2 2 2 2 2 2 2 2 2 2 2 2 2 2 2 2 2 2 2 2 2 2 2 2 2 2 2
left_child=-1 -2 4 -4 5 14 18 8 9 10 25 12 -5 -13 15 24 -16 -18 -7 21 -21 -20 23 -6 -3 26 -8 -27 -29 -30
right_child=1 2 3 11 22 6 7 -9 -10 -11 -12 13 -14 -15 16 -17 17 -19 19 20 -22 -23 -24 -25 -26 27 -28 28 29 -31
leaf_value=-0.050428275781654347 -0.00069502222404745323 0.00096828047579166395 0.054176992971630117 -0.0024846826479287733 -0.017462018340299937 0.040469158918953717 0.011627971314814361 0.053518975026632942 -0.041176170377409532 0.056875046795938092 -0.051826040279972896 -0.029741162134255369 0.054406848456946072 0.025420997770884697 -0.034584840562728876 0.030802216771238462 0.0077140638327345707 -0.017609103619082044 0.013239892756034613 0.056251407626462614 0.010434888593848477 -0.02508316301280979 -0.032546523674637964 0.014821327369071406 -0.016032713560180458 0.051023917642888966 -0.062795229547851508 -0.028570689282944331 0.03480842707748627 0.0038245014534802669
leaf_weight=2.3900316199287763 198.31266828626394 51.566199511289597 2.6454741507768613 1.7511508129537108 4.3303849659860116 3.6852253787219516 1.2345876377076082 1.4066714216023672 1.5692896507680405 0.97767505794763465 0.96130311489105125 2.2893911078572278 1.9683659607544539 1.5534843653440473 3.8985869958996799 6.4900507703423491 7.1848411560058576 5.218767374753952 3.4440320618450624 2.162459135055542 2.0817325972020626 1.8888678774237631 2.940671194344759 2.9024141877889633 6.0836974382400504 1.334330541081729 0.86563573777675618 1.7546591460704828 2.8331360416486886 14.674420783296226
leaf_count=284 1057 261 73 29 41 82 33 30 33 10 32 28 57 25 17 31 35 22 37 28 23 34 22 28 27 71 19 17 84 265
internal_value=0.000734982 0.00109462 0.00359932 0.0213039 0.00222487 0.00346908 0.0107614 0.00540131 0.00281838 0.00562082 0.00350273 0.00980424 0.0276223 -0.00744183 -0.000236259 0.0023745 -0.0105081 -0.00294055 0.0219209 0.0147836 0.0337789 -0.000333808 -0.012612 -0.00450719 -0.000825806 0.00584613 -0.0190466 0.00838443 0.00543071 0.00883843
internal_weight=342.4 340.01 141.698 10.2079 131.49 121.316 40.874 27.6117 26.205 24.6357 23.6581 7.56239 3.71952 3.84288 80.4421 64.1399 16.3022 12.4036 13.2623 9.57709 4.24419 5.3329 10.1735 7.2328 57.6499 22.6968 2.10022 20.5965 19.2622 17.5076
internal_count=2835 2551 1494 212 1282 1191 798 594 564 531 521 139 86 53 393 319 74 57 204 122 51 71 91 69 288 489 52 437 366 349
is_linear=0
shrinkage=0.05


Tree=92
num_leaves=31
num_cat=0
split_feature=0 2 3 3 3 3 3 0 0 3 0 0 0 0 0 3 0 0 0 0 0 0 0 0 0 0 0 0 3 0
split_gain=1.71417 0.748211 0.805565 0.936673 0.967223 0.943135 1.04032 2.73247 0.9181 1.41647 1.02318 0.872909 0.822392 0.786682 0.773297 0.631814 0.515967 0.71365 0.423928 0.947023 1.44074 0.748652 0.606708 0.399303 0.587575 2.6904 1.06142 0.915952 0.722658 0.580436
threshold=0.42452575266361242 1.0000000180025095e-35 7.5000000000000009 10.500000000000002 29.500000000000004 28.000000000000004 11.500000000000002 0.021257515996694568 0.012417749967426063 12.500000000000002 0.015093456488102676 0.01889823749661446 0.010400011669844391 0.063759762793779387 0.073012433946132674 14.500000000000002 0.011424486991018059 0.012417749967426063 0.072267085313797011 0.020615364424884323 0.014921483583748342 0.22257384657859805 0.16935998946428302 0.071858659386634841 0.053663928061723716 0.020127423107624057 0.057538069784641273 0.019646776840090755 4.5000000000000009 0.017743511125445369
decision_type=2 2 2 2 2 2 2 2 2 2 2 2 2 2 2 2 2 2 2 2 2 2 2 2 2 2 2 2 2 2
left_child=1 16 14 18 5 6 7 12 -8 -10 15 -12 -5 -9 23 -11 -1 -18 19 20 -4 22 -20 24 25 27 -26 29 -28 -3
right_child=-2 2 3 4 -6 -7 8 13 9 10 11 -13 -14 -15 -16 -17 17 -19 21 -21 -22 -23 -24 -25 26 -27 28 -29 -30 -31
leaf_value=-0.019098023476473748 -0.030346600515394773 -0.00077258979913224926 0.0515527107942267 -0.008456217801635196 0.051540783112093397 -0.024033104765592787 -0.032988645030409235 -0.057690417795549669 0.052247394212099257 0.0038491815990073456 -0.039234167713077542 0.0070099808779899471 0.052352964346703126 -0.017269047306372628 -0.021121290994599251 0.053525082932588508 0.020713759494872936 -0.0026029189906022232 -0.035659363535647477 0.052769423645710689 -0.027772345582309149 0.033062687910060014 0.014784022175636803 0.01378982531915789 -0.031926312753589786 0.044225273563676851 0.00023682791565782609 -0.02220893801835664 -0.025307600155292306 0.014162059694939236
leaf_weight=4.6257561268284908 4.9209603667259207 34.822315411176533 1.0583066316321477 0.82295060902833794 1.0402931571006764 3.0350091382861129 1.1721857441589261 1.7525665983557699 2.0326118431985405 0.97313691303134264 1.083280056715014 17.596741961315274 1.714094892144203 3.8434543199837208 4.3321448219940057 1.8702547699213026 3.3392462367191902 190.24695622362196 1.0990958213806155 2.57468606159091 1.2467163708060978 2.008883859962225 1.3024846874177454 5.3234340064227572 3.4215804636478415 3.6755668409168711 25.982884967699651 4.2925486247986546 3.0989522002637377 8.0006093345582467
leaf_count=34 28 234 48 20 45 36 38 20 61 17 23 290 53 48 31 58 32 1161 14 61 49 23 28 31 21 33 168 27 44 66
internal_value=-0.00104934 -0.000622022 0.00218793 0.00758197 0.00401253 0.00263513 0.00509816 -0.0104143 0.0102002 0.0123493 0.00858147 0.00432822 0.0326281 -0.0299282 -0.000494691 0.0365237 -0.00259506 -0.00220072 0.0217737 0.0319279 0.00864822 0.010539 -0.00830166 0.000513654 -0.00033484 0.00302458 -0.0055844 -0.00018956 -0.00248518 0.00201765
internal_weight=342.31 337.389 139.177 46.2268 36.9366 35.8963 32.8613 8.13307 24.7282 23.556 21.5234 18.68 2.53705 5.59602 92.95 2.84339 198.212 193.586 9.29017 4.87971 2.30502 4.41046 2.40158 88.6179 83.2945 50.791 32.5034 47.1155 29.0818 42.8229
internal_count=2842 2814 1587 932 709 664 628 141 487 449 388 313 73 68 655 75 1227 1193 223 158 97 65 42 624 593 360 233 327 212 300
is_linear=0
shrinkage=0.05


Tree=93
num_leaves=31
num_cat=0
split_feature=0 0 0 3 0 0 0 0 0 3 0 0 3 0 0 0 0 3 3 3 0 0 0 0 3 0 3 0 0 0
split_gain=0.435352 0.260639 1.4378 1.02462 0.627143 1.30597 0.442149 0.296601 0.250364 0.242289 0.819366 0.930391 0.707345 1.82059 0.645859 2.1282 1.08808 1.80079 1.37256 0.603008 0.540349 0.701207 0.469228 0.439796 1.60475 0.558875 0.427997 0.376677 1.00818 1.73895
threshold=0.0087095452472567576 0.26608741283416754 0.25223581492900854 16.500000000000004 0.22931337356567386 0.23922593146562579 0.24487938731908801 0.42452575266361242 0.22446664422750476 17.500000000000004 0.0093518267385661619 0.010155373718589546 15.500000000000002 0.061933303251862533 0.066398397088050856 0.069074306637048735 0.020512533374130729 26.500000000000004 29.500000000000004 20.500000000000004 0.21070312708616259 0.14402028173208239 0.070796813815832152 0.013319531921297314 21.500000000000004 0.012658710591495039 26.500000000000004 0.22257384657859805 0.19420886039733889 0.20477086305618289
decision_type=2 2 2 2 2 2 2 2 2 2 2 2 2 2 2 2 2 2 2 2 2 2 2 2 2 2 2 2 2 2
left_child=-1 2 4 -3 8 -6 -7 -5 9 10 -2 -12 27 -14 16 -16 23 -18 -19 -17 21 26 -15 25 -25 -11 -21 28 -13 -30
right_child=1 3 -4 7 5 6 -8 -9 -10 14 11 12 13 22 15 19 17 18 -20 20 -22 -23 -24 24 -26 -27 -28 -29 29 -31
leaf_value=-0.015183767588784442 0.030045777934276603 0.028449079392881806 -0.032408549230229594 0.0071262872148306431 0.036544144699055939 -0.012689167729916358 0.011211034495308497 -0.011736932038237686 -0.0080867226485824822 -0.0044190633212336751 -0.020865158321875771 0.0017171483773582609 -0.047016028532531978 -0.0089432300213869685 -0.048443273427354716 0.025895597432916452 0.06161817771945071 -0.02457792022959299 0.038579386001424666 -0.016934701561758851 -0.017405799822877547 0.026757733210670872 0.021588281238625183 0.016039528880572664 -0.039069480722556921 0.030382522996330076 0.0076704112596201399 0.016943359977771036 -0.049842843981031733 -0.0005363165015322798
leaf_weight=3.9911297727376214 2.3701117336750022 4.2565482854843131 3.1600943878293029 4.4640036970376951 3.8840382359921914 3.3383548017591238 4.6036625355482101 3.9085225611925125 7.3138285949826232 2.1969939209520835 4.9927770658396176 245.82059745816514 2.7122934479266396 3.0892639942467213 2.1072522196918753 2.8381673023104694 2.5192080587148658 1.7771655842661858 1.6673421496525407 2.934829927980898 3.2000288292765608 2.9405110646039248 2.1233998350799084 3.1415710486471653 2.2795029282569885 2.4290634654462337 4.4429742367938161 3.8264588415622702 2.6045596897602064 5.7052746452391148
leaf_count=39 20 35 25 35 38 40 33 19 46 30 37 1920 32 42 23 24 21 16 25 20 23 27 30 30 21 27 68 24 18 62
internal_value=0.00123451 0.00142575 0.00115598 0.00847509 0.00148049 0.0127845 0.0011648 -0.00167958 0.00105615 0.00127345 0.000775104 0.00051899 0.000920545 -0.013793 0.00522335 -0.00114954 0.0125726 0.0294908 0.00599389 0.00494344 0.000544543 0.0061115 0.00349391 0.00253035 -0.00713321 0.0138547 -0.0021173 0.00137257 0.00113812 -0.0159905
internal_weight=346.64 342.648 330.019 12.6291 326.859 11.8261 7.94202 8.37253 315.033 307.719 273.245 270.875 265.882 7.92496 34.4746 18.4638 16.0108 5.96372 3.44451 16.3565 13.5183 10.3183 5.21266 10.0471 5.42107 4.62606 7.3778 257.957 254.13 8.30983
internal_count=2850 2811 2722 89 2697 111 73 54 2586 2540 2185 2165 2128 104 355 185 170 62 41 162 138 115 72 108 51 57 88 2024 2000 80
is_linear=0
shrinkage=0.05


Tree=94
num_leaves=31
num_cat=0
split_feature=0 0 0 0 0 0 0 0 0 0 3 3 0 0 0 0 3 3 3 3 0 0 0 3 0 0 2 3 3 0
split_gain=0.778175 1.17152 0.788562 0.49068 0.887516 1.30359 1.33657 0.717015 0.798992 0.428961 0.373863 0.900854 0.993803 0.810509 3.93481 1.67506 1.33603 1.09502 2.10499 1.51053 1.23637 1.61471 0.791542 1.22536 1.01739 0.904641 0.777287 0.852902 1.03313 3.15901
threshold=0.020127423107624057 0.019912107847630981 0.019773335196077827 0.019022217020392421 0.018745350651443008 0.018291921354830269 0.017963821999728683 0.017805567942559723 0.017367155291140083 0.020396301522850994 7.5000000000000009 8.5000000000000018 0.22037933766841891 0.072238828986883177 0.073012433946132674 0.064849406480789198 11.500000000000002 17.500000000000004 26.500000000000004 16.500000000000004 0.062041370198130615 0.057802254334092147 0.067683413624763503 28.000000000000004 0.070796813815832152 0.069887049496173873 1.0000000180025095e-35 18.500000000000004 12.500000000000002 0.20477086305618289
decision_type=2 2 2 2 2 2 2 2 2 2 2 2 2 2 2 2 2 2 2 2 2 2 2 2 2 2 2 2 2 2
left_child=1 2 3 4 5 6 7 8 -1 -2 -11 12 -12 15 -15 17 -17 19 -19 20 21 -13 23 -18 25 -24 -16 28 29 -28
right_child=9 -3 -4 -5 -6 -7 -8 -9 -10 10 11 13 -14 14 26 16 22 18 -20 -21 -22 -23 24 -25 -26 -27 27 -29 -30 -31
leaf_value=-0.0019087427941365841 0.020982043751484644 -0.023358587256819493 0.026570178814686096 -0.011865882301733844 0.019768976838908305 -0.024672327791475893 0.032463995501317268 -0.026135845835967328 0.015407917301791311 -1.836352175338333e-05 0.032672298465746888 0.00098384218591285886 -0.0076602668307143686 -0.049817597230651385 -0.0018918580227816882 0.039496815846129615 0.057449590460516425 0.061048658411020931 -0.0056586573456763245 -0.03871585200092615 -0.010869950723838019 0.044614618193666244 0.0080519837354114734 -0.0040332419799192776 0.037699458321654 -0.023649826638959925 -0.047961133534792214 0.028006487099742579 -0.01364805516759585 0.036671370401995348
leaf_weight=93.156224226113409 3.1577552249655119 6.2242717086337498 2.5151870818808666 10.8623262620531 5.0396920852363101 5.8433016939088693 3.0035360418260089 2.8425117880105963 7.1742281001061192 89.131887237075716 5.3207849748432627 8.3721161149442285 2.1422365307807922 3.8692717701196662 32.755733869969845 5.3669418115168837 2.0215478762984307 2.0008049905300131 2.8919771760702133 2.820206180214881 12.41551500558853 2.8398588672280303 9.2026833333075029 1.3526315130293367 2.1375049669295541 2.9787300322204819 1.4340326935052887 5.2736527994275084 4.8747131191194057 4.7706059943884611
leaf_count=795 28 39 19 83 35 50 37 21 73 582 53 85 15 36 217 70 40 16 33 16 80 23 105 14 37 32 21 82 49 72
internal_value=0.000762323 -0.00216628 -0.00115501 -0.00170014 -0.000756832 -0.00168027 -0.000414932 -0.00137209 -0.000670498 0.00269456 0.00241145 0.0042973 0.021095 0.00312982 -0.00127211 0.00741666 0.017645 -0.000109281 0.02162 -0.00412916 -8.45465e-07 0.012035 0.0110166 0.0328025 0.00588286 0.000299917 0.00255278 0.0114556 0.00357751 0.0171109
internal_weight=343.792 136.661 130.437 127.922 117.059 112.02 106.177 103.173 100.33 207.131 203.973 114.842 7.46302 107.379 52.978 54.4005 23.06 31.3405 4.89278 26.4477 23.6275 11.212 17.6931 3.37418 14.3189 12.1814 49.1087 16.353 11.0794 6.20464
internal_count=2858 1152 1113 1094 1011 976 926 889 868 1706 1678 1096 68 1028 477 551 298 253 49 204 188 108 228 54 174 137 441 224 142 93
is_linear=0
shrinkage=0.05


Tree=95
num_leaves=31
num_cat=0
split_feature=3 0 0 3 3 0 3 3 3 3 0 0 0 0 0 2 0 3 0 3 0 3 3 0 0 3 0 0 0 0
split_gain=2.24448 0.804874 1.14268 0.727364 2.82286 1.13544 1.41585 0.799263 2.35144 1.01083 0.834709 2.2144 1.2734 2.03765 1.57574 0.637681 1.04151 0.855118 0.368208 0.333185 0.727722 0.866071 0.652471 1.16007 1.81167 1.65843 1.51105 1.23517 0.928273 2.41555
threshold=1.0000000180025095e-35 0.42452575266361242 0.072381693869829192 23.000000000000004 18.500000000000004 0.22037933766841891 28.000000000000004 17.500000000000004 13.500000000000002 12.500000000000002 0.073012433946132674 0.073132771998643889 0.16935998946428302 0.20477086305618289 0.22037933766841891 1.0000000180025095e-35 0.22931337356567386 8.5000000000000018 0.072235595434904112 7.5000000000000009 0.070796813815832152 15.500000000000002 14.500000000000002 0.063968017697334303 0.069368168711662306 10.500000000000002 0.062041370198130615 0.063759762793779387 0.018745350651443008 0.019975381903350357
decision_type=2 2 2 2 2 2 2 2 2 2 2 2 2 2 2 2 2 2 2 2 2 2 2 2 2 2 2 2 2 2
left_child=-1 2 18 4 7 -5 -7 8 9 10 -4 -12 -13 -14 -15 16 -16 -18 19 -2 22 -22 23 26 25 -25 28 -28 -21 -30
right_child=1 -3 3 5 -6 6 -8 -9 -10 -11 11 12 13 14 15 -17 17 -19 -20 20 21 -23 -24 24 -26 -27 27 -29 29 -31
leaf_value=-0.050407939397780245 -0.0029815848070713731 -0.019956725703079579 0.021536074645463608 -0.0275757960984893 0.041876939174715092 -0.0092721130000894703 0.038363268616011512 -0.018518736916147558 0.04089481694682362 -0.021024378598101339 -0.0414581047127505 0.030877719144647899 -0.037361189813246445 0.035200153168227125 0.024848956303105407 -0.016335665875637482 0.0087929475374966121 -0.023948323487746642 -0.017321467458187609 -0.0014347687677461367 0.002531774939211015 0.058517203572066349 -0.0058581198235488179 0.0089526884800540437 -0.0059040093368907384 0.055919451409200419 -0.029880673493768963 0.0022908326970408144 0.058016588028766282 0.0047125568051068828
leaf_weight=2.2849137824960044 165.79483129642904 5.3343769758939734 6.2358567789196959 3.9734667018055898 5.4937179926782838 4.9674914702773094 2.2739939540624619 3.6203331202268592 4.3418725058436385 4.2026501186192027 2.7368207275867489 4.2484954856336143 3.0009717829525497 3.9371352940797832 4.5862678959965733 4.3805996133014551 4.7657118588685972 3.4291792064905167 3.7788031175732604 26.13678194116801 1.6796834114938968 1.1733282469213007 32.452197412960231 3.81408518925309 5.380204051733017 3.7057068701833487 6.8875844180583936 5.2634810097515583 2.5987870208919039 11.667134921997784
leaf_count=285 855 31 33 40 57 48 17 22 49 37 12 38 24 48 28 43 24 22 23 326 26 25 345 42 52 58 44 30 33 117
internal_value=-0.00101704 -0.000686929 -0.000381478 0.00550642 0.00787361 -0.00609836 0.0056865 0.0040987 0.00588397 0.00222311 0.00484096 0.00149183 0.00563832 0.00118894 0.00667207 0.000127348 0.00576986 -0.00490775 -0.00182321 -0.0016035 0.000664089 0.0255563 -6.1279e-05 0.00281281 0.0162483 0.0320976 -0.000485091 -0.0159449 0.00416444 0.0144228
internal_weight=344.146 341.862 336.527 66.1946 54.9796 11.215 7.24149 49.4859 45.8656 41.5237 37.321 31.0852 28.3484 24.0999 21.0989 17.1618 12.7812 8.19489 270.333 266.554 100.759 2.85301 97.906 65.4538 12.9 7.51979 52.5538 12.1511 40.4027 14.2659
internal_count=2834 2549 2518 542 437 105 65 380 358 309 272 239 227 189 165 117 74 46 1976 1953 1098 51 1047 702 152 100 550 74 476 150
is_linear=0
shrinkage=0.05


Tree=96
num_leaves=31
num_cat=0
split_feature=3 0 0 0 0 3 3 0 0 3 0 0 0 0 0 0 0 0 0 0 0 3 0 0 3 2 0 0 0 3
split_gain=0.6119 1.24157 0.522509 0.504507 1.82254 0.86356 0.748336 1.11026 0.624666 0.508293 0.922606 0.74602 1.19271 1.93451 1.37808 0.735688 0.58976 0.502946 1.04478 0.933088 1.47495 1.09281 0.866562 0.680356 0.451905 1.04938 0.420171 2.35689 1.14581 1.42128
threshold=26.500000000000004 0.073012433946132674 0.20603106915950778 0.016331557184457782 0.016608297824859623 23.000000000000004 19.500000000000004 0.073063034564256682 0.016035764478147033 16.500000000000004 0.26608741283416754 0.061933303251862533 0.22446664422750476 0.070796813815832152 0.067683413624763503 0.26739247143268591 0.24861386418342593 0.07298659905791284 0.07252297550439836 0.19420886039733889 0.20477086305618289 6.5000000000000009 0.23281815648078921 0.21070312708616259 10.500000000000002 1.0000000180025095e-35 0.072047267109155669 0.071224898099899306 0.070647068321704878 2.5000000000000004
decision_type=2 2 2 2 2 2 2 2 2 2 2 2 2 2 2 2 2 2 2 2 2 2 2 2 2 2 2 2 2 2
left_child=3 -2 -3 8 -5 6 9 -8 -1 10 16 -11 13 14 -13 -14 17 18 26 -19 -21 -22 23 -23 -25 -26 27 28 -6 -30
right_child=1 2 -4 4 5 -7 7 -9 -10 11 -12 12 15 -15 -16 -17 -18 19 -20 20 21 22 -24 24 25 -27 -28 -29 29 -31
leaf_value=0.0018882702227443243 -0.0026258857519285599 0.041639530314431815 0.013946806325409001 -0.034015678303076995 -0.0018817506697962928 -0.026260543712079788 -0.003670471435722503 0.030195202739941997 0.026426799961183613 -0.036341824280325175 0.023364889784977236 0.028361887029017364 -0.032371931783651178 0.059374067957492151 -0.031735388556062068 -0.0022154492595968293 -0.0243382884373681 0.018106879831386643 -0.029172169118789677 -0.032921691255024803 -0.025711684224352955 0.021727641820864289 0.029839078364506506 -0.015231439539881 0.022756709764471424 -0.013686003595071756 0.010827173628020579 -0.044798665828208739 -0.0036064236550563053 0.059971221104416585
leaf_weight=72.25376203097403 9.840340915136041 2.7910085283219805 4.3708762861788273 4.3429570384323588 158.52549941232428 3.4279021248221389 5.0302288215607387 4.6642774753272533 2.6900884667411438 2.3267495632171622 3.8410580176860085 1.6469078268855804 4.2092253565788251 1.5617427378892896 2.2669199332594872 3.8928236439824104 2.7562835440039626 9.1815131921321136 3.5053513767197719 3.0804301686584976 2.7281983345747021 3.7398376278579297 3.7069398537278166 4.5086758695542795 3.9662964642047882 3.935338843613863 6.5447235642932347 3.1684076804667702 1.8287213942967349 1.6926981080323455
leaf_count=651 108 31 38 31 1230 34 40 50 27 12 30 21 29 24 28 22 19 72 20 26 12 42 43 37 31 23 41 20 11 31
internal_value=-0.000345694 0.00890098 0.0247387 -0.000829394 -0.00190778 -0.00134033 -0.000987791 0.0126232 0.00276907 -0.00155505 -0.000921865 -0.0101826 -0.00569984 0.0123265 -0.00644693 -0.0178825 -0.0013601 -0.00105867 -0.00214946 0.00442749 -0.000466102 0.00396055 0.00803727 0.0030331 -0.00260048 0.00460674 -0.00159797 -0.00209017 -0.00125511 0.0269545
internal_weight=342.026 17.0022 7.16188 325.024 250.08 245.737 242.309 9.69451 74.9439 232.614 216.71 15.9044 13.5776 5.47557 3.91383 8.10205 212.869 210.113 175.265 34.8472 25.6657 22.5853 19.8571 16.1501 12.4103 7.90164 171.76 165.215 162.047 3.52142
internal_count=2834 177 69 2657 1979 1948 1914 90 678 1824 1688 136 124 73 49 51 1658 1639 1353 286 214 188 176 133 91 54 1333 1292 1272 42
is_linear=0
shrinkage=0.05


Tree=97
num_leaves=31
num_cat=0
split_feature=3 1 2 3 0 0 0 0 0 3 0 0 0 0 0 0 0 0 0 0 0 3 2 0 0 0 0 0 0 0
split_gain=0.651265 0.896745 0.463719 0.74265 0.748126 0.433328 1.28046 0.948547 0.484119 1.42269 0.536405 0.88063 0.724227 1.37386 0.881723 1.15258 0.688452 0.662794 0.604412 0.504537 0.475308 1.82069 0.47391 1.19925 0.469504 0.420099 0.416022 0.400434 0.980576 0.396913
threshold=2.5000000000000004 1.0000000180025095e-35 1.0000000180025095e-35 23.000000000000004 0.22346362471580508 0.063968017697334303 0.063195791095495238 0.067192967981100096 0.057193430140614517 1.5000000000000002 0.018871597945690158 0.019239523448050026 0.016035764478147033 0.016661843284964565 0.017963821999728683 0.017585851252079013 0.013045935891568662 0.010400011669844391 0.01841287408024073 0.020097580738365654 0.071710307151079192 1.5000000000000002 1.0000000180025095e-35 0.014843435958027841 0.065984569489955916 0.0094179278239607828 0.068917568773031249 0.062041370198130615 0.06072052754461766 0.22931337356567386
decision_type=2 2 2 2 2 2 2 2 2 2 2 2 2 2 2 2 2 2 2 2 2 2 2 2 2 2 2 2 2 2
left_child=5 -2 3 -3 26 6 8 24 10 27 12 -12 16 -14 15 -15 17 25 -16 -13 21 -9 23 -18 -7 -1 -5 28 -10 -4
right_child=1 2 29 4 -6 7 -8 20 9 -11 11 19 13 14 18 -17 22 -19 -20 -21 -22 -23 -24 -25 -26 -27 -28 -29 -30 -31
leaf_value=0.0029409781864525729 0.02109358394221339 0.0010534840435471717 0.0037441731097141422 -0.0090874134403376005 0.0038919306756768392 0.0084319610144498909 -0.032916607476384578 0.0038649714108157521 0.0085704927569436578 0.03250948386701185 -0.030326331813105789 0.0025688388216789917 0.027130019791293716 8.6299011318594684e-05 -0.0013414365857337619 -0.035913283948564592 -0.037871105154840976 0.0078335396405842996 0.032839641867180976 -0.012423538466910685 0.0063826279643410576 -0.036515195535485094 -0.0039380715892812996 -0.002238590050720387 0.035028583655801825 -0.019622351144299027 -0.031053427886722374 0.0096466176668320441 -0.032395354174555913 0.017127462362084133
leaf_weight=3.4949562973342854 5.9588635005056849 130.31231471523643 52.835567987523973 4.274630203843115 5.1697162911295882 4.1612743013538447 3.6974948020651928 9.3461771504953521 2.8728893324732763 3.6518766134977332 4.486429592594507 9.6921067852526921 5.5303879273124066 8.4958919193595666 2.6223440002650014 3.0114969261921933 4.9163551111705619 12.061921877786515 2.5518448557704687 13.329179213847963 9.6322105792351049 3.9803727418184272 7.5162861696444443 4.5436556842178106 2.7597526791505516 5.0347496438771486 4.3481001704931259 3.2441815896891057 2.971804310567677 6.1889232918620101
leaf_count=22 47 753 987 20 36 27 29 68 24 20 26 64 31 57 24 23 34 77 21 86 59 18 44 28 25 31 22 21 18 95
internal_value=0.000233116 0.0019755 0.00141466 -0.000114268 -0.0111473 -0.00249365 -0.00402196 0.00281178 -0.00295388 0.00615077 -0.00428282 -0.010061 -0.001624 0.00553323 -0.00162668 -0.00933483 -0.0058557 0.000290045 0.0155162 -0.00611165 -0.00207949 -0.00819577 -0.0133103 -0.0207568 0.0190373 -0.0103773 -0.020164 -0.00444006 -0.0122591 0.00514746
internal_weight=342.694 209.088 203.129 144.105 13.7924 133.606 103.726 29.8798 100.028 12.7408 87.2876 27.5077 59.7799 22.212 16.6816 11.5074 37.5679 20.5916 5.17419 23.0213 22.9588 13.3265 16.9763 9.46001 6.92103 8.52971 8.62273 9.08888 5.84469 59.0245
internal_count=2837 1960 1913 831 78 877 680 197 651 83 568 176 392 156 125 80 236 130 45 150 145 86 106 62 52 53 42 63 42 1082
is_linear=0
shrinkage=0.05


Tree=98
num_leaves=31
num_cat=0
split_feature=0 0 0 0 0 0 0 0 3 3 3 0 0 0 0 0 0 3 3 0 0 0 3 2 0 0 1 0 0 3
split_gain=1.02942 0.518983 1.35069 1.28898 0.839345 0.75379 1.20187 0.561984 0.968952 0.492062 0.445383 0.426742 0.605384 0.384916 2.26435 1.01171 0.437358 0.376402 1.34473 0.397413 0.374426 1.09747 0.502812 0.567582 1.04532 0.517456 1.25934 0.928763 0.413861 0.407204
threshold=0.0087095452472567576 0.013016127515584232 0.012463219463825228 0.013319531921297314 0.012658710591495039 0.012290012091398241 0.011762528680264952 0.013688349630683662 17.500000000000004 1.5000000000000002 9.5000000000000018 0.013884788379073145 0.014469849877059461 0.063774496316909804 0.063921783119440093 0.063061632215976729 0.063277509063482298 13.500000000000002 17.500000000000004 0.060224367305636413 0.020127423107624057 0.019912107847630981 1.5000000000000002 1.0000000180025095e-35 0.021257515996694568 0.061933303251862533 1.0000000180025095e-35 0.021104273386299614 0.055635821074247367 7.5000000000000009
decision_type=2 2 2 2 2 2 2 2 2 2 2 2 2 2 2 2 2 2 2 2 2 2 2 2 2 2 2 2 2 2
left_child=-1 2 5 10 -4 6 9 8 -5 -2 -3 -9 -13 15 -15 17 -17 20 19 -19 21 -14 23 24 -22 26 -24 -28 -25 -29
right_child=1 3 4 7 -6 -7 -8 11 -10 -11 -12 12 13 14 -16 16 -18 18 -20 -21 22 -23 25 28 -26 -27 27 29 -30 -31
leaf_value=-0.027081641020286585 -0.0073398063962961521 -0.03391479970825996 0.012879208307572332 0.043891473351892668 0.062374035035781816 -0.019928963860946631 0.043619148635239351 -0.017185337354966079 -0.0055136587401468937 0.0096676021769032429 -0.0079084924617370458 0.014741450097961951 -0.00067969188268334304 0.056088249988414211 0.00079357651675231308 -0.031825132187726222 -0.0089640912176266446 -0.0080125950372091064 0.012312642355571239 -0.029523136813690471 0.0070106342734468355 -0.022785484733337736 0.030486592327274371 0.018053745212092565 -0.028237179416032366 -0.0051391174111282334 0.030335107476094525 -0.0097937213338914475 -0.0033188427175234419 0.0069413378411868681
leaf_weight=3.5144956125877789 7.7324697552248969 3.6602772208861998 1.8252439787611359 1.9476316650398069 1.613996749743819 3.221146914176642 1.9309052652679373 3.6599289681762448 2.0235243290662766 9.4509195778518897 2.9921439373865724 6.798467179760336 74.244608056265861 1.876646197400986 138.03092376049608 3.6819701441563648 4.8451442448422313 3.6779967881739122 4.7965062707662574 5.1592069789767265 3.7574745928868651 6.0739834187552324 5.9824401810765329 3.7196134142577648 4.778304704464972 6.6134810894727698 2.78489797189832 7.0634633600711805 5.792263166513294 7.4887224808335304
leaf_count=36 56 23 12 26 34 34 37 23 21 98 28 51 576 14 1199 26 39 36 42 29 27 38 36 26 38 41 33 41 36 74
internal_value=-0.000161081 0.00011948 0.00693791 -0.000444794 0.0361066 0.00244648 0.0062172 3.0414e-05 0.0187168 0.00201432 -0.0222176 -0.000216262 -7.26927e-06 -0.000352586 0.00153527 -0.00210804 -0.0188354 -0.00110308 -0.00900185 -0.0205706 -0.000263721 -0.00235141 0.00323103 -0.00336078 -0.012721 0.00720546 0.0107064 0.00388095 0.00503889 -0.00118167
internal_weight=340.739 337.224 25.7747 311.45 3.43924 22.3354 19.1143 304.797 3.97116 17.1834 6.65242 300.826 297.166 290.368 139.908 150.46 8.52711 141.933 13.6337 8.8372 128.299 80.3186 47.9807 18.0477 8.53578 29.933 23.3195 17.3371 9.51188 14.5522
internal_count=2830 2794 271 2523 46 225 191 2472 47 154 51 2425 2402 2351 1213 1138 65 1073 107 65 966 614 352 127 65 225 184 148 62 115
is_linear=0
shrinkage=0.05


Tree=99
num_leaves=31
num_cat=0
split_feature=0 0 3 3 0 0 0 0 0 0 0 3 3 0 0 0 0 0 0 0 0 0 0 0 0 0 0 0 3 0
split_gain=0.591921 0.809621 1.34542 3.5769 0.73982 0.94805 0.695735 0.574146 1.65867 0.893156 1.00501 0.755999 0.497159 1.00584 0.605959 0.828789 1.01322 0.495921 3.79158 1.34792 1.00513 0.518438 0.641436 0.473845 4.42503 0.784013 2.47805 2.03024 0.682339 0.656344
threshold=0.014388924930244686 0.013030957430601122 1.5000000000000002 2.5000000000000004 0.011762528680264952 0.012290012091398241 0.012463219463825228 0.0093518267385661619 0.0087095452472567576 0.010155373718589546 0.010993865318596365 2.5000000000000004 1.5000000000000002 0.014724517706781627 0.015380621422082187 0.063759762793779387 0.062144866213202483 0.062041370198130615 0.061115605756640441 0.062838669866323485 0.063195791095495238 0.060366710647940643 0.038142754696309573 0.069074306637048735 0.068705819547176375 0.069628302007913603 0.06985278427600862 0.069985084235668196 12.500000000000002 0.072381693869829192
decision_type=2 2 2 2 2 2 2 2 2 2 2 2 2 2 2 2 2 2 2 2 2 2 2 2 2 2 2 2 2 2
left_child=1 4 -3 -4 7 -6 -7 8 11 -9 -11 -1 14 -14 -2 16 -16 18 21 -19 -21 22 -15 24 -22 28 -27 -28 -25 -29
right_child=12 2 3 -5 5 6 -8 9 -10 10 -12 -13 13 17 15 -17 -18 19 -20 20 23 -23 -24 25 -26 26 27 29 -30 -31
leaf_value=0.012366160432322054 0.015610020127314267 0.015466344434894419 -0.068117719032799534 -0.0074534428612798428 0.042449534482782728 -0.013826638782809264 0.015508700320306207 -0.028193699558845087 0.043477045353914834 0.015279797351553541 -0.014843331684069037 -0.030284761732945031 0.030247416305196791 0.00073800262339338452 -0.0057511327830978296 0.0039835937900753945 -0.034630632503089114 -0.026880551300533406 0.042549912764489016 0.031399446249442901 4.2546002119745625e-05 -0.016708883582191067 0.014956141524261501 0.034476227361821377 -0.068712978051475596 -0.047176349835558969 0.043708279268819386 -0.010770682053422758 0.0037135202061915743 0.002354386034674142
leaf_weight=1.9095769384875918 4.1906031980179241 3.2695158873684731 3.0612011253833762 11.781603994779287 1.9158739484846581 3.4319530390202981 4.9167761206626892 4.9202511417679515 2.1153590679168701 4.6273103756830078 6.8944491231814027 2.2788758911192417 3.0941981449723235 64.5489013902843 42.626535262912512 22.061947830487043 3.2701272079721084 4.6238715238869181 6.0883702337741843 2.5949575826525679 31.298147991299629 3.6946426033973685 9.0438661035150272 3.2790996953845015 2.529245087876915 2.6438549216836682 2.8180584693327537 11.071474694646893 4.0031545571982861 68.195017822086811
leaf_count=14 30 29 13 101 39 34 62 37 20 50 53 27 26 531 312 170 25 29 39 16 273 19 72 28 23 24 35 125 29 569
internal_value=-0.000111738 -0.00507452 -0.0135691 -0.0199649 -0.000413671 0.0107289 0.00344968 -0.00544205 0.00738735 -0.0103608 -0.00274543 -0.0108396 0.0007581 0.00194152 -0.00284267 -0.00398053 -0.00780879 0.00153685 0.00456038 -0.000357745 0.000597135 0.00156772 0.00248528 -3.80524e-05 -0.00509825 0.00182231 0.000469207 0.00200382 0.0175655 0.000521154
internal_weight=342.799 51.1227 18.1123 14.8428 33.0104 10.2646 8.34873 22.7458 6.30381 16.442 11.5218 4.18845 291.676 219.527 72.1492 67.9586 45.8967 216.433 83.3758 133.057 128.433 77.2874 73.5928 125.838 33.8274 92.0107 84.7284 82.0846 7.28225 79.2665
internal_count=2854 479 143 114 336 135 96 201 61 140 103 41 2375 1838 537 507 337 1812 661 1151 1122 622 603 1106 296 810 753 729 57 694
is_linear=0
shrinkage=0.05


Tree=100
num_leaves=31
num_cat=0
split_feature=2 0 0 3 3 0 3 3 0 0 3 0 0 3 0 0 0 3 3 3 0 0 0 0 0 3 0 3 0 0
split_gain=0.471474 1.52608 0.614829 1.27429 1.02269 0.861617 0.604084 1.51719 0.59784 1.16286 0.850693 1.29854 1.26038 0.670212 1.17773 1.38076 0.959927 1.01213 1.10319 1.06105 1.167 0.661501 0.625255 0.983202 1.14055 1.43362 1.83151 1.42758 0.918015 0.71871
threshold=1.0000000180025095e-35 0.011424486991018059 0.2080323398113251 9.5000000000000018 10.500000000000002 0.074742767959833159 10.500000000000002 12.500000000000002 0.073012433946132674 0.07298659905791284 23.000000000000004 0.072238828986883177 0.070977650582790389 2.5000000000000004 0.067927919328212752 0.065760403871536269 0.0087095452472567576 10.500000000000002 7.5000000000000009 6.5000000000000009 0.062229327857494361 0.066251005977392211 0.067927919328212752 0.063277509063482298 0.021257515996694568 11.500000000000002 0.011630491819232704 11.500000000000002 0.069591987878084197 0.014469849877059461
decision_type=2 2 2 2 2 2 2 2 2 2 2 2 2 2 2 2 2 2 2 2 2 2 2 2 2 2 2 2 2 2
left_child=1 -1 5 -4 -5 8 -7 -8 9 10 11 12 13 14 15 -2 -15 18 19 20 -18 -12 23 24 25 -19 -27 -26 -24 -28
right_child=2 -3 3 4 -6 6 7 -9 -10 -11 21 -13 -14 16 -16 -17 17 22 -20 -21 -22 -23 28 -25 27 26 29 -29 -30 -31
leaf_value=-0.02767944262369142 9.4445274441387135e-06 -9.2306228075395152e-05 -0.045831452742893256 0.031940108894027368 -0.0073812631558250706 0.054194827041566189 -0.027756990388771854 0.052992927256065629 -0.017072878317041584 0.042658275976440896 0.010373460975297486 -0.023813174949862317 0.042420040179982688 -0.027179146378984366 0.020691949801747208 -0.028740741349100336 0.0049165945555047601 0.052062481213490164 0.040769487828812366 -0.010616023332773363 0.042780148164956504 0.054091004442779603 -0.046051044539853328 0.034475710245655641 -0.053035491148377113 -0.068074794162274299 0.050926735759297528 0.0045512186373510271 0.0020973263805925744 0.0028511537640427439
leaf_weight=5.1454757098108521 59.031590784434229 194.81899507530034 1.8300025314092625 1.9663800355046976 10.395165467634795 1.3708244604058557 1.1710670758038761 1.1558182947337625 3.4756626137532285 1.9105671569704998 2.2710024965927 4.4803808336146167 2.0569456992670885 1.8118412792682637 6.2686692522838703 4.4940823810175052 4.6657032556831854 1.7901576878502981 4.3664752272889009 3.7547491062432519 3.6092385016381741 1.397906540893018 1.4950273185968388 2.7084383945912114 1.8162879161536691 0.8260570503771304 0.97129628807306279 2.6412159744650126 2.9305143384262919 3.8942918106913567
leaf_count=37 361 1208 15 26 115 28 18 28 35 13 49 32 21 24 33 30 56 60 150 56 43 49 23 68 20 17 58 29 67 75
internal_value=0.000757652 -0.000802177 0.00297675 -0.00689105 -0.00112632 0.00408495 0.0278649 0.0123534 0.00336813 0.00396419 0.00333385 0.00256861 0.0036517 0.00290696 1.58359e-05 -0.00202447 0.00831942 0.0101328 0.0192424 0.0114286 0.0214313 0.0270305 0.00230173 0.00727777 0.0011079 0.0130362 0.000761557 -0.0189135 -0.0141681 0.0124483
internal_weight=340.522 199.964 140.557 14.1915 12.3615 126.366 3.69771 2.32689 122.668 119.192 117.282 113.613 109.133 107.076 69.7943 63.5257 37.2813 35.4695 16.3962 12.0297 8.27494 3.66891 19.0733 14.6477 11.9393 7.4818 5.69165 4.4575 4.42554 4.86559
internal_count=2844 1245 1599 156 141 1443 74 46 1369 1334 1321 1223 1191 1170 424 391 746 722 305 155 99 98 417 327 259 210 150 49 90 133
is_linear=0
shrinkage=0.05


Tree=101
num_leaves=31
num_cat=0
split_feature=0 0 0 0 3 3 0 3 0 0 3 0 0 0 2 3 3 3 0 0 0 0 3 0 3 0 0 0 0 0
split_gain=0.709753 0.451818 1.69184 0.744345 0.637783 1.21034 0.703225 0.536894 0.647315 1.1262 1.38242 0.611875 1.04044 0.633498 3.26655 0.632325 0.885303 0.467501 0.444247 1.08582 0.824421 0.400834 0.3909 0.689572 0.344661 1.54616 1.02049 2.31226 1.61866 1.0269
threshold=0.0087095452472567576 0.073063034564256682 0.073012433946132674 0.42452575266361242 18.500000000000004 23.000000000000004 0.28557106852531439 25.000000000000004 0.07284188270568849 0.072238828986883177 6.5000000000000009 0.072047267109155669 0.071224898099899306 0.070647068321704878 1.0000000180025095e-35 2.5000000000000004 13.500000000000002 17.500000000000004 0.069985084235668196 0.06985278427600862 0.069628302007913603 0.063992727547884001 26.500000000000004 0.20603106915950778 1.5000000000000002 0.014469849877059461 0.069074306637048735 0.067927919328212752 0.064849406480789198 0.065984569489955916
decision_type=2 2 2 2 2 2 2 2 2 2 2 2 2 2 2 2 2 2 2 2 2 2 2 2 2 2 2 2 2 2
left_child=-1 2 7 4 6 -6 17 8 9 11 -11 12 13 18 -15 -16 -17 -3 19 20 24 -9 -7 -24 25 -2 27 28 -26 -30
right_child=1 3 -4 -5 5 22 -8 21 -10 10 -12 -13 -14 14 15 16 -18 -19 -20 -21 -22 -23 23 -25 26 -27 -28 -29 29 -31
leaf_value=-0.022288593428993888 0.011466727562243768 0.002177302428110569 -0.042149867550607026 -0.014867837471667837 0.035653069421379489 -0.011959970797046342 0.028618616818577414 0.0016072780469785785 0.023869325618064284 -0.00029159343783107628 -0.045776254728408412 0.023538063556694817 -0.02909061902427065 0.071294304484170554 -0.041679477030757403 0.052098840299524031 -0.035106617052129724 -0.018288544124207311 -0.017443621610969025 0.026040283405231509 -0.022779571021446704 -0.020136160250545081 0.035207010768991388 -0.00065342922058240756 -0.00027105820989632441 -0.0064744322045311295 0.021503317131724195 -0.044078567951204524 0.045782087365330626 0.010873490479114897
leaf_weight=3.727754332125186 14.99160290090367 37.050779188983142 2.5014969645999363 5.0347369685769072 4.5557146035134783 2.6925920024514181 2.3784849848598233 3.2428115140646678 2.7148894872516385 3.6985758100636295 3.0465326309204102 2.7008299571461967 3.1180259017273775 1.7567703844979394 1.3105914648622277 0.58827439695596673 0.57599364686757326 3.0176468268036833 3.7469424139708272 3.9096674500033251 4.0901999156922093 6.1192392706871033 1.9768158569931982 4.1651131827384233 133.78526125382632 60.351385957561433 5.9622346684336653 2.8647534325718871 2.7666810844093552 8.8314626365900022
leaf_count=38 117 314 18 28 54 26 19 35 17 22 23 20 18 14 7 18 24 18 37 33 35 77 21 38 1098 449 50 32 35 103
internal_value=-0.000592253 -0.000349772 -0.00121925 0.00354505 0.00520531 0.0147195 0.00220396 -0.000840281 -0.000417985 -0.000673462 -0.0208354 -0.000132406 -0.000389514 -2.50366e-05 0.0191534 -0.0178586 0.00895604 0.000635972 -0.000361365 -9.19256e-05 -0.000529208 -0.0126047 0.0039247 0.0108885 -0.000132749 -0.00290453 0.00122147 0.000405775 0.00128233 0.0192008
internal_weight=337.274 333.546 272.674 60.8719 55.8371 13.3902 42.4469 270.173 260.811 258.096 6.74511 251.351 248.65 245.532 4.23163 2.47486 1.16427 40.0684 241.3 237.553 233.644 9.36205 8.83452 6.14193 229.553 75.343 154.21 148.248 145.383 11.5981
internal_count=2838 2800 2282 518 490 139 351 2264 2152 2135 45 2090 2070 2052 63 49 42 332 1989 1952 1919 112 85 59 1884 566 1318 1268 1236 138
is_linear=0
shrinkage=0.05


Tree=102
num_leaves=31
num_cat=0
split_feature=2 3 3 0 0 0 0 0 3 0 0 0 0 0 0 0 3 3 0 0 3 0 0 0 0 0 0 0 3 0
split_gain=0.906661 0.548486 1.09353 0.917724 1.41975 0.817662 0.672772 0.48649 0.552762 1.07599 0.603443 1.46123 0.832783 0.600998 1.31599 1.2927 1.11572 1.03132 0.816957 1.28206 1.14813 0.736374 1.30717 0.566081 0.469254 0.969389 1.00211 0.390332 0.886844 0.427297
threshold=1.0000000180025095e-35 6.5000000000000009 15.500000000000002 0.069985084235668196 0.068917568773031249 0.26739247143268591 0.22858404368162158 0.011530827265232803 17.500000000000004 0.013016127515584232 0.020615364424884323 0.066398397088050856 0.069368168711662306 0.063968017697334303 0.068917568773031249 0.062328308820724494 6.5000000000000009 9.5000000000000018 0.072381693869829192 0.16935998946428302 10.500000000000002 0.071858659386634841 0.070586379617452635 0.069887049496173873 0.20603106915950778 0.22666641324758532 0.28557106852531439 0.23281815648078921 7.5000000000000009 0.22346362471580508
decision_type=2 2 2 2 2 2 2 2 2 2 2 2 2 2 2 2 2 2 2 2 2 2 2 2 2 2 2 2 2 2
left_child=7 3 5 4 -2 6 -3 -1 9 -9 -10 -12 -13 15 16 -11 -15 -17 20 -20 21 22 -16 -22 -14 -26 -27 29 -29 -21
right_child=1 2 -4 -5 -6 -7 -8 8 10 13 11 12 24 14 18 17 -18 -19 19 27 23 -23 -24 -25 25 26 -28 28 -30 -31
leaf_value=-0.016215260640751756 0.00096669159268469157 0.013232799051322472 -0.0021476147494329627 -0.013438356230682744 0.029128346307348976 0.05588121715955368 -0.017070741965472338 0.025277023309263326 -0.019619472485422115 -0.0012996113340353053 0.026056996446707399 -0.029613978816836591 0.010052449096777799 0.0073693983470973987 -0.025724919582908113 -0.0037951512200825026 0.045870222187973403 -0.034969911042403067 0.026664633465569305 0.0039756803326350468 0.025490622236410767 -0.03911322478797561 0.015568586074164179 -0.0060483146515041943 -0.027620920247132537 0.01460570954979116 -0.020512118852920338 -0.013551110375442411 0.017653345476668827 -0.014568910336541663
leaf_weight=5.8063726415857664 72.075980603694916 30.270811286754906 19.24318783916533 9.9283418664708716 4.7717399057000867 1.0673319632187475 1.9495170563459385 4.0048600239679208 7.7659066133201113 91.853870860766619 3.5483230948448208 3.8597768694162395 4.4563123211264637 4.9270406509749582 5.0930877136997896 5.1910328287631256 3.0444388166069984 5.425884485244751 5.5963790081441429 5.7852343842387217 2.8253614977002135 3.0114078852348021 3.0727743511088192 2.8658715784549713 4.4697621911764136 5.2801093682646734 3.3017022460699081 3.4248494505882245 6.7934884913265705 6.7078620754182339
leaf_count=41 480 611 354 63 28 18 26 35 44 565 19 19 30 33 38 31 21 25 36 35 23 19 21 18 30 38 17 14 45 44
internal_value=0.000217338 0.00330818 0.00734054 0.000867146 0.00271535 0.0128255 0.0113993 -0.00195606 -0.00152552 -0.000312558 -0.00744984 -0.00365677 -0.00859105 -0.000971109 0.00334342 -0.00320889 0.0220735 -0.0197273 3.84453e-05 0.00522883 -0.00867178 -0.0179799 -0.0101864 0.00960891 -0.00395635 -0.00873949 0.00109474 -5.32204e-05 0.00719464 -0.00598138
internal_weight=337.419 139.307 52.5308 86.7761 76.8477 33.2877 32.2203 198.112 192.305 159.623 32.6819 24.916 21.3677 155.619 53.1478 102.471 7.97148 10.6169 45.1763 28.3078 16.8685 11.1773 8.16586 5.69123 17.5079 13.0516 8.58181 22.7114 10.2183 12.4931
internal_count=2821 1580 1009 571 508 655 637 1241 1200 1003 197 153 134 968 347 621 54 56 293 174 119 78 59 41 115 85 55 138 59 79
is_linear=0
shrinkage=0.05


Tree=103
num_leaves=31
num_cat=0
split_feature=2 0 3 0 0 0 0 3 3 0 3 0 0 0 3 0 0 0 3 3 0 0 0 0 0 3 0 0 3 1
split_gain=0.49283 0.543211 0.752801 0.623443 1.69749 1.345 1.99141 4.16341 1.75117 0.94982 0.562646 0.827436 0.542875 0.933803 0.754891 0.45003 1.3195 1.35641 0.405457 0.530651 0.604361 1.07582 0.777393 0.950512 1.1459 0.896582 0.771598 1.13219 1.38877 0.749657
threshold=1.0000000180025095e-35 0.22037933766841891 19.500000000000004 0.016558715142309669 0.016144388355314735 0.015223377849906685 0.014724517706781627 10.500000000000002 15.500000000000002 0.017524979077279571 15.500000000000002 0.22931337356567386 0.074742767959833159 0.073063034564256682 11.500000000000002 0.017963821999728683 0.018871597945690158 0.019239523448050026 18.500000000000004 17.500000000000004 0.015837876126170162 0.014962770044803621 0.017082292586565021 0.017724422737956051 0.018076437525451187 7.5000000000000009 0.018473540432751182 0.019453601911664013 9.5000000000000018 1.0000000180025095e-35
decision_type=2 2 2 2 2 2 2 2 2 2 2 2 2 2 2 2 2 2 2 2 2 2 2 2 2 2 2 2 2 2
left_child=18 3 10 4 5 6 -2 -8 -9 -5 11 -3 13 15 -14 -11 -17 -18 19 20 21 29 25 -24 -25 -22 -26 28 -28 -1
right_child=1 2 -4 9 -6 -7 7 8 -10 12 -12 -13 14 -15 -16 16 17 -19 -20 -21 22 -23 23 24 26 -27 27 -29 -30 -31
leaf_value=-0.0081303064166524646 0.0046961375538605308 -0.01745743828984064 0.017981351875663586 0.031939599416686629 -0.037931407275256401 0.039381567771649799 -0.083735348171893306 0.055183593260250456 -0.030005925761925119 -0.015432525537343009 -0.030496285541373604 0.017800007691325198 0.0088615232652207131 -0.024140572029879643 0.0525417090124011 0.04216556299429905 -0.023514228530924663 0.0069751463115772004 0.005638430755622318 -0.013083569428487395 -0.026656940038328442 0.023994245601793304 0.0198652519043611 -0.026978476808555103 0.017226061489145877 0.0027999058818689846 -0.043143089162651728 -0.00041872968644894419 0.0042703433772134473 0.0097223468017121357
leaf_weight=11.48058110661805 27.324274116195742 4.5982287600636464 2.5772843956947318 3.6430613342672578 2.8404953945428124 2.2816116786561897 2.0494196452200404 1.2233129628002646 1.1901353634893892 2.3933883230201891 2.9905373007059097 2.6078351251780987 3.1470811171457163 2.6741768857464185 1.4425224252045152 2.5191957056522361 3.8523208769038311 68.71685085259378 25.843673504889011 8.7324506118893606 6.3980718245729786 6.4992257039993993 5.3559871371835461 4.3096456080675116 5.6944510396569958 4.3323785811662674 3.5111971334554246 105.95300136413425 2.7572214901447296 12.054489310830832
leaf_count=83 327 30 43 37 25 30 18 20 20 36 23 42 47 25 40 38 29 755 160 50 36 36 39 27 43 21 26 648 23 73
internal_value=0.00135601 0.00366041 -0.00616187 0.00466177 -0.000796146 0.00230002 -0.000361612 -0.0313281 0.0131744 0.00694089 -0.0122643 -0.00469796 0.00586624 0.00490864 0.0225903 0.00591124 0.00659155 0.00535662 -0.00021194 -0.00106577 -0.000442382 0.00598653 -0.00183841 -0.0007513 -0.00165473 -0.0147639 -0.000729184 -0.00164029 -0.0222879 0.00101369
internal_weight=340.994 138.072 12.7739 125.298 36.9092 34.0688 31.7871 4.46287 2.41345 88.3886 10.1966 7.20606 84.7455 80.1559 4.5896 77.4818 75.0884 72.5692 202.922 177.079 168.346 30.0343 138.312 127.582 122.226 10.7305 117.916 112.221 6.26842 23.5351
internal_count=2850 1585 138 1447 440 415 385 58 40 1007 95 72 970 883 87 858 822 784 1265 1105 1055 192 863 806 767 57 740 697 49 156
is_linear=0
shrinkage=0.05


Tree=104
num_leaves=31
num_cat=0
split_feature=3 0 0 3 0 0 0 0 0 0 0 0 0 0 0 3 3 0 0 0 0 0 0 0 0 0 1 3 0 0
split_gain=1.00211 0.718681 0.817797 1.88205 1.09857 0.864591 1.29656 0.924409 0.68857 0.708317 0.661696 0.555866 1.03248 0.81017 0.607505 0.60515 0.514165 0.805855 0.46252 1.77863 0.737993 1.09777 0.630947 1.1137 0.800344 1.07949 0.781521 2.09698 0.720436 1.07371
threshold=11.500000000000002 0.44440254569053655 0.22666641324758532 25.000000000000004 0.23922593146562579 0.019912107847630981 0.062229327857494361 0.067683413624763503 0.28880871832370764 0.26472581923007971 0.060224367305636413 0.017922886647284034 0.016441528685390953 0.014553235843777658 0.013319531921297314 20.500000000000004 17.500000000000004 0.011530827265232803 0.069155588746070876 0.067927919328212752 0.24318701773881915 0.26472581923007971 0.063195791095495238 0.063968017697334303 0.067474525421857848 0.06465895846486093 1.0000000180025095e-35 1.5000000000000002 0.061601502820849426 0.060366710647940643
decision_type=2 2 2 2 2 2 2 2 2 2 2 2 2 2 2 2 2 2 2 2 2 2 2 2 2 2 2 2 2 2
left_child=18 2 5 4 -4 11 10 -8 9 -6 -7 12 13 14 15 16 17 -2 19 22 -20 -22 28 -24 25 -25 27 -27 29 -1
right_child=1 -3 3 -5 8 6 7 -9 -10 -11 -12 -13 -14 -15 -16 -17 -18 -19 20 -21 21 -23 23 24 -26 26 -28 -29 -30 -31
leaf_value=-0.0019950441161145586 -0.014556062844058804 -0.021691673937517822 0.037319059901779091 0.056888550898142945 0.0042400183775167825 -0.003953043740227041 0.016248048671220226 -0.0009252043269719545 0.018433338831627264 -0.028036497745544522 -0.027486703674474051 0.034343145527393835 -0.028326576944304196 0.02964794805645923 -0.010609575818492254 0.039309188663548905 -0.0068930898186883435 0.052681649917308754 0.0039355224691182559 -0.044940265529065271 -0.031466367623484141 0.007402107518465856 -0.023023425625773766 0.020714337500508068 0.02409178580681734 -0.030757379849552981 -0.0305084335007903 0.022114823486552894 0.0090188623788575277 -0.02904494365983213
leaf_weight=142.1307851113379 0.73696278780699298 2.6656703054904929 2.5646287910640231 2.2906472198665133 4.4603790957480651 6.1699787955731136 10.396317785605786 31.819852876476943 3.7176551939919591 2.7463987320661545 5.7896783202886581 2.3331215456128112 1.7277869395911682 4.7421459928154936 3.9995412491261959 1.7475642394274471 3.2207323685288429 1.127254989929497 49.450612259563059 2.5421027569100252 3.845832969993352 3.4427779540419579 10.116359635256233 2.9075348591432002 2.4921115832403293 3.6554469899274391 4.2287892680615187 3.850983053445816 14.428539899177848 3.7657556561753145
leaf_count=1091 14 16 29 33 42 59 118 344 30 21 33 34 20 56 42 33 22 37 374 26 23 21 66 19 17 37 52 20 84 29
internal_value=-0.000553804 0.0038923 0.00465352 0.0149852 0.00786941 0.00244475 -0.000813081 0.00330395 0.000955792 -0.00806009 -0.0153457 0.0114335 0.00834425 0.0124125 0.00486699 0.0139265 0.00520311 0.0261012 -0.00221541 -0.00339775 0.00174629 -0.0131068 -0.00283475 -0.00986848 -0.00210184 -0.00655985 -0.0133173 -0.00363264 -0.0016392 -0.00269323
internal_weight=339.114 92.2563 89.5906 15.7797 13.4891 73.8109 54.1758 42.2162 10.9244 7.20678 11.9597 19.6351 17.302 15.5742 10.8321 6.83251 5.08495 1.86422 246.858 190.118 56.7392 7.28861 187.576 27.2512 17.1349 14.6428 11.7352 7.50643 160.325 145.897
internal_count=2842 983 967 155 122 812 554 462 93 63 92 258 224 204 148 106 73 51 1859 1441 418 44 1415 211 145 128 109 57 1204 1120
is_linear=0
shrinkage=0.05


Tree=105
num_leaves=31
num_cat=0
split_feature=0 3 0 0 0 2 0 0 3 3 0 3 0 3 0 2 0 3 0 0 0 0 3 0 3 0 1 0 1 0
split_gain=0.508661 0.874327 0.834571 0.654176 0.789648 2.11828 0.392696 0.337468 1.78374 0.887312 1.59029 1.1147 0.808863 1.45675 0.609609 0.977372 0.508158 0.473585 0.465396 0.661626 0.419779 0.815616 0.379302 1.34208 1.42171 1.16505 3.1627 3.02177 1.31092 0.855486
threshold=0.07252297550439836 1.5000000000000002 0.072047267109155669 0.071224898099899306 0.070647068321704878 1.0000000180025095e-35 0.073012433946132674 0.069368168711662306 15.500000000000002 14.500000000000002 0.067474525421857848 20.500000000000004 0.068705819547176375 6.5000000000000009 0.060224367305636413 1.0000000180025095e-35 0.067683413624763503 11.500000000000002 0.01505062496289611 0.064088813960552229 0.012910410296171905 0.014921483583748342 5.5000000000000009 0.064849406480789198 7.5000000000000009 0.060366710647940643 1.0000000180025095e-35 0.057538069784641273 1.0000000180025095e-35 0.013045935891568662
decision_type=2 2 2 2 2 2 2 2 2 2 2 2 2 2 2 2 2 2 2 2 2 2 2 2 2 2 2 2 2 2
left_child=2 -2 3 4 7 -6 -3 9 17 10 22 14 -12 -14 20 -16 -17 -9 -13 -20 -11 -22 25 29 -25 27 -27 28 -1 -24
right_child=1 6 -4 -5 5 -7 -8 8 -10 11 12 18 13 -15 15 16 -18 -19 19 -21 21 -23 23 24 -26 26 -28 -29 -30 -31
leaf_value=-0.00074307277012774869 -0.028527136082496903 0.013032573853481735 0.01886130504105905 -0.018854615609845707 0.071920363894356021 -0.006595593620145202 -0.00299410538470724 -0.0076750451612190799 0.035114722937994385 -0.027710737956186046 0.044898052530039007 -0.012583729924240093 -0.0094466490152786461 0.040053096332699267 -0.057072435698252044 0.00043540232165975042 -0.035325925168689723 -0.029561685399782135 0.02539238191980028 -0.0013883697840670578 0.018195970986889416 -0.014620600890051946 -0.01246782770854901 -0.006832356248736406 0.058024986293389605 -0.001623172382728027 -0.048353378496578586 0.049271954935058218 0.021811170992583871 0.0049275683047732364
leaf_weight=89.214393958915025 3.2634451109915963 4.06709911674261 6.7582161631435147 4.0575686534866682 1.4278809763491147 2.1562406471930444 63.467064895667136 9.5276161320507509 2.2269233027473083 2.1229501795023742 2.9157203221693617 2.9991200119256964 3.3069494185037911 2.6998061202466488 1.9454240649938572 2.4486990142613649 1.671421021223068 3.3373702876269808 4.0201173685491067 5.409645339474082 2.9641191037371737 5.2414730153977871 7.9383985940366975 1.336813531816005 2.2964715212583542 21.980202820152048 4.3348567672073832 3.3387221507728091 6.9440262280404559 64.446360130794346
leaf_count=593 20 35 51 29 11 44 529 75 41 23 29 43 22 30 10 32 25 30 40 43 26 49 129 15 41 152 22 26 36 577
internal_value=0.000520585 -0.00325038 0.00151281 0.00106584 0.00137882 0.0246844 -0.00202893 0.00105082 -0.00620103 0.00150765 0.00263295 -0.00672053 0.0232902 0.0128016 -0.0152821 -0.0278637 -0.014072 -0.0133528 0.00457239 0.0100289 -0.00789337 -0.00276622 0.00171974 0.00450825 0.0341617 3.48718e-05 -0.009321 0.00250932 0.000885669 0.00301982
internal_weight=339.865 70.7976 269.068 262.309 258.252 3.58412 67.5342 254.668 15.0919 239.576 210.753 28.823 8.92248 6.00676 16.3941 6.06554 4.12012 12.865 12.4289 9.42976 10.3285 8.20559 201.83 76.018 3.63329 125.812 26.3151 99.4971 96.1584 72.3848
internal_count=2828 584 2244 2193 2164 55 564 2109 146 1963 1672 291 81 52 165 67 57 105 126 83 98 75 1591 762 56 829 174 655 629 706
is_linear=0
shrinkage=0.05


Tree=106
num_leaves=31
num_cat=0
split_feature=0 0 0 0 0 0 3 3 3 0 2 0 3 0 0 0 0 0 0 0 0 3 0 2 0 0 0 0 0 0
split_gain=0.680554 0.490115 0.910313 0.875537 0.758592 0.81503 1.22769 1.93448 0.69326 1.80551 0.946196 0.577908 2.04273 0.818001 1.27846 1.16211 0.883078 1.33816 1.43254 1.20047 0.781265 0.557777 0.459985 2.01926 0.536693 0.649857 1.10996 0.417723 0.414736 1.02074
threshold=0.0071774523239582786 0.22666641324758532 0.22346362471580508 0.21592056751251223 0.22858404368162158 0.22997444868087771 15.500000000000002 10.500000000000002 28.000000000000004 0.073521811515092864 1.0000000180025095e-35 0.20477086305618289 1.0000000180025095e-35 0.19420886039733889 0.073132771998643889 0.073012433946132674 0.072689861059188857 0.072238828986883177 0.071858659386634841 0.071224898099899306 0.083722770214080824 29.500000000000004 0.070647068321704878 1.0000000180025095e-35 0.069985084235668196 0.069785099476575865 0.069591987878084197 0.44440254569053655 0.067474525421857848 0.068705819547176375
decision_type=2 2 2 2 2 2 2 2 2 2 2 2 2 2 2 2 2 2 2 2 2 2 2 2 2 2 2 2 2 2
left_child=-1 2 3 8 -3 -6 7 -7 11 10 -10 12 -2 14 15 16 17 18 19 22 -16 -12 24 -24 25 26 28 -8 -14 -30
right_child=1 4 -4 -5 5 6 27 -9 9 -11 21 -13 13 -15 20 -17 -18 -19 -20 -21 -22 -23 23 -25 -26 -27 -28 -29 29 -31
leaf_value=0.02955527092361393 -0.050383614167384051 0.023809197114270379 -0.018359777283738551 0.02607037967026728 -0.023415923981907005 0.0061541181203423325 -0.00082976848355528722 0.055389543849939771 -0.016022312934384469 -0.054660395268418864 0.0044998990507975588 0.017150200252221443 -0.00048406276260100871 -0.024928530066368249 0.045312842135187825 -0.026549874281833797 0.022071047319081449 -0.026846181902711319 0.033071116666961622 -0.031381551088748176 0.0066484193039885288 0.051484069596868666 0.067656054682305358 -0.012774995024224044 -0.019446292295280845 0.017203316667582853 -0.028117374253422586 -0.023385116227548346 0.027877359177011674 -0.0011519819236173823
leaf_weight=1.9080583173781622 2.0538487732410422 4.7826695740222922 7.3876074999570838 3.0478123165667048 2.7828218713402775 8.8785204514861125 11.437468441203235 2.5732376454398027 4.8528015017509443 2.130421057343483 1.8683982230722906 4.6074097882956258 216.22224311344326 3.3391887173056594 2.4126218780875197 4.217483051121234 4.4182194396853438 4.7216427922248831 3.2364177545532575 3.0898324660956851 2.8497655969113111 0.95432544779032458 1.2788134440779679 2.0019517308101058 3.5953342095017424 5.3763171061873427 3.5516585335135451 2.5017084404826155 4.5377556551247826 9.1025669462978822
leaf_count=19 273 33 43 29 22 55 99 39 22 17 25 54 1544 27 20 25 27 28 20 16 40 44 9 45 32 51 20 13 55 74
internal_value=-0.000220835 -0.000391034 -0.00102514 -0.000588764 0.00539761 0.00227213 0.00508751 0.0172174 -0.000868539 -0.0139367 -0.00263343 -0.000411876 -0.000705042 -0.000332596 -2.9098e-05 -0.000513071 -9.25576e-05 -0.000474007 2.01336e-05 -0.000409872 0.0243747 0.0203846 -2.03311e-05 0.0185763 -0.000272042 1.66535e-05 -0.000379213 -0.00487785 4.93752e-05 0.00850527
internal_weight=335.719 333.811 300.854 293.467 32.9564 28.1738 25.3909 11.4518 290.419 9.80595 7.67553 280.613 276.006 273.952 270.613 265.35 261.133 256.715 251.993 248.756 5.26239 2.82272 245.667 3.28077 242.386 238.791 233.414 13.9392 229.863 13.6403
internal_count=2820 2801 2540 2497 261 228 206 94 2468 108 91 2360 2306 2033 2006 1946 1921 1894 1866 1846 60 69 1830 54 1776 1744 1693 112 1673 129
is_linear=0
shrinkage=0.05


Tree=107
num_leaves=31
num_cat=0
split_feature=0 0 0 0 0 0 3 3 0 0 3 0 0 3 1 3 0 0 0 0 0 0 0 3 0 0 0 3 0 0
split_gain=0.689896 1.62204 0.90978 1.03705 0.666702 1.57467 1.30464 0.592773 0.511566 1.08279 1.07308 1.00027 0.8159 0.740565 0.633097 0.510044 2.32492 0.854644 0.849072 1.67895 0.689476 1.18353 0.49229 0.464045 0.543474 1.18088 0.728087 0.472962 0.787697 1.68667
threshold=0.010077058337628843 0.0089109009131789225 0.0134530495852232 0.013884788379073145 0.011762528680264952 0.010993865318596365 17.500000000000004 2.5000000000000004 0.016558715142309669 0.016331557184457782 6.5000000000000009 0.016943091526627544 0.014553235843777658 1.5000000000000002 1.0000000180025095e-35 19.500000000000004 0.064088813960552229 0.22666641324758532 0.20603106915950778 0.073063034564256682 0.07298659905791284 0.070796813815832152 0.012910410296171905 16.500000000000004 0.061933303251862533 0.22446664422750476 0.069368168711662306 11.500000000000002 0.07284188270568849 0.070586379617452635
decision_type=2 2 2 2 2 2 2 2 2 2 2 2 2 2 2 2 2 2 2 2 2 2 2 2 2 2 2 2 2 2
left_child=1 7 4 -4 5 -2 -6 -1 9 10 12 14 -5 -14 -10 23 -17 18 19 20 21 -18 -8 27 -25 26 -26 -13 29 -29
right_child=2 -3 3 8 6 -7 22 -9 11 -11 -12 15 13 -15 -16 16 17 -19 -20 -21 -22 -23 -24 24 25 -27 -28 28 -30 -31
leaf_value=0.024152661780135459 0.019635121643848293 -0.037690119928708056 -0.026637375763232548 0.027706846878136179 0.026312433055279222 -0.01508299875053778 -0.020170112319234306 -0.0097379706873245882 0.035652150944672549 -0.036752773087022378 -0.012543375529842327 -0.00031336241058689117 -0.010717062894684501 0.01398448258652304 0.0068333366562223635 0.04650731182671123 -0.01018914087446245 0.017208226736236908 -0.02172387334044075 0.039302259971153816 -0.032385445076327922 0.03444316908727988 0.0079777552014384228 -0.030016893140932345 -0.001392456700970655 -0.016376467560010519 0.035432199070250137 0.0054362318461227965 0.018523650920205151 -0.044221844841303377
leaf_weight=2.3109531067311746 6.0027859145775455 3.799799335654825 3.5240727341733864 3.4904178483411696 10.991571614053102 7.1635928237810731 2.3098709350451818 2.921160789206624 3.3010958065278819 2.5177549687214187 14.285693265497683 176.3134502065368 6.7962525812908989 5.4816086441278458 4.5084095057100058 3.3191261030733612 6.340589229948824 6.623131785541772 4.8290769122540942 2.5373060144484034 2.0090426243841639 1.9397136168554423 4.7428359622135758 2.4087892621755627 3.3263021744787684 8.1711212247610074 2.2504178881645203 19.842534963041551 9.3366282610222679 1.8712375350296486
leaf_count=14 56 36 30 25 123 55 33 35 18 19 144 1308 42 31 29 35 73 72 37 30 17 30 41 12 39 50 34 213 111 23
internal_value=0.000805216 -0.0128262 0.00118261 0.000323799 0.00930063 0.000745609 0.015543 0.00523106 0.000649745 -0.00525595 -0.00261732 0.00139265 0.00637546 0.000311259 0.0190151 0.00084461 0.00725751 0.00189173 -0.0038539 0.00287393 -0.00610914 0.000266262 -0.00124111 5.28119e-05 -0.00810893 -0.00427039 0.0134677 0.000688729 0.0063789 0.00115683
internal_weight=335.266 9.03191 326.234 295.024 31.2107 13.1664 18.0443 5.23211 291.5 32.5717 30.054 258.928 15.7683 12.2779 7.80951 251.118 27.598 24.2789 17.6557 12.8267 10.2893 8.2803 7.05271 223.52 16.1566 13.7478 5.57672 207.364 31.0504 21.7138
internal_count=2815 85 2730 2422 308 111 197 49 2392 261 242 2131 98 73 47 2084 294 259 187 150 120 103 74 1790 135 123 73 1655 347 236
is_linear=0
shrinkage=0.05


Tree=108
num_leaves=31
num_cat=0
split_feature=3 0 0 0 0 0 0 3 3 0 0 3 3 0 3 0 0 0 3 0 3 0 0 0 0 0 0 0 0 0
split_gain=0.907496 0.806197 0.940537 0.743237 2.0245 0.865307 1.51808 1.45107 1.05038 0.765804 2.87158 1.62026 0.754095 0.744719 0.723414 0.64708 2.50245 2.55001 0.632867 0.551081 1.31917 0.688914 0.490394 0.686156 0.664907 0.928129 0.599402 1.15706 0.714567 1.21753
threshold=5.5000000000000009 0.010077058337628843 0.011344788130372764 0.019347880966961387 0.018745350651443008 0.015112442430108787 0.016558715142309669 10.500000000000002 11.500000000000002 0.061115605756640441 0.062144866213202483 6.5000000000000009 8.5000000000000018 0.018291921354830269 12.500000000000002 0.07252297550439836 0.072047267109155669 0.070796813815832152 11.500000000000002 0.013016127515584232 6.5000000000000009 0.011344788130372764 0.069201733916997923 0.011762528680264952 0.013045935891568662 0.013884788379073145 0.015112442430108787 0.016035764478147033 0.020097580738365654 0.02071645483374596
decision_type=2 2 2 2 2 2 2 2 2 2 2 2 2 2 2 2 2 2 2 2 2 2 2 2 2 2 2 2 2 2
left_child=1 -1 -3 4 5 7 12 19 13 11 -11 -5 -7 -8 -13 16 17 22 -9 20 -2 -22 23 -4 -25 -26 -27 -28 -29 -30
right_child=3 2 15 9 -6 6 8 18 -10 10 -12 14 -14 -15 -16 -17 -18 -19 -20 -21 21 -23 -24 24 25 26 27 28 29 -31
leaf_value=-0.023061652704587161 -0.027242606113463075 0.01604131488548392 -0.021415156003563883 -0.047247942994821782 0.058044518691711511 0.019965093870455055 0.0069694466731083544 0.034288755625276723 0.036223502385023712 0.047058361327297009 0.00044999721017429376 0.0047658764876830472 0.062541691194045096 -0.023051349006676505 -0.01435011357249515 -0.018149818365540062 0.037275728702687944 -0.04964298372049035 0.0054023242950597076 -0.022315554653919649 -0.0037627573483956784 0.056707751306953505 -0.017467116985040828 0.017736432902652404 -0.020167452633140653 0.013011144536712652 -0.023038189240831647 0.0045887187583468492 -0.026310638266984016 -0.0016406540562702871
leaf_weight=4.9398686969652763 2.0231751687824748 6.5161013589240602 4.3901470685377708 2.3823339007794884 1.8960538469254959 2.1606592871248749 8.0517005892470461 2.161706703715029 2.3376799896359435 3.4057704098522654 111.36781788151711 11.259082961827518 2.0050667840987444 2.7787266746163359 8.8310843892395479 7.0543696684762827 3.8183875428512684 2.9634879282675675 15.432959512807427 7.2133996803313494 0.82844527438282956 1.0916106654331086 5.3767105825245372 4.4224187443032852 6.6305001433938733 7.2339572673663488 6.0702463919296852 38.947127165738493 5.6519538587890557 43.44365115929395
leaf_count=38 15 40 24 13 23 19 75 47 29 27 1048 116 27 20 72 37 26 20 198 67 19 22 40 33 37 47 36 268 35 294
internal_value=-0.000276932 -0.00320372 -0.00251543 0.00205308 0.00740976 0.00532652 0.0141503 6.74939e-06 0.00582783 0.000180385 0.00183305 -0.00826023 0.0404583 -0.000732889 -0.00363699 -0.00340451 -0.00259784 -0.00381459 0.00895135 -0.0140994 0.000930451 0.0306166 -0.0027029 -0.00202319 -0.00126577 -0.00204405 -0.000858344 -0.00192442 -0.000468694 -0.0044807
internal_weight=332.686 147.459 142.519 185.227 47.9812 46.0851 17.3338 28.7513 13.1681 137.246 114.774 22.4725 4.16573 10.8304 20.0902 136.003 128.949 125.13 17.5947 11.1566 3.94323 1.92006 122.167 116.79 112.4 107.977 101.347 94.113 88.0427 49.0956
internal_count=2812 975 937 1837 561 538 170 368 124 1276 1075 201 46 95 188 897 860 834 245 123 56 41 814 774 750 717 680 633 597 329
is_linear=0
shrinkage=0.05


Tree=109
num_leaves=31
num_cat=0
split_feature=0 0 0 0 0 3 0 3 0 0 3 0 3 0 3 2 0 3 1 3 0 0 0 0 0 0 3 0 0 3
split_gain=0.46464 0.968578 1.48249 0.818987 0.691583 1.42124 1.49254 1.02728 0.726496 0.70102 0.658283 0.542637 0.880073 0.799453 0.724711 0.646421 0.528962 0.906213 0.807823 0.480174 0.424685 0.401434 0.740409 0.928 1.94088 1.47429 1.68753 0.916002 1.22656 0.909109
threshold=0.069985084235668196 0.067474525421857848 0.068705819547176375 0.067792672663927092 0.064088813960552229 1.5000000000000002 0.064849406480789198 9.5000000000000018 0.066251005977392211 0.063968017697334303 19.500000000000004 0.069785099476575865 6.5000000000000009 0.069628302007913603 12.500000000000002 1.0000000180025095e-35 0.070647068321704878 1.5000000000000002 1.0000000180025095e-35 18.500000000000004 0.072267085313797011 0.010993865318596365 0.011630491819232704 0.013016127515584232 0.013319531921297314 0.013688349630683662 17.500000000000004 0.012463219463825228 0.012290012091398241 9.5000000000000018
decision_type=2 2 2 2 2 2 2 2 2 2 2 2 2 2 2 2 2 2 2 2 2 2 2 2 2 2 2 2 2 2
left_child=1 4 3 -3 9 -6 -7 8 -8 21 -9 13 -13 15 -14 19 -2 20 -19 -4 -18 -1 -23 27 29 26 -26 28 -24 -25
right_child=16 2 11 -5 5 6 7 10 -10 -11 -12 12 14 -15 -16 -17 17 18 -20 -21 -22 22 23 24 25 -27 -28 -29 -30 -31
leaf_value=0.0063642366805346726 -0.022924163385041565 0.017134376905594838 0.022720817011187631 0.062079288505447208 -0.038378570583143402 -0.035087969983627995 0.013619709630914864 0.055238938790712871 -0.019869530433108223 0.025374268924647166 0.0084753787794313706 0.042664218780504144 -0.014155514610211776 -0.026903418499398882 0.02826346175678246 -0.010945642115622751 -0.001141260487893148 -0.028558229240344346 -0.0049817837586390579 -0.0025367326557623922 0.020902510674245169 -0.019822900200279193 0.028203977456310193 -0.045937186941053275 0.065291006915220745 -0.0021648001501443034 -0.00045950644987029346 0.03443037939581816 -0.018504888917198307 -0.0085849215235944323
leaf_weight=14.658347017131744 4.0414467472583047 2.5078471465967622 4.4897804958745855 1.7010898455046115 3.8839506260119405 2.9185997024178496 2.8591701462864858 1.3839125931262972 3.7348474860191345 2.4358343551866701 1.6495653577148912 1.9987610299140204 2.579118013381958 2.6947228843346229 1.6517421370372174 4.9934659833088517 4.0428086011670512 3.8317036256194106 70.163380590267479 3.2394041866064072 4.7544242888689041 5.793774490710347 2.4740904774516803 3.617746775969862 1.7552210898138576 164.46471886010841 2.1978330668061972 3.4001390701159835 3.2540918067097664 2.963343140669167
leaf_count=139 43 31 35 24 37 24 29 33 24 18 15 15 22 18 29 49 28 19 629 16 32 44 47 23 26 1240 23 45 35 28
internal_value=-0.00211132 -0.0010142 0.0081476 0.0352994 -0.00207435 -0.0119482 -0.00376609 0.00572921 -0.00534858 -0.0012907 0.0298095 0.00286833 0.0153221 -0.00216379 0.002405 0.00307619 -0.00526116 -0.00439896 -0.00620265 0.012135 0.0107722 -0.00160819 -0.00222351 -0.00166972 -0.00248043 -0.00143953 0.0287348 0.0138723 0.00166939 -0.0291182
internal_weight=336.135 249.301 25.8559 4.20894 223.445 16.43 12.5461 9.6275 6.59402 207.015 3.03348 21.647 6.22962 15.4174 4.23086 12.7227 86.8338 82.7923 73.9951 7.72918 8.79723 204.579 189.921 184.127 174.999 168.418 3.95305 9.12832 5.72818 6.58109
internal_count=2820 2069 239 55 1830 162 125 101 53 1668 48 184 66 118 51 100 751 708 648 51 60 1650 1511 1467 1340 1289 49 127 82 51
is_linear=0
shrinkage=0.05


Tree=110
num_leaves=31
num_cat=0
split_feature=0 0 3 0 0 0 3 0 0 0 0 0 0 3 3 0 3 3 3 3 0 0 0 3 0 0 3 0 3 0
split_gain=0.855446 1.09567 0.604299 0.69761 0.833765 1.38746 1.31706 0.389151 0.772833 2.36584 0.330547 1.82256 0.731708 0.666009 0.500284 0.84954 0.453006 0.396385 0.761132 0.715065 0.721552 1.32468 0.954139 0.730737 0.582653 0.635921 0.971435 0.717038 0.71011 1.0737
threshold=0.26608741283416754 0.42452575266361242 11.500000000000002 0.24318701773881915 0.07298659905791284 0.072238828986883177 10.500000000000002 0.0087095452472567576 0.010993865318596365 0.011424486991018059 0.061933303251862533 0.063921783119440093 0.060224367305636413 18.500000000000004 16.500000000000004 0.013030957430601122 25.000000000000004 17.500000000000004 19.500000000000004 21.500000000000004 0.072689861059188857 0.22346362471580508 0.073521811515092864 28.000000000000004 0.23066287487745288 0.069368168711662306 14.500000000000002 0.070647068321704878 15.500000000000002 0.063968017697334303
decision_type=2 2 2 2 2 2 2 2 2 2 2 2 2 2 2 2 2 2 2 2 2 2 2 2 2 2 2 2 2 2
left_child=2 -2 3 4 5 7 -6 -1 -9 -10 12 -12 13 14 -4 -16 -15 24 -19 -20 23 22 -22 -21 25 28 27 -27 29 -13
right_child=1 -3 10 -5 6 -7 -8 8 9 -11 11 17 -14 16 15 -17 -18 18 19 20 21 -23 -24 -25 -26 26 -28 -29 -30 -31
leaf_value=-0.018021438286149442 0.025706601003046326 -0.0038758640692284209 0.00091788392503712164 -0.022617541827348812 0.014687567047645306 -0.025694589693833841 -0.011027870801009474 0.011228677189862583 -0.051130577660979032 -0.0021391355077641288 0.033523809576745126 -0.0017884716620963357 -0.022271332713964892 -0.023054624734373613 0.002438587695907195 0.04384251655144393 0.00734364740476387 -0.01860854346392311 0.021031187832955683 0.037207374103983087 -0.0078911440051506899 0.011322705581678064 -0.047245029097508079 0.00029766238139071233 0.031869914287839515 -0.02941723447987778 0.018416015416351902 -5.0682114876865602e-05 -0.0085794292828696751 0.054137063092518492
leaf_weight=3.8900758670642963 6.7925953119993192 5.8050376176834106 13.996425685472795 4.2120329253375521 16.342528817243878 6.5666621439158908 7.160984154790639 10.391288937069474 2.4961296343244603 192.94594528898597 5.0300662629306307 1.4415314719080989 3.7782206349074832 3.9478312125429502 3.0697887064889064 2.0772575680166483 1.7773706223815677 5.5578266009688404 4.0654057366773513 1.8537804111838365 3.5315381363034231 4.1681537069380283 2.7314580082893372 4.8475681198760867 2.1294602118432513 3.3042374625802022 4.1207961570471516 5.6039519608020782 1.6013259664177892 2.1209714664146304
leaf_count=40 55 33 187 26 135 39 48 86 18 1451 42 9 20 59 34 17 18 46 55 22 37 44 21 59 28 28 49 65 29 44
internal_value=-0.000708848 0.0120749 -0.00120474 -0.00244553 -0.0020912 -0.0030631 0.00685266 -0.00235448 -0.00205839 -0.00276484 0.00254439 0.00491624 -0.00176997 0.00134474 0.00581949 0.0191485 -0.0136176 0.00185966 -0.00213885 0.0021793 -0.0022941 -0.0105186 -0.0250544 0.0105079 0.00712397 0.00422747 -0.0016576 -0.0109434 0.0190763 0.0315074
internal_weight=337.358 12.5976 324.761 244.006 239.794 216.29 23.5035 209.723 205.833 195.442 80.755 52.1081 28.6469 24.8687 19.1435 5.14705 5.7252 47.078 26.7557 21.1979 17.1325 10.4311 6.263 6.70135 20.3223 18.1928 13.029 8.90819 5.16383 3.5625
internal_count=2844 88 2756 1843 1817 1634 183 1595 1555 1469 913 578 335 315 238 51 77 536 284 238 183 102 58 81 252 224 142 93 82 53
is_linear=0
shrinkage=0.05


Tree=111
num_leaves=31
num_cat=0
split_feature=0 0 0 0 0 0 0 2 3 2 0 0 3 3 0 0 3 0 0 3 0 0 0 0 3 0 0 0 0 3
split_gain=1.01997 0.660818 0.804001 0.595336 0.559495 0.541314 0.756866 0.496688 0.458765 0.419895 0.989989 1.86395 0.800221 0.852959 1.12148 0.875914 0.824939 0.767366 1.50507 1.4996 0.772628 0.685106 1.63261 0.603683 0.718414 0.571712 0.536943 2.13391 1.04317 1.07394
threshold=0.27557592093944555 0.016661843284964565 0.017082292586565021 0.015780820511281494 0.016331557184457782 0.014469849877059461 0.014063016045838596 1.0000000180025095e-35 5.5000000000000009 1.0000000180025095e-35 0.2080323398113251 0.20080817490816119 18.500000000000004 16.500000000000004 0.23281815648078921 0.017724422737956051 20.500000000000004 0.020127423107624057 0.019022217020392421 4.5000000000000009 0.018389097414910797 0.017430113628506664 0.018871597945690158 0.20603106915950778 28.000000000000004 0.018593068234622482 0.069628302007913603 0.066575963050127043 0.062144866213202483 7.5000000000000009
decision_type=2 2 2 2 2 2 2 2 2 2 2 2 2 2 2 2 2 2 2 2 2 2 2 2 2 2 2 2 2 2
left_child=1 3 -3 5 -5 6 -1 8 -7 12 11 21 13 14 15 -4 -14 18 19 -17 -21 -11 25 24 -18 -23 27 28 29 -19
right_child=-2 2 9 4 -6 7 -8 -9 -10 10 -12 -13 16 -15 -16 17 23 26 -20 20 -22 22 -24 -25 -26 -27 -28 -29 -30 -31
leaf_value=0.0046388899425978845 -0.015122531817337654 -0.017260224885891181 0.016513816274583325 0.028568955796371021 0.0070250288779749081 -0.0060273640401204654 0.02533902555922975 -0.011870842400628204 0.015687751018884852 -0.025268219291117874 -0.010300566969518062 0.055341505490380541 0.031474266874706891 -0.022643811787865065 0.019457665804207245 0.018327070100544181 0.028131795237319457 -0.0030449465172189133 -0.024509407901968202 -0.031860156889529194 0.00023623987090129765 0.023292533656933692 0.0032571204190187963 -0.0088140170168184654 0.00072709795547031063 0.063023572660030239 -0.0064127464947353026 0.027919960265389315 -0.010972857001483241 0.017587192279868418
leaf_weight=47.003827046602964 9.0659020589664561 6.15571579709649 5.8078211336396626 5.0858088079839927 7.396290510892868 5.0362852206453681 4.8736990378238252 8.9199844053946435 4.7039938718080521 1.9102417640388001 11.337066669017075 1.8300215918570746 3.3317562863230732 4.863857388496398 6.1811614520847789 6.1817352278158086 3.9415360838174802 17.788521398324523 11.397064255084841 3.5506052821874619 3.9730611741542816 3.6149681257084003 77.098295914474875 5.7546784579753867 6.0810701102018356 1.2080007395707069 30.48099764669314 6.86833068775013 18.934954922646284 9.7718389183282834
leaf_count=444 60 40 41 46 45 28 37 97 24 17 125 37 24 26 45 47 27 104 75 21 28 66 846 44 29 13 199 51 109 59
internal_value=0.00142339 0.00187646 0.000584196 0.00573775 0.0158031 0.00395663 0.00658359 -0.00334659 0.00445979 0.00103828 0.00358441 0.00542204 -0.000666042 -0.00211417 -0.0012885 -0.00240597 0.00886736 -0.00341456 -0.0110836 8.0906e-05 -0.0149108 0.00433231 0.00502254 0.00409337 0.0115044 0.0332439 -0.0011185 0.00190555 -0.00193732 0.00427041
internal_weight=340.149 331.083 248.063 83.0199 12.4821 70.5378 51.8775 18.6603 9.74028 241.908 96.9986 85.6615 144.909 125.8 120.936 114.755 19.109 108.947 25.1025 13.7054 7.52367 83.8315 81.9213 15.7773 10.0226 4.82297 83.8446 53.3636 46.4953 27.5604
internal_count=2854 2794 2073 721 91 630 481 149 52 2033 1104 979 929 805 779 734 124 693 171 96 49 942 925 100 56 79 522 323 272 163
is_linear=0
shrinkage=0.05


Tree=112
num_leaves=31
num_cat=0
split_feature=0 0 0 3 3 0 2 0 0 3 0 0 0 3 3 3 0 0 0 0 0 0 0 0 0 2 3 0 0 3
split_gain=2.14662 1.16441 1.19036 0.833196 1.18105 1.02268 2.21178 0.763006 0.698671 0.563071 0.554914 0.493606 0.918111 0.763482 0.85527 1.47359 0.967915 0.657124 0.680094 0.638602 1.58571 1.4061 1.18405 1.07482 0.582834 0.973059 0.509116 0.771945 0.444556 0.420728
threshold=0.063061632215976729 0.061601502820849426 0.060366710647940643 14.500000000000002 11.500000000000002 0.019347880966961387 1.0000000180025095e-35 0.063759762793779387 0.42452575266361242 1.5000000000000002 0.063483141362667098 0.014962770044803621 0.014469849877059461 10.500000000000002 2.5000000000000004 4.5000000000000009 0.016943091526627544 0.057193430140614517 0.021257515996694568 0.018593068234622482 0.017230210825800899 0.019975381903350357 0.02239526063203812 0.017724422737956051 0.017724422737956051 1.0000000180025095e-35 1.5000000000000002 0.015837876126170162 0.053663928061723716 1.5000000000000002
decision_type=2 2 2 2 2 2 2 2 2 2 2 2 2 2 2 2 2 2 2 2 2 2 2 2 2 2 2 2 2 2
left_child=1 2 3 4 11 6 -6 10 -9 -3 -2 12 -1 14 16 -16 26 18 24 20 -17 -21 -23 -22 25 -18 27 -13 -7 -26
right_child=7 9 -4 -5 5 28 -8 8 -10 -11 -12 13 -14 -15 15 19 17 -19 -20 21 23 22 -24 -25 29 -27 -28 -29 -30 -31
leaf_value=0.0028655429820036941 -0.008238198305935961 0.0048362234475920057 -0.020179173641206014 -0.0062193931829394849 0.058170489302159602 -0.0085091901588541779 -0.00018905610514650541 -0.0016721381874370417 -0.020088637903587593 0.024809558199551714 -0.038005247121273435 0.026474057879252406 -0.017669649267744902 -0.011481547084021588 0.040077561746680909 0.0037863088925124641 0.0044515737177083401 0.019550396637531931 -0.018408692729921704 -0.024227510015965292 0.064043140441539817 0.034741428074302132 -0.010621726576794029 0.018411963006365273 0.0080418772725779474 -0.032973926634978862 0.028780112887414385 -0.0044744167580184936 0.020385359241466249 -0.0054664655096370914
leaf_weight=41.503350402694196 4.0404346152208737 5.3722887220792463 5.0594299719668916 16.556670663878322 3.8718651719391328 2.9784916043281555 2.795858558267355 135.23335258103907 5.3537789657711974 10.281899143010376 2.5561375711113214 3.4590527485124749 6.2645647213794282 5.5909211710095397 4.7470695227384594 9.2787447236478346 4.0132090938277534 4.1514685866422942 5.100459753535687 3.7647594939917308 2.2747811116278163 3.2968141753226519 2.5519669391214848 2.9824105212464929 20.690447825007144 3.0618298002518713 4.8987676352262488 4.8259661397896707 2.4068766050040722 7.9901607185602179
leaf_count=347 33 31 34 171 37 35 70 1204 31 64 21 23 40 66 28 68 31 31 36 36 26 34 21 28 160 18 28 33 22 41
internal_value=0.00137826 0.00489288 0.00371851 0.0044337 0.00559029 0.0206105 0.0336996 -0.00315328 -0.00237347 0.017955 -0.0197728 0.00430126 0.000172437 0.00642932 0.00757917 0.0146107 0.00408747 0.000597382 -0.00132847 0.00960465 0.0162169 -0.000393301 0.0149484 0.0381565 0.00110798 -0.0117449 0.0160021 0.00844679 0.00440462 0.00427857
internal_weight=336.954 189.77 174.116 169.057 152.5 12.0531 6.66772 147.184 140.587 15.6542 6.59657 140.447 47.7679 92.6788 87.0879 28.8965 58.1914 45.0076 40.8561 24.1495 14.5359 9.61354 5.84878 5.25719 35.7556 7.07504 13.1838 8.28502 5.38537 28.6806
internal_count=2848 1559 1464 1430 1259 164 107 1289 1235 95 54 1095 387 708 642 241 401 317 286 213 122 91 55 54 250 49 84 56 57 201
is_linear=0
shrinkage=0.05


Tree=113
num_leaves=31
num_cat=0
split_feature=2 3 0 3 0 0 0 0 0 0 0 0 0 3 3 3 3 0 3 0 0 0 0 0 3 3 0 0 0 0
split_gain=0.66697 1.00528 1.11648 0.523322 0.914868 0.488441 1.45319 0.852352 0.792178 1.95151 0.919801 0.762894 1.02528 1.06066 0.535546 0.495222 1.03245 1.59148 0.847779 0.775352 0.693552 2.13678 0.552182 0.659652 1.01663 1.10169 0.457112 1.97316 1.77249 1.44514
threshold=1.0000000180025095e-35 23.000000000000004 0.063629876822233214 28.000000000000004 0.07298659905791284 0.24623500555753711 0.23922593146562579 0.22666641324758532 0.071224898099899306 0.069985084235668196 0.069628302007913603 0.072381693869829192 0.083722770214080824 18.500000000000004 20.500000000000004 11.500000000000002 16.500000000000004 0.019347880966961387 13.500000000000002 0.062838669866323485 0.013016127515584232 0.011424486991018059 0.066854614764451994 0.062328308820724494 8.5000000000000018 5.5000000000000009 0.016441528685390953 0.016661843284964565 0.015223377849906685 0.017082292586565021
decision_type=2 2 2 2 2 2 2 2 2 2 2 2 2 2 2 2 2 2 2 2 2 2 2 2 2 2 2 2 2 2
left_child=5 -2 -3 -4 -5 6 7 8 9 10 15 -10 -13 -14 -7 20 17 -17 -19 -18 21 -1 23 26 25 -25 28 -28 -22 -29
right_child=1 2 3 4 -6 14 -8 -9 11 -11 -12 12 13 -15 -16 16 19 18 -20 -21 22 -23 -24 24 -26 -27 27 29 -30 -31
leaf_value=-0.0079744105515407344 0.0031358045572205959 -0.015005009673406944 0.054657167368187577 0.053289080744817176 -0.0036238597256350448 0.014683605551143336 -0.033184027942238133 0.015530612105590594 -0.024574953296198142 0.038407180941673363 -0.02385892605661008 0.013263778162513066 -0.023972642933192206 0.0039472243551488539 -0.0072141396712091443 0.044009515732039331 -0.011139202321492339 -0.0057797906188108532 0.022115156629840156 0.0099451771877691521 0.00063550324956814202 0.044668689094267078 0.012353716978989397 -0.020510965965232254 -0.027874059294673133 0.017697627483688829 0.033945365626354883 -0.028081497578137823 -0.032914125804810998 0.00027972325652902665
leaf_weight=4.9808261217549425 131.99453758867458 1.4468295788392413 1.9993688613176344 1.2575433300808074 1.6103184968233106 10.034001387655733 3.4689983054995528 7.9160347767174235 6.2258021184243288 3.2620087526738635 4.1638374533504239 5.7501705144532052 7.8364937454462034 6.0108152627944946 3.868673361837863 3.6110244728624812 10.829564224928619 6.5382611826062185 4.6687232255935669 7.2991844341158858 14.415371507871898 3.1445570439100266 5.6770065231248727 3.7079698238521797 6.6580187678337097 3.8407417684793472 4.0468474170193067 4.922354220878332 5.415959956124424 51.327318039257079
leaf_count=37 1459 31 45 50 20 52 26 60 36 26 29 35 48 41 21 35 59 46 28 38 85 25 38 35 31 20 21 26 31 326
internal_value=0.0013995 0.00406813 0.0235582 0.0350215 0.0213322 -0.000449482 -0.00112618 -0.000515979 -0.00124462 0.00016085 -0.000698096 -0.00932745 -0.00448356 -0.0118532 0.00859016 -1.45455e-05 0.00535222 0.0151423 0.00584098 -0.00264999 -0.00164967 0.0123987 -0.00279102 -0.00370242 -0.0136321 -0.00107065 -0.00194188 0.000223928 -0.00852694 -0.00220214
internal_weight=337.929 138.309 6.31406 4.86723 2.86786 199.621 185.718 182.249 174.333 148.51 145.248 25.8233 19.5975 13.8473 13.9027 141.084 32.9468 14.818 11.207 18.1287 108.137 8.12538 100.012 94.3346 14.2067 7.54871 80.1279 60.2965 19.8313 56.2497
internal_count=2860 1605 146 115 70 1255 1182 1156 1096 936 910 160 124 89 73 881 206 109 74 97 675 62 613 575 86 55 489 373 116 352
is_linear=0
shrinkage=0.05


Tree=114
num_leaves=31
num_cat=0
split_feature=0 3 0 0 3 0 3 0 0 0 0 0 3 3 0 0 0 0 0 2 0 0 0 0 3 0 2 0 0 0
split_gain=0.80088 2.08562 0.700165 0.838976 0.990822 0.87694 0.624589 0.567163 1.49057 0.448909 0.907115 0.74508 0.938959 0.695421 1.11225 0.546986 1.23989 1.08001 0.661765 0.983885 0.5279 1.45424 0.51169 0.936575 0.664175 1.07582 0.556824 0.836589 0.594193 1.5149
threshold=0.22666641324758532 1.0000000180025095e-35 0.22346362471580508 0.21592056751251223 28.000000000000004 0.19420886039733889 20.500000000000004 0.013319531921297314 0.020615364424884323 0.017963821999728683 0.016943091526627544 0.053663928061723716 12.500000000000002 10.500000000000002 0.021947006694972519 0.062838669866323485 0.062041370198130615 0.061601502820849426 0.060366710647940643 1.0000000180025095e-35 0.065984569489955916 0.066575963050127043 0.067683413624763503 0.069074306637048735 6.5000000000000009 0.068705819547176375 1.0000000180025095e-35 0.16935998946428302 0.069591987878084197 0.069985084235668196
decision_type=2 2 2 2 2 2 2 2 2 2 2 2 2 2 2 2 2 2 2 2 2 2 2 2 2 2 2 2 2 2
left_child=1 -1 3 4 6 -6 9 -8 -9 10 -3 12 13 14 -11 16 17 18 19 -13 -17 -22 -23 24 -24 -26 27 -25 -28 -30
right_child=-2 2 -4 -5 5 -7 7 8 -10 11 -12 15 -14 -15 -16 20 -18 -19 -20 -21 21 22 23 26 25 -27 28 -29 29 -31
leaf_value=-0.050368003859151148 0.0081436029120176626 -0.0001867299773996195 -0.01518411047875512 0.026721750162212527 -0.0082162128363942113 -0.047476733160100114 0.039162164357965004 -0.023251146335014312 0.021286046300070516 0.0046989347318438755 -0.013424195138345411 0.014587397835196612 0.028089365132965852 -0.010594625815487478 0.034437996737990542 0.0082761093103731719 -0.024601223150237043 0.01459257938020924 -0.023613999644426412 -0.015019829919264052 -0.026773310354985813 0.018864053243887558 0.00015650000331547667 0.0018970502005804864 -0.005338653819801433 -0.062200447524094149 -0.017587613664507257 -0.020445523053430018 0.036347481923270523 0.0038689244991749528
leaf_weight=2.04865952534601 32.761281153187156 79.30967396683991 7.1650154590606681 3.0504372566938391 7.1003941483795625 1.7786041945219038 1.7106616226956237 2.7017392665147764 6.1665915697813034 36.111387054435909 15.465388098731635 5.195667803287515 4.7926241718232623 6.3027275186032048 3.4438690058886996 23.189130616374314 6.9069137759506694 7.8905475325882426 4.7691448479890814 6.1008978188037872 4.8751106895506373 4.0100871492177239 2.7045202329754821 22.340044446289543 1.6975678652524948 1.6310998387634754 2.0570130124688175 5.156866490840911 4.5130644701421287 17.559545326977968
leaf_count=285 265 608 43 27 91 12 31 25 67 207 105 27 54 62 23 150 38 45 28 51 37 43 14 129 31 18 18 29 41 196
internal_value=0.000723573 -9.28633e-05 0.000255456 0.000638862 0.00036016 -0.0160807 0.000887916 0.0128025 0.00771778 0.000414108 -0.00234682 0.00194211 0.00703114 0.00483035 0.00728816 -0.000195274 -0.00593707 -0.000555943 -0.00799602 -0.00140248 0.00177956 -0.000484312 0.00159388 0.000392785 -0.0182482 -0.0332018 0.00257121 -0.00229315 0.00811439 0.0105096
internal_weight=330.506 297.745 295.696 288.531 285.481 8.879 276.602 10.579 8.86833 266.023 94.7751 171.248 50.6506 45.858 39.5553 120.597 30.8632 23.9563 16.0657 11.2966 89.7341 66.5449 61.6698 57.6597 6.03319 3.32867 51.6265 27.4969 24.1296 22.0726
internal_count=2800 2535 2250 2207 2180 103 2077 123 92 1954 713 1241 346 292 230 895 189 151 106 78 706 556 519 476 63 49 413 158 255 237
is_linear=0
shrinkage=0.05


Tree=115
num_leaves=31
num_cat=0
split_feature=0 3 0 0 0 3 0 0 0 0 0 3 0 3 3 0 0 0 3 0 0 3 0 0 0 0 3 3 0 0
split_gain=0.588671 0.354159 0.743981 0.587011 0.871534 0.468435 0.61165 1.25838 0.455502 1.5025 0.880271 1.31306 0.860286 0.847311 1.4883 0.917544 0.845076 1.03556 0.846248 1.11629 1.71951 2.87991 1.82367 0.820911 1.6103 0.712673 0.681877 1.44416 0.668994 1.00089
threshold=0.0087095452472567576 21.500000000000004 0.22346362471580508 0.063992727547884001 0.059228794649243362 19.500000000000004 0.22346362471580508 0.069785099476575865 0.22446664422750476 0.22257384657859805 0.22997444868087771 10.500000000000002 0.23922593146562579 7.5000000000000009 15.500000000000002 0.25223581492900854 0.16935998946428302 0.07298659905791284 10.500000000000002 0.060224367305636413 0.063968017697334303 11.500000000000002 0.067683413624763503 0.020127423107624057 0.021104273386299614 0.019347880966961387 10.500000000000002 11.500000000000002 0.020934947766363624 0.070796813815832152
decision_type=2 2 2 2 2 2 2 2 2 2 2 2 2 2 2 2 2 2 2 2 2 2 2 2 2 2 2 2 2 2
left_child=-1 5 3 4 -3 8 7 -7 9 16 11 -10 -12 -14 15 -15 17 18 28 23 -21 -22 -23 25 -25 -20 -18 -28 -2 -30
right_child=1 2 -4 -5 -6 6 -8 -9 10 -11 12 -13 13 14 -16 -17 26 -19 19 20 21 22 -24 24 -26 -27 27 -29 29 -31
leaf_value=-0.018268573134647803 -0.0022380767275329084 -0.0079885214304792271 0.011326925102851002 -0.014331206170526207 0.032655560640285186 -0.0036833230472172298 -0.0012633461359424743 0.057398640670883287 0.00068202697127937731 0.032767397213329878 0.027245454868380592 -0.043180647341722361 -0.026555998066860854 0.041369611654957672 -0.012176352083800711 0.0023759756524166695 0.0041663102478285332 0.019481906427113341 0.012823238277990024 -0.01382702978236228 0.056257078703312202 0.053664619496772009 -0.0072568031755292223 0.060126762713200915 0.0098667154207772723 -0.019055793647459109 -0.046505185904234081 0.0039573718117267651 0.0060581437578155067 -0.0087182683742702532
leaf_weight=3.8478838526643804 115.47259901929647 4.4879494896158638 6.0142423883080474 14.173725104890762 1.8679093178361652 1.539761429652571 2.9775550439953804 1.863868912681937 3.6017052866518524 3.963837467133998 2.6443764753639725 3.2420468255877495 3.2107880041003254 2.8353758901357642 8.0587301552295667 3.2240273971110582 3.5419002976268512 8.4709233879111689 16.955326943658299 11.94489659368992 2.9111316148191682 1.4054003227502097 9.7546589579433185 2.6552443355321875 3.9861753601580858 1.9553327970206726 3.1433762535452843 2.5827493630349636 69.881802093237638 13.708178476896135
leaf_count=38 840 52 55 146 24 21 29 26 22 25 26 23 15 28 53 34 44 76 244 71 41 39 124 30 41 26 22 29 506 91
internal_value=0.00117579 0.00140109 -0.00413875 -0.00866949 0.00395628 0.00188238 0.0152872 0.0297659 0.00159644 0.00220869 -0.00462105 -0.0200968 0.000681622 -0.00337199 0.00190058 0.0206223 0.00175733 0.00228799 0.00170686 0.00741515 0.000124613 0.011968 0.000415108 0.0148381 0.0299607 0.009527 -0.0130778 -0.0237442 0.000228099 0.00363491
internal_weight=335.923 332.076 26.5438 20.5296 6.35586 305.532 6.38119 3.40363 299.151 272.334 26.8171 6.84375 19.9733 17.3289 14.1181 6.0594 268.37 259.102 250.631 51.5682 26.0161 14.0712 11.1601 25.5521 6.64142 18.9107 9.26803 5.72613 199.063 83.59
internal_count=2841 2803 277 222 76 2526 76 47 2450 2249 201 45 156 130 115 62 2224 2129 2053 616 275 204 163 341 71 270 95 51 1437 597
is_linear=0
shrinkage=0.05


Tree=116
num_leaves=31
num_cat=0
split_feature=0 0 3 3 0 3 0 0 0 0 0 3 3 3 0 0 3 0 0 0 0 0 0 0 0 0 0 0 3 3
split_gain=0.61947 1.24343 1.37116 0.888029 1.53754 1.02092 0.82846 0.794468 0.823111 0.611713 0.58371 1.45987 1.25161 0.464532 0.428106 0.473051 0.472703 1.08682 0.745382 0.935233 0.775227 1.55282 1.13461 1.92854 0.725461 1.16795 0.783935 0.71019 1.35444 1.48724
threshold=0.13744717091321948 0.20603106915950778 13.500000000000002 15.500000000000002 0.22666641324758532 7.5000000000000009 0.07252297550439836 0.22997444868087771 0.25223581492900854 0.21070312708616259 0.069691803306341185 15.500000000000002 21.500000000000004 10.500000000000002 0.0093518267385661619 0.010077058337628843 1.5000000000000002 0.015380621422082187 0.062041370198130615 0.017230210825800899 0.017724422737956051 0.017922886647284034 0.019646776840090755 0.020066848956048492 0.061601502820849426 0.062229327857494361 0.063774496316909804 0.064849406480789198 5.5000000000000009 8.5000000000000018
decision_type=2 2 2 2 2 2 2 2 2 2 2 2 2 2 2 2 2 2 2 2 2 2 2 2 2 2 2 2 2 2
left_child=6 2 13 5 -5 -3 10 9 -9 -7 14 -12 -13 -2 -1 -16 17 -17 19 -18 -21 -22 -23 -24 -19 -26 -27 28 -20 -30
right_child=1 3 -4 4 -6 7 -8 8 -10 -11 11 12 -14 -15 15 16 18 24 27 20 21 22 23 -25 25 26 -28 -29 29 -31
leaf_value=0.013128434309898197 0.02470400273812072 -0.01000563337736898 0.059707570102479207 -0.024531939370685971 0.0042197882844494982 0.027909043761225317 -0.012006682781330833 0.044246339997893465 0.0082193465288912838 0.0018444306247962805 0.0025953357634312165 0.057518249073296779 -0.0013329687755703028 -0.0066295538687180773 -0.020725673835235096 0.007051380830105424 -0.0012563504268620087 -0.010791519061447544 -0.03352835368868947 0.028431929777510797 -0.02620528631500027 0.022176259076123729 -0.024943850263305992 0.0086165067876315046 0.027310498258073718 -0.027794098421276239 0.0014662850062877658 0.002005519619050166 0.024339906506209832 -0.010931499191765089
leaf_weight=5.8366125221364191 2.698014384135603 5.4007998928427723 2.0623009474948049 6.6750898808240917 15.325679332017897 2.875908492133024 13.930685701780019 3.7155708521604529 2.7653896557167172 10.360446434468029 21.211052669677887 2.4617193909361954 1.4272260302677748 2.106325713917613 2.8781899185851207 17.955624759662896 54.85641903989017 39.249214283656329 4.9097728878259685 4.2433323208242646 3.4520203154534093 11.594490405172108 4.907359864562749 33.522291980683804 3.5064525632187751 2.9650300005450836 10.040873337071387 24.412780555896461 3.7084528543055084 15.397596131078897
leaf_count=53 29 25 28 47 129 29 108 44 31 78 175 39 36 22 26 133 506 289 24 46 21 114 33 251 21 20 80 249 26 110
internal_value=0.000820028 0.00572757 0.0256053 0.00283077 -0.00450356 0.00925486 -0.000117907 0.0145305 0.0288738 0.00750758 0.000498839 0.00775861 0.0359201 0.0109667 -0.000249694 -0.000578327 -0.000331277 -0.00364733 0.00118701 0.00341836 0.00786119 0.0062289 0.00846709 0.00433094 -0.0070924 0.00170027 -0.00520437 -0.00399994 -0.0101047 -0.00408538
internal_weight=336.453 53.9855 6.86664 47.1189 22.0008 25.1181 282.467 19.7173 6.48096 13.2364 268.537 25.1 3.88895 4.80434 243.437 237.6 234.722 73.7172 161.005 112.576 57.7195 53.4762 50.0241 38.4297 55.7616 16.5124 13.0059 48.4286 24.0158 19.106
internal_count=2822 462 79 383 176 207 2360 182 75 107 2252 250 75 51 2002 1949 1923 543 1380 971 465 419 398 284 410 121 100 409 160 136
is_linear=0
shrinkage=0.05


Tree=117
num_leaves=31
num_cat=0
split_feature=0 2 3 0 0 0 0 3 0 0 0 0 0 0 0 0 0 0 1 3 0 3 0 0 0 0 0 0 0 0
split_gain=1.4686 0.743003 1.05984 1.41248 0.933837 0.79839 1.87123 1.09764 1.3681 0.831341 1.58754 1.50281 1.37567 0.840694 0.825142 0.879098 0.816951 0.747901 0.701965 1.88169 1.52733 0.674507 0.654798 1.14274 0.568534 0.593068 0.794704 0.708656 0.596347 0.591186
threshold=0.0093518267385661619 1.0000000180025095e-35 26.500000000000004 0.073012433946132674 0.011424486991018059 0.014843435958027841 0.013884788379073145 7.5000000000000009 0.010155373718589546 0.021620291285216812 0.020512533374130729 0.053663928061723716 0.019975381903350357 0.22037933766841891 0.013030957430601122 0.010400011669844391 0.061115605756640441 0.019912107847630981 1.0000000180025095e-35 9.5000000000000018 0.016661843284964565 3.5000000000000004 0.24623500555753711 0.23922593146562579 0.012290012091398241 0.073063034564256682 0.072235595434904112 0.16935998946428302 0.070647068321704878 0.069628302007913603
decision_type=2 2 2 2 2 2 2 2 2 2 2 2 2 2 2 2 2 2 2 2 2 2 2 2 2 2 2 2 2 2
left_child=21 4 5 -4 -2 6 7 14 -9 10 12 -11 17 16 15 -3 -13 18 -7 -20 -21 -1 23 24 -6 26 28 -27 29 -26
right_child=1 2 3 -5 22 9 -8 8 -10 11 -12 13 -14 -15 -16 -17 -18 -19 19 20 -22 -23 -24 -25 25 27 -28 -29 -30 -31
leaf_value=0.0085081365353868992 -0.028034691732817682 -0.010779127954598317 0.0025824030712770186 0.056204320844415061 0.024532647280606647 -0.0080160627860227287 0.04601587066699514 -0.036885114986092336 0.051121401081514972 0.045786791585398071 -0.041974745053370947 -0.010641749381851539 0.038666728555370157 -0.0099285582691219856 -0.022305542490717544 0.0162465481868347 0.0068182792815601511 -0.036396490891221836 0.052513002457729753 -0.023626422276546002 0.051046485950413611 0.043196414498482452 0.009659921889960843 -0.030067654929108668 -0.0021522866613056277 0.026094794757606527 -0.020594189644547664 0.0019284954915906038 0.014265014512144486 -0.017988463993121349
leaf_weight=2.7792013306170693 3.3185995677486053 4.9584906031377667 2.8547224877402178 2.1553530599921942 2.0740758869796982 19.644256867468368 3.2320122332312158 0.55010418221354429 2.2388224406167865 2.0274318014271548 2.8425593785941592 7.6917238119058302 1.8690446037799109 12.020362109877167 3.3469634363427749 7.6534293368458748 51.937843572814018 1.846637790556996 1.9086621990427364 3.2010675054043531 0.87112095020711411 2.8267862778156996 12.769830889999865 3.568433739244937 135.69939361372963 3.5344331376254585 6.1338410642929366 21.407440114766359 5.2853826805949202 6.1609273422509423
leaf_count=22 24 30 76 34 25 127 33 9 127 24 40 68 19 130 23 55 572 12 60 58 47 37 69 27 823 27 32 147 36 44
internal_value=0.000620828 0.000193331 0.0030917 0.0256508 -0.00173238 0.00220761 0.0108792 0.00482184 0.0337625 0.000407129 -0.00629702 0.0033356 -0.00284053 0.00213438 -0.000235745 0.00562116 0.00456608 -0.00566448 -0.00344982 0.0115481 -0.00765242 0.0259995 -0.00128847 -0.00204887 -0.00149431 -0.00179721 -0.0029607 0.00535302 -0.00222564 -0.00284004
internal_weight=338.409 332.803 132.851 5.01008 199.952 127.841 21.9798 18.7478 2.78893 105.861 32.1833 73.6774 29.3408 71.6499 15.9589 12.6119 59.6296 27.4717 25.6251 5.98085 4.07219 5.60599 196.634 183.864 180.295 178.221 153.28 24.9419 147.146 141.86
internal_count=2857 2798 1544 110 1254 1434 277 244 136 1157 363 794 323 770 108 85 640 304 292 165 105 59 1230 1161 1134 1109 935 174 903 867
is_linear=0
shrinkage=0.05


Tree=118
num_leaves=31
num_cat=0
split_feature=0 0 0 0 0 0 0 0 3 3 0 2 0 2 3 1 3 2 0 0 0 3 0 0 0 0 0 0 0 3
split_gain=0.553759 0.745478 0.622832 0.812945 0.669938 0.67897 1.02984 0.645379 0.598048 1.29027 1.14055 0.729556 0.584789 0.787559 0.493568 1.08062 0.438132 1.04112 0.910858 0.409792 1.81919 1.76028 1.58956 1.24274 1.08979 1.03311 0.455401 0.450426 0.442554 0.826522
threshold=0.010993865318596365 0.0087095452472567576 0.014063016045838596 0.016331557184457782 0.013030957430601122 0.012463219463825228 0.012290012091398241 0.013180983252823355 3.5000000000000004 10.500000000000002 0.01505062496289611 1.0000000180025095e-35 0.011344788130372764 1.0000000180025095e-35 16.500000000000004 1.0000000180025095e-35 2.5000000000000004 1.0000000180025095e-35 0.010155373718589546 0.061963930726051338 0.063061632215976729 5.5000000000000009 0.016558715142309669 0.016661843284964565 0.063759762793779387 0.063921783119440093 0.061847647652029998 0.063483141362667098 0.069074306637048735 26.500000000000004
decision_type=2 2 2 2 2 2 2 2 2 2 2 2 2 2 2 2 2 2 2 2 2 2 2 2 2 2 2 2 2 2
left_child=1 -1 4 8 5 6 12 -6 11 10 -10 -4 -2 -14 15 -9 18 -18 -3 22 21 -21 -5 -24 27 -26 -25 -22 29 -27
right_child=2 16 3 19 7 -7 -8 14 9 -11 -12 -13 13 -15 -16 -17 17 -19 -20 20 24 -23 23 26 25 28 -28 -29 -30 -31
leaf_value=-0.0086343996726173221 -0.023743821545579413 -0.0073358866334603577 0.005429900567423691 -0.044462689343672077 -0.03255382846276908 0.014648795612336091 -0.033965112963366101 -0.016483730438997698 -0.031354003333045 0.016853652168437188 0.0077950843685067666 0.029484960117729192 0.031741678604217789 -0.0040419111664037922 -0.031080450823616219 0.023118273107587815 -0.00015338886870492252 0.056424083477279244 0.028198424713983056 -0.00059685776687595099 -0.010521458921228279 0.039771916254537742 0.023044274475736086 -0.0029934800224060889 0.025921691329083524 -0.0030280870482735332 -0.019615202378481675 -0.03690074135243198 0.00089977678237314774 -0.02924106391090996
leaf_weight=4.2598866168409577 1.9114122758619538 3.857198595069347 7.2241957844235021 2.3122630319558075 4.0714083872735491 4.9209196381270877 2.7958994572982183 5.0966654322110099 4.0267050284892303 6.7729483172297478 3.4581393040716648 5.5917258565314114 2.2634747391566634 4.7950741751119494 1.9816187378019092 2.6019941456615925 1.4638198912143707 1.829182774759829 3.3869721069931984 5.1991794905625266 4.4316937443800262 5.6187734752893448 4.5350238755345336 91.536257066298276 3.7657951493747523 27.316665113903586 4.3150586932897559 2.5489660613238811 106.57604035409167 3.3792016683146349
leaf_count=39 11 23 46 18 24 62 33 32 29 83 32 37 25 55 22 38 8 43 24 32 35 39 23 734 26 269 22 21 922 32
internal_value=-0.000439466 0.00901633 -0.000878016 -0.000160577 -0.00768056 -0.000946648 -0.00746924 -0.0158517 0.0080872 0.00104168 -0.0132664 0.0159254 0.000789412 0.00743286 -0.00882702 -0.00309904 0.016152 0.031274 0.00927798 -0.00101437 0.00057708 0.0203704 -0.00347576 -0.00253168 -0.00086952 8.49541e-05 -0.00374176 -0.0201538 -0.000623828 -0.00591378
internal_weight=333.844 14.7971 319.047 288.609 30.4385 16.6868 11.7659 13.7517 27.0737 14.2578 7.48484 12.8159 8.96996 7.05855 9.68028 7.69866 10.5372 3.293 7.24417 261.535 158.836 10.818 102.699 100.386 148.018 141.038 95.8513 6.98066 137.272 30.6959
internal_count=2839 137 2702 2400 302 186 124 116 227 144 61 83 91 80 92 70 98 51 47 2173 1376 71 797 779 1305 1249 756 56 1223 301
is_linear=0
shrinkage=0.05


Tree=119
num_leaves=31
num_cat=0
split_feature=3 0 3 0 0 0 0 0 0 3 0 0 0 0 0 3 0 0 3 3 3 2 0 3 0 0 2 0 3 3
split_gain=0.93391 0.705182 1.14798 1.35487 1.08608 1.25513 0.87115 0.702199 0.652247 0.739042 0.741271 0.903496 0.575662 0.685394 0.458354 0.694212 1.50096 1.28973 1.06937 1.41821 0.963451 1.00466 1.57861 1.35305 0.677469 0.54908 0.454957 0.857239 1.49228 1.4817
threshold=1.5000000000000002 0.014388924930244686 2.5000000000000004 0.011530827265232803 0.020097580738365654 0.020615364424884323 0.021104273386299614 0.019492635503411296 0.0087095452472567576 5.5000000000000009 0.0093518267385661619 0.011344788130372764 0.013030957430601122 0.013180983252823355 0.019166110083460811 3.5000000000000004 0.016721292398869995 0.017724422737956051 10.500000000000002 7.5000000000000009 6.5000000000000009 1.0000000180025095e-35 0.01505062496289611 12.500000000000002 0.016808932647109035 0.017367155291140083 1.0000000180025095e-35 0.059228794649243362 6.5000000000000009 2.5000000000000004
decision_type=2 2 2 2 2 2 2 2 2 2 2 2 2 2 2 2 2 2 2 2 2 2 2 2 2 2 2 2 2 2
left_child=-1 2 3 -2 7 -6 -7 14 -4 -10 -11 -12 -13 -14 15 24 20 25 19 -19 -17 -22 -23 -24 -3 -18 -8 28 -28 -29
right_child=1 4 8 -5 5 6 26 -9 9 10 11 12 13 -15 -16 16 17 18 -20 -21 21 22 23 -25 -26 -27 27 29 -30 -31
leaf_value=-0.0046996009944179585 -0.0031172256328900233 0.031745554566809851 -0.02397028988169686 -0.039587443850006697 -0.024882045206192561 0.030684739809232808 -0.001354060397940507 0.025616632736035913 0.028089273499389361 0.033455728998994384 -0.034671603495672602 0.013261324145976234 -0.030284355643590673 0.00093543774691676011 -0.010353165360110189 -0.030946761914772775 0.024052675890547649 0.024391729970195158 0.029211716880280011 -0.028246002032262851 0.0099392169544725659 -0.047189361638643401 0.051604196835741925 -0.016765307574985368 0.0038854698006531132 0.060757498114156483 0.058324581749079098 -0.015585041988357676 -0.0063052090599319856 0.0065687688468499929
leaf_weight=89.520501671824604 5.7276149392127973 5.3763639479875547 2.4351148940622833 4.5852921903133392 4.7774448432028285 2.4547327794134608 99.81304818764329 5.5294097550213328 2.6450362913310554 1.5160685367882276 1.9946649931371236 5.9799304846674195 2.3026485946029407 7.4325333656743169 3.611678077839314 2.8743380904197755 2.2006401140242806 2.1499798074364644 3.3277256274595857 3.161009568721056 10.130598932504652 2.3936037290841332 1.0941098984330895 2.1372416280210018 3.6726157888770103 1.8973827706649897 1.899667635560035 9.1645512878894788 1.6856940966099498 42.775692109949887
leaf_count=668 27 31 28 21 37 28 578 37 16 17 35 113 16 79 30 14 19 21 36 29 52 26 40 38 20 31 17 42 36 656
internal_value=-0.000324938 0.00126221 -0.00535443 -0.0193325 0.00234203 0.000366731 0.00113118 0.008822 0.000576398 0.00330944 -9.96999e-05 -0.00297226 0.00105123 -0.00644894 0.00671276 0.00823782 0.00471811 0.0179462 0.00698766 -0.00693734 -0.00432556 0.000531034 -0.0164132 0.00638406 0.0204383 0.041047 0.000664159 0.00429212 0.0279382 0.00265986
internal_weight=336.267 246.746 34.6189 10.3129 212.128 162.571 157.793 49.5567 24.306 21.8709 19.2258 17.7098 15.7151 9.73518 44.0273 40.4156 31.3666 12.7367 8.63872 5.31099 18.6299 15.7556 5.62496 3.23135 9.04898 4.09802 155.339 55.5256 3.58536 51.9402
internal_count=2838 2170 352 48 1818 1394 1357 424 304 276 260 243 208 95 387 357 306 136 86 50 170 156 104 78 51 50 1329 751 53 698
is_linear=0
shrinkage=0.05


Tree=120
num_leaves=31
num_cat=0
split_feature=3 2 0 3 0 0 0 0 3 3 0 0 0 0 0 0 3 0 3 0 0 3 0 0 0 0 0 0 0 0
split_gain=0.683586 0.953179 1.29583 1.24364 1.45449 3.46499 1.97352 1.31933 1.05992 1.15553 0.976913 1.77832 1.47476 0.782551 1.62845 0.676262 0.904083 0.950787 0.637672 0.628806 1.84784 1.06038 1.09475 1.25927 0.900621 0.622124 0.684101 0.594622 1.33524 0.593606
threshold=12.500000000000002 1.0000000180025095e-35 0.017743511125445369 1.5000000000000002 0.065760403871536269 0.069628302007913603 0.063759762793779387 0.019166110083460811 11.500000000000002 10.500000000000002 0.016331557184457782 0.016608297824859623 0.015223377849906685 0.014724517706781627 0.013884788379073145 0.0089109009131789225 2.5000000000000004 0.011530827265232803 1.5000000000000002 0.063968017697334303 0.059228794649243362 5.5000000000000009 0.073521811515092864 0.22382622212171557 0.020615364424884323 0.068705819547176375 0.065406177192926421 0.053663928061723716 0.019975381903350357 0.063061632215976729
decision_type=2 2 2 2 2 2 2 2 2 2 2 2 2 2 2 2 2 2 2 2 2 2 2 2 2 2 2 2 2 2
left_child=1 -1 10 4 6 -6 27 -5 9 19 12 -12 13 14 15 -3 -17 -18 -14 20 24 -21 25 -24 -9 26 -23 28 -4 -11
right_child=-2 2 3 7 5 -7 -8 8 -10 29 11 -13 18 -15 -16 16 17 -19 -20 21 -22 22 23 -25 -26 -27 -28 -29 -30 -31
leaf_value=0.00055756906482844117 -0.0019707065117923585 0.016126183067452855 0.0004443009788198049 0.056649369090892 -0.049953648081774354 0.0096811843708904301 0.04742907613136655 0.0080854604294171937 0.052584708935601056 0.020216237400946333 -0.060011132967058692 -0.0018040772301981057 0.012741453301274675 -0.026213790704882334 0.040939806915593138 -0.01136094675868219 0.058020583986341204 -0.0035589030460132379 0.055424453722109891 0.035782424102866112 -0.016617024251969828 -0.01412540651920785 0.054815722197723231 0.0040681732612501765 0.042041209324424088 -0.016941146549211469 0.05204325169026297 -0.0053124631423358869 0.042708717723096416 -0.016294574195935593
leaf_weight=142.00665837572888 83.612583432346582 3.987630553543581 6.1243285429664045 1.9451660672202695 3.8187186233699304 6.7260882467962801 3.1388997896574429 4.5139260236173886 1.7397043388336886 1.4732632096856821 1.8443215456791211 4.5480453646741807 1.8062756778672331 2.7747954162769011 2.3966812733560792 15.148283693008127 1.0246944054961198 1.6144053209573028 1.697271281853318 8.2426843941211718 4.7571696788072586 0.73408233746886054 2.3384483829140663 2.5614766348153353 3.4417363293468952 3.4209882412105799 0.83487624675035477 8.2921483572572452 2.6893543899059296 4.5558120291680098
leaf_count=887 887 40 41 44 29 39 22 35 51 24 13 51 11 27 25 92 27 51 32 48 42 14 44 26 47 45 26 50 20 57
internal_value=0.00194331 0.00325132 0.006787 0.0107191 0.00314265 -0.0119151 0.0109857 0.0164706 0.0144466 0.0126473 -0.000827956 -0.0185979 0.00290249 -0.00106522 0.00182172 -0.00248384 -0.0066559 0.0203508 0.033419 0.0165605 0.00803455 0.0225381 0.0114996 0.028287 0.0227752 -0.00498502 0.0210843 0.00429843 0.0133406 -0.0073728
internal_weight=333.811 250.198 108.191 71.3489 30.7895 10.5448 20.2447 40.5593 38.6142 36.8745 36.8424 6.39237 30.45 26.9465 24.1717 21.775 17.7874 2.6391 3.50355 30.8454 12.7128 18.1326 9.88987 4.89993 7.95566 4.98995 1.56896 17.1058 8.81368 6.02908
internal_count=2847 1960 1073 704 201 68 133 503 459 408 369 64 305 262 235 210 170 78 43 327 124 203 155 70 82 85 40 111 61 81
is_linear=0
shrinkage=0.05


Tree=121
num_leaves=31
num_cat=0
split_feature=0 0 3 0 3 3 3 3 0 3 0 0 0 0 0 0 0 0 0 0 0 3 0 0 0 3 0 0 0 0
split_gain=0.389962 0.791002 0.244564 0.392009 0.272321 0.947553 0.841533 0.761444 0.69508 1.50124 1.08743 1.36742 0.630467 0.61197 0.47385 0.970851 0.164801 0.724711 0.445657 0.348232 1.06482 1.97647 1.59807 0.534552 1.44035 1.27729 0.615076 0.32692 0.293277 0.45385
threshold=0.42452575266361242 0.28880871832370764 29.500000000000004 0.069201733916997923 23.000000000000004 19.500000000000004 17.500000000000004 20.500000000000004 0.22037933766841891 28.000000000000004 0.07298659905791284 0.066398397088050856 0.072238828986883177 0.020512533374130729 0.068917568773031249 0.013319531921297314 0.0089109009131789225 0.010077058337628843 0.010993865318596365 0.011762528680264952 0.013016127515584232 1.5000000000000002 0.013319531921297314 0.014469849877059461 0.014962770044803621 7.5000000000000009 0.014063016045838596 0.014724517706781627 0.016331557184457782 0.015780820511281494
decision_type=2 2 2 2 2 2 2 2 2 2 2 2 2 2 2 2 2 2 2 2 2 2 2 2 2 2 2 2 2 2
left_child=1 2 4 -4 5 6 16 -7 10 -10 11 13 -9 -6 15 -8 -1 -18 -19 -20 21 -21 -22 25 27 26 -24 -25 29 -26
right_child=-2 -3 3 -5 8 7 14 12 9 -11 -12 -13 -14 -15 -16 -17 17 18 19 20 22 -23 23 24 28 -27 -28 -29 -30 -31
leaf_value=0.0092841395742844918 -0.013057789002460516 0.028689314232888147 -0.0020282116326351299 0.026774083409823492 0.001282058441375678 0.039325536163492394 -0.023363788139203125 0.022609164425482886 -0.01183921052563135 0.038746913266407779 -0.037435989125857418 0.035221636063964945 -0.0077710993724792636 -0.036593938870354566 -0.023825335456204397 0.015666132660550822 -0.020997623182460994 0.01326884613869257 -0.010775434871033794 -0.0029301046072890725 -0.029663841075127491 0.058731517357112142 -0.011292984737533391 -0.011199052235241064 0.00082899642268641292 0.035049992285433464 0.017314674139127056 -0.032410648932973567 8.254312544889037e-05 0.019349854074001263
leaf_weight=4.8614087346941224 5.6864320319145909 2.4098670864477745 2.5737862987443796 2.1836396921426058 2.1504094116389734 2.5110287414863688 3.206245160661636 3.351279865950346 4.1336878165602675 2.273190438747406 3.4818708896636963 1.7279138909652827 3.4821426421403885 2.115690253674984 5.6836045458912849 3.1671889116987586 4.0503875184804192 6.4755455162376157 7.3011689223349086 3.1733217965811482 4.5107819656841448 2.2009052662178874 4.9616699316538853 3.5469769248738876 9.255313632078467 3.708435476757586 3.0240618693642318 3.7232948387973011 219.21127234119922 5.1473085330799213
leaf_count=50 31 24 32 30 26 36 24 37 43 17 28 27 33 22 39 32 36 56 56 26 36 52 31 27 81 44 21 24 1770 49
internal_value=-7.56369e-05 0.000148336 -6.18761e-05 0.0111919 -0.000227922 0.000102827 -0.000390079 0.0157802 -0.00661172 0.00610898 -0.0152125 -0.00230305 0.00712814 -0.0175018 -0.0133288 -0.00396841 0.000157008 -1.29448e-06 0.000306566 -4.58673e-06 0.000295035 0.0223222 -0.000165423 0.000361388 -0.000145425 0.010801 -0.000459747 -0.0220621 0.00053664 0.00744811
internal_weight=335.29 329.603 327.194 4.75743 322.436 306.553 297.209 9.34445 15.8828 6.40688 9.47588 5.99401 6.83342 4.2661 12.057 6.37343 285.152 280.29 276.24 269.765 262.463 5.37423 257.089 252.578 240.884 11.6942 7.98573 7.27027 233.614 14.4026
internal_count=2840 2809 2785 62 2723 2560 2454 106 163 60 103 75 70 48 95 56 2359 2309 2273 2217 2161 78 2083 2047 1951 96 52 51 1900 130
is_linear=0
shrinkage=0.05


Tree=122
num_leaves=31
num_cat=0
split_feature=0 3 0 0 0 0 0 0 0 2 3 0 0 2 0 2 0 0 0 0 0 0 0 0 0 0 0 0 0 0
split_gain=0.480565 0.667533 0.602639 0.592816 0.842778 0.809385 0.629415 0.606625 0.529558 0.496537 1.2279 0.754873 1.03855 0.466842 0.442619 1.20721 0.589497 0.424801 1.03195 0.413946 0.796611 0.787928 0.739824 0.504537 0.398257 0.716517 0.389895 0.929794 1.26893 1.15208
threshold=0.015567715279757978 1.5000000000000002 0.016608297824859623 0.020066848956048492 0.057193430140614517 0.019727492704987529 0.064849406480789198 0.067474525421857848 0.070977650582790389 1.0000000180025095e-35 12.500000000000002 0.010310030542314054 0.015093456488102676 1.0000000180025095e-35 0.017230210825800899 1.0000000180025095e-35 0.018745350651443008 0.063483141362667098 0.06072052754461766 0.011424486991018059 0.010400011669844391 0.012658710591495039 0.013688349630683662 0.0089109009131789225 0.017805567942559723 0.01841287408024073 0.066575963050127043 0.067927919328212752 0.069074306637048735 0.069628302007913603
decision_type=2 2 2 2 2 2 2 2 2 2 2 2 2 2 2 2 2 2 2 2 2 2 2 2 2 2 2 2 2 2
left_child=9 2 -2 5 13 14 17 -8 -9 -1 19 -12 -13 -5 -4 24 -17 18 -6 20 23 -21 -23 -11 -16 -26 -3 -28 -29 -30
right_child=1 26 3 4 6 -7 7 8 -10 10 11 12 -14 -15 15 16 -18 -19 -20 21 -22 22 -24 -25 25 -27 27 28 29 -31
leaf_value=0.00089683973017145322 -0.02266965677270354 -0.00042031524662872752 0.014293286375197445 -0.030172118623862251 0.026261103608045535 0.028618972401309496 -0.026641573416785025 0.0055201859692356236 -0.01280434959878592 0.020490896835280471 -0.013514344531637468 0.053670859652056147 -0.010659656684861043 -0.0080820518561823488 0.026539082912422376 -0.036303344213553954 -0.0071425255256878789 0.023277261891297897 -0.0099749506916442 -0.015402238588095696 0.036410711360177421 0.030973378697197296 0.00063137920108627009 -0.0041287395197321776 -0.018285954733547768 0.016590658844960141 0.027223139739558339 -0.028102410498446508 0.023467456889582627 0.0024024432672344262
leaf_weight=35.963913656305522 4.0742534785531452 102.23597595840693 4.2955814865417841 4.9121170616708678 2.8463694886304456 2.8372841742821029 3.5792436543852117 7.717045991215854 8.0610235985368472 3.3866472728550452 0.74299426004290481 3.2674068966880441 0.7764807641506194 4.6614394448697567 2.3430554671213013 2.8940727254375807 4.3202331718057394 2.8723534457385531 6.3438719967380166 5.3755268412642208 2.7012721225619307 2.6498048934154204 8.3074638927355391 5.3977308864705265 2.4974150438793004 3.5889063822105527 4.1326126893982282 3.1703905314207068 7.0583426076918832 80.729200574569404
leaf_count=228 29 804 25 39 24 19 35 54 57 35 13 103 13 29 25 23 27 20 43 49 29 41 78 42 22 33 67 33 57 740
internal_value=0.00121699 0.000252174 -0.00402621 -0.00283508 -0.00642851 0.0036324 -0.00247117 -0.00805759 -0.00384183 0.00494812 0.0094167 0.0328077 0.0413185 -0.0194163 7.69e-05 -0.00382676 -0.0188406 0.00649359 0.00124795 0.00539168 0.0126649 0.000276953 0.00796901 0.00536289 0.00902288 0.00227965 0.00172316 0.0040277 0.00297383 0.00409612
internal_weight=333.74 265.171 67.8443 63.77 40.9935 22.7765 31.4199 19.3573 15.7781 68.5692 32.6053 4.78688 4.04389 9.57356 19.9393 15.6437 7.21431 12.0626 9.19024 27.8184 11.4857 16.3328 10.9573 8.78438 8.42938 6.08632 197.327 95.0905 90.9579 87.7875
internal_count=2836 2205 504 475 301 174 233 146 111 631 403 129 116 68 155 130 50 87 67 274 106 168 119 77 80 55 1701 897 830 797
is_linear=0
shrinkage=0.05


Tree=123
num_leaves=31
num_cat=0
split_feature=0 0 0 3 0 0 3 3 0 0 3 0 0 0 3 3 0 0 3 0 0 3 0 0 0 0 0 0 0 3
split_gain=0.467918 0.953631 0.790502 0.731328 0.622735 0.615704 0.716356 1.54784 0.350202 0.330988 1.27839 0.720762 0.418081 1.01524 0.714196 0.432405 1.27772 0.739605 1.32756 0.748069 1.24729 2.28305 0.54763 0.926951 0.494906 0.966858 0.912492 1.8426 1.38113 0.770203
threshold=0.24861386418342593 0.24178089201450351 0.26608741283416754 16.500000000000004 0.42452575266361242 0.22858404368162158 17.500000000000004 10.500000000000002 0.22666641324758532 0.22346362471580508 18.500000000000004 0.21592056751251223 0.19420886039733889 0.20477086305618289 20.500000000000004 4.5000000000000009 0.074742767959833159 0.010993865318596365 1.5000000000000002 0.012463219463825228 0.014469849877059461 1.5000000000000002 0.07252297550439836 0.072047267109155669 0.011630491819232704 0.010400011669844391 0.013016127515584232 0.013045935891568662 0.014221488498151304 17.500000000000004
decision_type=2 2 2 2 2 2 2 2 2 2 2 2 2 2 2 2 2 2 2 2 2 2 2 2 2 2 2 2 2 2
left_child=1 5 -2 -4 -5 8 7 -7 9 11 -11 12 15 -14 -15 17 24 18 -1 -19 21 -21 23 -22 25 -17 29 -28 -29 -26
right_child=2 -3 3 4 -6 6 -8 -9 -10 10 -12 -13 13 14 -16 16 -18 19 -20 20 22 -23 -24 -25 26 -27 27 28 -30 -31
leaf_value=0.030465856249764348 -0.024230747520870774 0.025567300206342236 0.016231431803075163 0.0029946657219811564 -0.026134239017455686 0.0028088823241202267 0.0091741580457350824 -0.057168549878069352 0.014265816105760399 -0.029185246403768586 0.013725262036104286 0.025479028787274774 -0.033612405238196752 0.013907156310816848 -0.020281141214839045 0.0029678733593898367 0.037406299755179992 -0.017611192582437131 -0.0050797081879696048 0.049202787601485803 -0.0024915867167106046 -0.0009555128203497051 -0.016800601911280199 0.021225235391989311 0.053772542928250212 -0.042091155912862478 -0.035821162127158773 0.028055174365836447 0.0021412067075648284 0.0094291751514532767
leaf_weight=5.0509208370931429 5.0033537186682251 3.8987745102494946 4.1944334171712381 4.1523197609931231 3.2875068336725235 2.2130965068936339 2.1178255453705788 2.0930368937551975 4.9004859253764144 3.8701328039169303 3.1471806764602661 2.9880818650126448 2.9946900643408281 4.2044530063867569 2.3992912452667952 3.4595675347372881 2.6696770181879392 7.0737461615353814 5.4731352925300598 3.4151624040678126 104.54185531334952 6.7578182965517044 6.2290300470776847 4.2888928861357263 1.5679354285821308 1.8151758741587398 3.0884708156809202 5.3792292382568112 116.44855032861233 2.6080962531268597
leaf_count=42 38 44 32 33 16 17 24 24 34 21 21 29 23 48 20 52 43 46 33 37 696 32 34 29 55 30 21 74 1138 39
internal_value=0.000560517 0.000992558 -0.00761137 -0.000464148 -0.0098768 0.00068428 -0.0146343 -0.0263437 0.00100759 0.000790634 -0.0099404 0.00104812 0.000795927 -0.00946478 0.00148577 0.00114783 0.0031543 -0.000777242 0.01198 -0.00179199 -0.000898451 0.0158831 -0.00238219 -0.00155693 0.00247376 -0.0125381 0.00308715 0.00231854 0.00328542 0.0260784
internal_weight=331.332 314.694 16.6376 11.6343 7.43983 310.796 6.42396 4.30613 304.372 299.471 7.01731 292.454 289.466 9.59843 6.60374 279.867 137.037 142.831 10.5241 132.307 125.233 10.173 115.06 108.831 134.367 5.27474 129.092 124.916 121.828 4.17603
internal_count=2825 2706 119 81 49 2662 65 41 2597 2563 42 2521 2492 91 68 2401 1452 949 75 874 828 69 759 725 1409 82 1327 1233 1212 94
is_linear=0
shrinkage=0.05


Tree=124
num_leaves=31
num_cat=0
split_feature=3 0 0 0 0 0 2 0 0 0 0 3 3 3 3 0 0 0 0 3 0 3 0 3 0 3 3 3 3 0
split_gain=0.549948 0.79381 1.06928 0.799895 0.655226 0.618459 0.599452 1.40204 0.534648 0.616763 0.654502 0.42813 0.411241 0.45954 0.637333 0.522044 1.35531 1.33851 0.96027 0.480952 1.35113 1.83539 0.909248 1.07772 0.906019 2.00052 0.420318 0.397467 0.509585 0.374727
threshold=26.500000000000004 0.064088813960552229 0.063774496316909804 0.063483141362667098 0.064849406480789198 0.22346362471580508 1.0000000180025095e-35 0.073521811515092864 0.019975381903350357 0.020260396413505081 0.020097580738365654 10.500000000000002 21.500000000000004 19.500000000000004 17.500000000000004 0.26608741283416754 0.22858404368162158 0.23281815648078921 0.24861386418342593 10.500000000000002 0.069368168711662306 15.500000000000002 0.22257384657859805 15.500000000000002 0.19420886039733889 11.500000000000002 16.500000000000004 28.000000000000004 29.500000000000004 0.13744717091321948
decision_type=2 2 2 2 2 2 2 2 2 2 2 2 2 2 2 2 2 2 2 2 2 2 2 2 2 2 2 2 2 2
left_child=1 2 3 8 -3 6 -2 27 -1 10 -10 -4 13 14 15 16 19 -18 -19 29 21 -21 23 24 25 -22 -17 -8 -29 -6
right_child=5 4 11 -5 12 -7 7 -9 9 -11 -12 -13 -14 -15 -16 26 17 18 -20 20 22 -23 -24 -25 -26 -27 -28 28 -30 -31
leaf_value=-0.0013156870715908498 -0.0061422171955052025 -0.027701923219438252 0.029238448451279264 -0.02252319345483543 -0.0060133313630800211 0.027974319325316462 0.053509067095960608 -0.033660808801325846 0.036586814767445512 0.0026399121071770527 0.0045590312657352618 0.0052178221559251231 -0.016462519026727209 0.010701967952626918 -0.018785897608367963 0.023242430569940378 -0.049600336693720354 0.0056320169085477363 -0.03378284526485336 0.054794514645395753 0.037475904059093262 -0.015036537200494547 0.017895643876437241 0.028652301908461349 -0.02790975153798278 -0.017578159450341933 -0.0025825881042518973 0.0047907167911410801 0.051353643527370832 0.0058841775713947692
leaf_weight=128.13081169500947 6.9433182030916196 2.9419307974167159 4.4283177428878835 3.8356332015246144 45.014297801535577 3.2542407773435107 1.2575216116383674 1.0936481878161428 2.8991814893670371 56.502284717746079 3.5463336566463113 3.192237164825201 6.058082738891243 5.7309439629316321 6.6710845194756976 3.3461248846724621 2.9445013552904111 4.143342163413763 2.464438296854496 2.6814482389017966 2.3404233120381832 1.449666481465101 4.777442902326583 1.8491173237562186 5.3860991634428501 5.5941104236990213 2.9776131808757782 1.8585277870297434 0.85925326216965903 7.7590073812752953
leaf_count=1121 34 18 31 21 347 33 27 12 18 413 27 22 48 68 52 31 20 44 17 52 29 27 31 37 42 60 16 24 44 71
internal_value=-0.000629711 -0.00107658 0.000802645 8.42933e-05 -0.00441145 0.00863937 0.00340134 0.0164739 0.000538107 0.00431152 0.0189651 0.0191762 -0.0037952 -0.00306525 -0.00385901 -0.00278513 -0.00380007 -0.0215622 -0.00906815 -0.00159232 0.00426351 0.0302898 -0.0011266 -0.00711732 -0.0120827 -0.00133904 0.0110824 0.0302664 0.019512 -0.0042641
internal_weight=331.931 316.664 202.535 194.914 114.13 15.2665 12.0123 5.06895 191.079 62.9478 6.44552 7.62055 111.188 105.13 99.3987 92.7276 86.4039 9.55228 6.60778 76.8516 24.0783 4.13111 19.9472 15.1698 13.3206 7.93453 6.32374 3.9753 2.71778 52.7733
internal_count=2837 2663 1653 1600 1010 174 141 107 1579 458 45 53 992 944 876 824 777 81 61 696 278 79 199 168 131 89 47 95 68 418
is_linear=0
shrinkage=0.05


Tree=125
num_leaves=31
num_cat=0
split_feature=3 3 0 0 0 0 3 0 0 0 0 0 0 3 0 0 0 0 0 0 0 2 3 0 3 0 2 0 0 0
split_gain=0.380324 0.603774 0.805432 0.999649 1.10177 1.99755 1.10393 0.98522 0.526917 0.82941 1.05505 0.804773 1.04585 0.798168 0.565594 0.538536 1.58985 0.525187 1.01021 1.06161 0.835751 0.554534 0.468012 0.815425 0.984875 0.817221 0.715085 1.39276 1.84589 1.64596
threshold=2.5000000000000004 6.5000000000000009 0.073012433946132674 0.013045935891568662 0.060366710647940643 0.067474525421857848 5.5000000000000009 0.017295801080763343 0.07298659905791284 0.062229327857494361 0.061601502820849426 0.063968017697334303 0.067192967981100096 1.5000000000000002 0.057802254334092147 0.016035764478147033 0.016721292398869995 0.017963821999728683 0.018871597945690158 0.01841287408024073 0.019239523448050026 1.0000000180025095e-35 10.500000000000002 0.014221488498151304 9.5000000000000018 0.01505062496289611 1.0000000180025095e-35 0.019912107847630981 0.020615364424884323 0.063759762793779387
decision_type=2 2 2 2 2 2 2 2 2 2 2 2 2 2 2 2 2 2 2 2 2 2 2 2 2 2 2 2 2 2
left_child=8 2 3 -2 7 6 -6 -5 9 10 14 -11 13 -13 15 -1 -17 21 19 -19 -20 -18 23 24 -3 -25 -27 -28 -29 -30
right_child=1 22 -4 4 5 -7 -8 -9 -10 11 -12 12 -14 -15 -16 16 17 18 20 -21 -22 -23 -24 25 -26 26 27 28 29 -31
leaf_value=-0.0066873602103700736 -0.012966912878676559 0.032138981707705884 -0.012211051311581112 0.0061176835810152486 -0.024613156191774607 0.02959725254096204 0.011167020030915718 0.035701769489248698 0.017016425609015094 -0.028519670912679592 0.02013715403996166 -0.0059193778295027798 -0.013316032962065599 0.027486948766992397 -0.023473362134508815 0.026783006945769003 -0.0031537682375689501 0.001327511015783815 -0.021706090093119593 0.048487379585399226 0.0013767872776442734 -0.027345348329170002 0.00062496676530175244 -0.027913628829415022 -0.015106039188462851 -0.0081594006572635915 0.05139905592938368 -0.056102226435224861 0.052603770090732117 -0.0025348792067338374
leaf_weight=37.232346971984953 4.3923934977501657 3.0342000592499963 5.2231804579496375 4.6381532959640044 5.4789704084396345 4.7211037315428248 3.5541273169219494 7.1563399340957403 3.0533844837918869 5.4007686148397616 5.2533702328801146 4.0373578681610551 19.859174181707203 3.2093954682350159 3.2258374742232254 5.4369258414953938 6.6873656362295133 2.6823020232841364 4.6907604327425387 2.1497236723080277 23.9073207359761 3.6682687127031386 111.30799938738346 4.1549954991787663 1.7331848144531248 38.56833428889513 1.4707089802250255 1.3091061003506173 1.6493440475314836 7.5446839286014438
leaf_count=243 36 40 25 25 32 35 28 48 19 40 29 39 124 15 28 34 49 25 26 20 163 24 1213 27 32 214 68 12 39 125
internal_value=-0.00139791 -5.96912e-05 0.00590652 0.0090671 0.0128552 0.00324017 -0.0105352 0.0240679 -0.0035098 -0.00400159 -0.00164124 -0.0108949 -0.00738317 0.0088754 -0.00291699 -0.00214998 0.00128212 -0.00188436 0.0011634 0.0223085 -0.00240935 -0.0117231 -0.00128821 -0.00486937 0.014963 -0.00659795 -0.00484562 0.00582822 -0.000552874 0.00735661
internal_weight=336.431 205.937 35.1643 29.9411 25.5487 13.7542 9.0331 11.7945 130.494 127.441 94.9342 32.5067 27.1059 7.24675 89.6809 86.455 49.2227 43.7857 33.4301 4.83203 28.5981 10.3556 170.773 59.4646 4.76738 54.6972 50.5422 11.9738 10.5031 9.19403
internal_count=2877 1999 229 204 168 95 60 73 878 859 641 218 178 54 612 584 341 307 234 45 189 73 1770 557 72 485 458 244 176 164
is_linear=0
shrinkage=0.05


Tree=126
num_leaves=31
num_cat=0
split_feature=0 0 0 0 0 0 0 0 3 0 3 0 3 0 0 0 0 3 2 3 0 0 3 3 3 0 3 3 0 0
split_gain=1.1438 0.722039 1.22255 0.787962 0.862353 1.60979 2.10843 0.667389 1.905 0.89384 0.593275 0.878793 1.14102 0.673949 0.7575 0.452732 0.819876 1.5914 0.526618 2.30447 0.584101 0.446295 0.386344 0.487045 0.350517 0.440334 0.850497 0.338611 0.744983 1.99538
threshold=0.42452575266361242 0.26472581923007971 0.27557592093944555 0.019646776840090755 0.018745350651443008 0.019022217020392421 0.019239523448050026 0.020066848956048492 1.5000000000000002 0.020260396413505081 9.5000000000000018 0.013030957430601122 20.500000000000004 0.018291921354830269 0.015780820511281494 0.017963821999728683 0.017430113628506664 3.5000000000000004 1.0000000180025095e-35 1.5000000000000002 0.016808932647109035 0.010155373718589546 17.500000000000004 12.500000000000002 21.500000000000004 0.014469849877059461 12.500000000000002 25.000000000000004 0.22037933766841891 0.073521811515092864
decision_type=2 2 2 2 2 2 2 2 2 2 2 2 2 2 2 2 2 2 2 2 2 2 2 2 2 2 2 2 2 2
left_child=1 3 -3 4 10 -6 -7 8 -5 -9 13 12 21 14 -1 16 18 -18 20 -20 -16 -12 23 -23 25 26 -13 -11 29 -29
right_child=-2 2 -4 7 5 6 -8 9 -10 27 11 24 -14 -15 15 -17 17 -19 19 -21 -22 22 -24 -25 -26 -27 -28 28 -30 -31
leaf_value=0.0014199368271269116 -0.023168294891343727 0.043255037028739562 0.0012938193660884747 0.0098234519387854768 0.039090099654311823 -0.035968242855424742 0.020746308917582404 0.020501040940544644 -0.034579078893471012 -0.0008697622318687725 -0.022986618216193071 -0.015870396986737062 0.061131272168611021 -0.018295462608837874 0.0013788837791681224 0.031119144968652614 -0.024101358565120922 0.026390795860349966 -0.0027332146860475932 0.060929486121867799 0.023208703718738018 0.0014922637787269557 -0.0019198793606504411 0.051828572777510643 -0.02536415099901326 -0.011928511269752182 0.026206940082968585 -0.0057446216834009514 0.0081183638858629351 -0.060525416602866103
leaf_weight=49.909251425415277 5.1214594282209864 2.6531094145029774 5.0207482287660241 4.4270975696854276 4.6823270199820382 2.4773394400253892 4.841040376573801 4.7193930814974001 5.3163288738578558 169.3855334110558 1.3127779327332998 2.317862060852355 0.97370739839971054 3.1978205563500515 8.2938142181374221 2.7044991143047801 4.2186669283546498 2.476673835888505 2.9792676833458236 2.7185769770294428 4.8597981915809205 0.94030835572630145 2.7853865353390574 0.9828691752627492 3.0211639087647191 12.219748437404631 2.4921611538156867 9.5456271823495644 4.8181692380458108 2.0128114260733119
leaf_count=345 29 28 38 26 34 22 47 35 35 1386 28 31 31 29 45 27 35 30 18 35 29 30 22 37 24 147 25 117 45 17
internal_value=0.000278653 0.00064442 0.0158012 0.000281662 0.00347803 0.0161958 0.00154791 -0.00164047 -0.014404 -0.000987599 0.00207014 -0.00434527 0.010914 0.00420282 0.0051233 0.0116657 0.0096063 -0.0054238 0.0149444 0.0276418 0.00944424 0.00279339 0.00998102 0.0272174 -0.00966868 -0.00688423 0.00593064 -0.00153353 -0.00839897 -0.0152843
internal_weight=333.425 328.304 7.67386 320.63 120.405 12.0007 7.31838 200.225 9.74343 190.482 108.404 27.046 6.99505 81.3584 78.1605 28.2513 25.5468 6.69534 18.8515 5.69784 13.1536 6.02134 4.70856 1.92318 20.0509 17.0298 4.81002 185.762 16.3766 11.5584
internal_count=2827 2798 66 2732 1071 103 69 1661 61 1600 968 375 148 593 564 219 192 65 127 53 74 117 89 67 227 203 56 1565 179 134
is_linear=0
shrinkage=0.05


Tree=127
num_leaves=31
num_cat=0
split_feature=3 0 0 0 0 0 3 3 0 0 2 3 0 0 0 0 0 0 0 0 3 0 3 3 0 0 0 0 3 0
split_gain=0.84171 1.06146 1.34996 0.841037 3.3569 0.628578 0.778444 1.4494 1.40897 0.647835 0.951691 1.48652 0.521634 0.635794 1.19183 1.05327 1.42835 1.26245 1.68521 0.918966 0.853908 0.585354 0.82593 1.82896 1.78222 1.22447 0.862256 0.647533 0.557132 0.547046
threshold=8.5000000000000018 0.057193430140614517 0.06072052754461766 0.2080323398113251 0.073063034564256682 0.06522426009178163 5.5000000000000009 2.5000000000000004 0.063759762793779387 0.069785099476575865 1.0000000180025095e-35 1.5000000000000002 0.063277509063482298 0.069628302007913603 0.06985278427600862 0.070586379617452635 0.073012433946132674 0.072238828986883177 0.070796813815832152 0.071710307151079192 15.500000000000002 0.060366710647940643 14.500000000000002 13.500000000000002 0.01282037701457739 0.013045935891568662 0.055635821074247367 0.014063016045838596 26.500000000000004 0.013016127515584232
decision_type=2 2 2 2 2 2 2 2 2 2 2 2 2 2 2 2 2 2 2 2 2 2 2 2 2 2 2 2 2 2
left_child=1 -1 -3 4 5 6 7 8 -4 -7 -11 -12 21 20 -15 -16 17 18 -17 -20 -14 22 23 25 -24 29 -27 -25 -18 -2
right_child=12 2 3 -5 -6 9 -8 -9 -10 10 11 -13 13 14 15 16 28 -19 19 -21 -22 -23 24 27 -26 26 -28 -29 -30 -31
leaf_value=-0.0003155537824584317 -0.018389729732367299 0.029167202082745022 0.0034629411083405923 -0.010146945492777617 0.048693624374626931 -0.0061586313019393601 0.027075302746945407 -0.02267128510537926 0.039888344477477772 -0.0061832325421576403 0.0353947795581699 -0.0041169246332695211 0.017368666236364457 -0.041277668706588971 0.02639392155666347 -0.047080357755623213 -0.0018281583241564776 -0.041884198856883048 0.05401501177059205 -0.0064183128732569171 -0.0024466856592761143 -0.017827458662335819 0.034102745787485698 0.012744732780425408 -0.020209243435146483 0.0031162577441559364 -0.034648130517551085 0.061362186212851492 0.013055027921357402 -0.06380718728139087
leaf_weight=112.43955479329452 2.0619478230364687 6.4516192027367643 10.422079551033681 7.8572899326682082 4.5277015101164571 19.797622002661228 5.4308991190046063 3.6418747007846823 3.5622115610167375 7.537886822130532 5.2701834868639708 4.3413575850427151 10.917950697243215 1.9130285996943701 3.2730437852442256 1.351269789040088 42.320131450891495 4.0725108170881867 1.1914284303784373 1.3326854980550704 10.829818901605902 8.9656407162547094 1.7154066218063224 1.2413085885345927 12.642584745772181 23.060901722870771 1.6175305042415846 1.5278874635696411 7.3852050900459281 0.97723035514354695
leaf_count=790 57 46 64 42 40 144 40 21 29 50 31 39 129 20 54 10 380 38 38 13 116 58 39 31 118 285 22 11 72 4
internal_value=0.000654357 0.00280335 0.00725141 0.00529819 0.00717876 0.00404619 0.0105243 0.00542465 0.0127416 3.49633e-06 0.00711717 0.0175481 -0.00231579 0.000132546 -0.00241762 -0.00119745 -0.00276384 -0.022445 -0.00201705 0.0221073 0.00750114 -0.00616443 -0.00383269 0.000823995 -0.0137204 -0.00304693 0.000641017 0.0395691 0.000383181 -0.0329935
internal_weight=329.678 191.28 78.8407 72.3891 64.5318 60.0041 23.0571 17.6262 13.9843 36.947 17.1494 9.61154 138.398 84.5871 62.8393 60.9263 57.6532 7.94789 3.87538 2.52411 21.7478 53.8104 44.8448 30.4868 14.358 27.7176 24.6784 2.7692 49.7053 3.03918
internal_count=2831 1336 546 500 458 418 154 114 93 264 120 70 1495 870 625 605 551 99 61 51 245 625 567 410 157 368 307 42 452 61
is_linear=0
shrinkage=0.05


Tree=128
num_leaves=31
num_cat=0
split_feature=0 0 0 0 0 0 0 0 0 0 0 0 1 3 0 2 3 3 3 3 0 0 1 0 0 3 0 0 0 3
split_gain=0.639188 1.14407 1.00094 0.713017 1.31951 0.992223 0.827025 0.925004 0.531379 0.742443 1.06454 0.576457 1.09956 0.647354 0.715634 0.48275 1.55354 0.9219 0.56924 0.444735 0.434018 0.598705 0.406843 0.399899 0.52913 0.445649 0.414829 0.347734 0.585856 0.415351
threshold=0.42452575266361242 0.26739247143268591 0.25223581492900854 0.01841287408024073 0.018871597945690158 0.018291921354830269 0.017963821999728683 0.017805567942559723 0.019239523448050026 0.019646776840090755 0.020066848956048492 0.020615364424884323 1.0000000180025095e-35 11.500000000000002 0.020934947766363624 1.0000000180025095e-35 12.500000000000002 17.500000000000004 12.500000000000002 1.5000000000000002 0.061933303251862533 0.067683413624763503 1.0000000180025095e-35 0.069628302007913603 0.22931337356567386 18.500000000000004 0.22346362471580508 0.068917568773031249 0.063629876822233214 26.500000000000004
decision_type=2 2 2 2 2 2 2 2 2 2 2 2 2 2 2 2 2 2 2 2 2 2 2 2 2 2 2 2 2 2
left_child=1 2 3 5 22 6 7 -1 -6 -10 19 12 -12 14 -13 18 -17 20 -15 -11 -18 -22 -5 -20 25 -25 -27 28 -19 -29
right_child=-2 -3 -4 4 8 -7 -8 -9 9 10 11 13 -14 15 -16 16 17 27 23 -21 21 -23 -24 24 -26 26 -28 29 -30 -31
leaf_value=-0.0028198985262393177 -0.01759049448049143 0.022656725368608903 -0.025964961905949276 0.045369599930877233 -0.014171477812754702 -0.032879344922678154 0.02547547330076105 -0.033338815762716391 0.020518017429273727 -0.0032121632042145438 -0.0036530824299212139 -0.021704808068938181 0.029598737180634178 -0.0263389174107953 0.0035332649932856477 0.052571298134537939 -0.036533952466693879 -0.00088471836966808699 0.0010449205070302105 -0.025392835962708634 0.022121743491459341 -0.012762913815020541 0.013839671659828795 -0.026140379295038332 0.004713955821977229 -0.015798404530469167 0.0078268343556783821 -0.011660457790779691 0.053163373397369977 0.015804025379432058
leaf_weight=97.787594490684569 5.4078088067471972 5.3573992215096942 3.8550742827355853 2.0264292680658391 5.775374340824782 2.8333485992625347 2.5077411392703644 2.5475008692592374 4.859202748630195 3.9651884376071376 4.8876766869798285 2.8764951317571095 5.0599663965404034 3.4200430214405051 119.3263647784479 1.4518566317856336 1.4386358894407774 0.89311633072793428 15.256445705890654 5.2548688054084778 1.4776843497529606 7.3360304143279791 2.0663834363222122 5.3491546958684948 4.5993413105607024 5.3452751487493497 2.8480422794818878 2.2063278825953603 1.1431090794503687 3.6606119754724205
leaf_count=862 31 46 33 20 45 19 33 20 47 25 35 24 39 26 899 43 11 13 85 33 35 111 22 31 45 37 20 42 38 76
internal_value=-0.000540815 -0.000259208 -0.000640416 -0.000333602 0.00133539 -0.00369009 -0.00288592 -0.00359477 0.00078331 0.0012095 0.000735152 0.00154624 0.0132608 0.000893864 0.00293919 -0.00353577 0.00280169 -0.00117828 -0.00691075 -0.0158538 -0.0110706 -0.00691424 0.0294507 -0.00492127 -0.00993856 -0.0149149 -0.00758614 0.0116544 0.0294571 0.0054757
internal_weight=332.82 327.412 322.055 318.2 212.524 105.676 102.843 100.335 208.431 202.655 197.796 188.576 9.94764 178.629 122.203 56.4257 19.6074 18.1555 36.8183 9.22006 10.2524 8.81371 4.09281 33.3983 18.1418 13.5425 8.19332 7.90317 2.03623 5.86694
internal_count=2846 2815 2769 2736 1802 934 915 882 1760 1715 1668 1610 74 1536 923 613 369 326 244 58 157 146 42 218 133 88 57 169 51 118
is_linear=0
shrinkage=0.05


Tree=129
num_leaves=31
num_cat=0
split_feature=0 0 0 0 0 0 0 0 0 0 3 2 0 0 0 0 3 3 3 3 3 2 0 0 0 3 3 0 3 3
split_gain=0.740638 0.29003 1.51808 0.422302 0.513409 0.391131 0.601051 0.730916 0.572341 0.610955 0.663614 0.603733 0.381109 1.1874 0.473684 0.896548 0.732709 0.834682 0.670356 2.16576 1.2039 0.595019 0.374909 1.0912 2.02095 0.361163 0.762521 0.552869 0.293686 0.462768
threshold=0.0075713105034083137 0.26608741283416754 0.25223581492900854 0.24623500555753711 0.23922593146562579 0.22997444868087771 0.22858404368162158 0.22666641324758532 0.2080323398113251 0.07298659905791284 8.5000000000000018 1.0000000180025095e-35 0.069628302007913603 0.069785099476575865 0.069985084235668196 0.070647068321704878 6.5000000000000009 12.500000000000002 9.5000000000000018 2.5000000000000004 15.500000000000002 1.0000000180025095e-35 0.20477086305618289 0.19420886039733889 0.074742767959833159 14.500000000000002 25.000000000000004 0.22257384657859805 29.500000000000004 14.500000000000002
decision_type=2 2 2 2 2 2 2 2 2 2 2 2 2 2 2 2 2 2 2 2 2 2 2 2 2 2 2 2 2 2
left_child=-1 2 3 4 5 6 7 8 9 12 11 -11 28 -14 16 -16 -15 -18 19 -17 -20 -22 23 24 -12 27 -27 -10 29 -2
right_child=1 -3 -4 -5 -6 -7 -8 -9 25 10 22 -13 13 14 15 18 17 -19 20 -21 21 -23 -24 -25 -26 26 -28 -29 -30 -31
leaf_value=0.024222219283508491 0.00052275088619954809 0.0071652032373953362 -0.036079477187747136 0.018070500907983299 -0.016594398379721213 0.019759491103952219 -0.024115565747343561 0.019943560875203985 -0.014904252883786814 0.0031065328865275189 -0.010076568453686175 0.03366974543919915 -0.04024366366728889 0.037091314891919268 -0.028869163458076514 -0.0090938491995946006 -0.02084534652981937 0.026132323311320191 -0.040207998033135121 0.035795728233395059 0.031681630154352311 -0.015241314586324767 0.016250926386952604 -0.02731482234347762 0.055712263243404538 -0.036373921082035986 -0.0018180706235433001 0.01405050062873945 0.01348413455212407 -0.0065842131062475249
leaf_weight=3.0710827838629475 205.78602550597861 12.058165291324256 3.0092486180365077 3.0654451549053183 4.9248582422733298 2.4058596193790427 2.6662956960499278 4.406278856098651 3.9168314803391677 2.7219650764018324 3.9245040044188482 3.9760254174470901 2.337548379320654 1.7117609139531875 3.7073262548074153 8.9797573373653012 2.3677414804697041 1.5741634564474223 2.7094096429646006 3.8342493902891865 1.2803364545106888 1.4304431267082691 3.1903827004134646 3.1487143822014332 1.6615402335301039 3.2302643321454525 3.1562941372394562 2.8469160869717598 3.9482668722048393 25.77404152834788
leaf_count=30 1668 84 25 21 56 29 20 31 34 17 37 37 13 13 38 57 21 32 31 30 9 39 38 24 34 22 21 19 39 274
internal_value=-0.000218514 -0.000446139 -0.000735031 -0.000397039 -0.000578708 -0.000321529 -0.000480301 -0.000271367 -0.000571059 -9.89718e-05 0.00865538 0.0212493 -0.00071317 -0.00602741 -0.003129 -0.00645429 0.00977624 -0.00208525 -0.00189695 0.00433816 -0.0166375 0.006921 0.00158176 -0.00377617 0.00949198 -0.0107688 -0.0192961 -0.00271696 -3.77396e-05 -0.000268297
internal_weight=332.822 329.751 317.692 314.683 311.618 306.693 304.287 301.621 297.215 284.064 18.6231 6.69799 265.441 29.9327 27.5952 21.9415 5.65367 3.9419 18.2342 12.814 5.42019 2.71078 11.9251 8.73476 5.58604 13.1503 6.38656 6.76375 235.508 231.56
internal_count=2843 2813 2729 2704 2683 2627 2598 2578 2547 2451 187 54 2264 283 270 204 66 53 166 87 79 48 133 95 71 96 43 53 1981 1942
is_linear=0
shrinkage=0.05


Tree=130
num_leaves=31
num_cat=0
split_feature=0 3 0 0 0 3 3 3 2 0 0 3 0 0 0 0 2 0 0 2 0 0 0 0 0 0 0 3 0 3
split_gain=0.827569 0.619817 0.44531 1.38043 1.32208 1.03063 0.447294 0.411402 0.520625 0.605249 0.509996 0.471993 0.433805 0.505716 0.423011 0.487844 0.845634 0.662731 1.64069 0.808741 1.49106 0.972049 0.401435 0.86383 1.49771 1.18706 0.605044 1.17201 0.798331 1.08877
threshold=0.42452575266361242 12.500000000000002 0.22931337356567386 0.24861386418342593 0.22446664422750476 18.500000000000004 18.500000000000004 1.5000000000000002 1.0000000180025095e-35 0.014063016045838596 0.015380621422082187 6.5000000000000009 0.22666641324758532 0.22037933766841891 0.011424486991018059 0.014469849877059461 1.0000000180025095e-35 0.019727492704987529 0.020166392438113693 1.0000000180025095e-35 0.017230210825800899 0.016441528685390953 0.019347880966961387 0.069691803306341185 0.072238828986883177 0.070647068321704878 0.067927919328212752 19.500000000000004 0.066159199923276915 21.500000000000004
decision_type=2 2 2 2 2 2 2 2 2 2 2 2 2 2 2 2 2 2 2 2 2 2 2 2 2 2 2 2 2 2
left_child=1 7 4 5 22 -4 -5 14 9 11 -11 -9 13 -10 -1 16 -16 19 -19 21 -21 -17 -3 26 25 -25 28 -28 -24 -30
right_child=-2 2 3 6 -6 -7 -8 8 12 10 -12 -13 -14 -15 15 17 -18 18 -20 20 -22 -23 23 24 -26 -27 27 -29 29 -31
leaf_value=-0.0112254620567745 -0.022417330528786722 0.009369516727545265 0.056823072819796698 0.0091624277954596451 -0.033699472226392677 0.0088448418811773732 -0.015061073782171608 -0.028415249210961432 0.00013432795917217002 0.010132540951915441 -0.005513699753904984 -0.005546620185036405 0.021056783052525344 -0.02423047152494999 0.029648041964401108 -0.018577917218131894 -0.00044901629606339526 0.035206296999692924 0.0011739743571046039 0.0041141444583665428 -0.032315283686769378 0.0081283917872249766 -0.0051719030207626436 0.011537618547302196 -9.3065217905475311e-05 0.059692897310518814 -0.04247467290912077 0.0011224308771656405 0.002407432082088083 0.06908235376532855
leaf_weight=6.8270635134540489 4.4858453199267379 17.312261641025543 2.3457061834633333 4.6208720467984676 2.5704997926950446 2.1409174464643002 3.2433139942586422 4.9876507222652418 57.280672704335302 5.55479572713375 83.468734510242939 4.1201419718563557 2.3666542749851933 2.2119519561529151 4.0605057757347804 4.6062201382592347 5.4884566920809448 3.8986632628366342 38.654723150189966 5.1067417277954537 6.2423546817153692 13.089587832335381 17.778836309909828 3.143108555115762 13.890693962574003 2.1586622120812535 2.8694082722067824 3.3311659842729568 1.9468734515830868 0.89318140223622311
leaf_count=55 24 222 29 37 18 34 30 23 728 27 441 29 28 17 38 31 39 29 296 32 44 108 144 52 131 43 26 23 53 12
internal_value=-0.00108765 -0.000794342 0.00308554 0.0117982 0.00145251 0.0339289 -0.000827725 -0.00201864 -0.00352886 -0.00579342 -0.00453742 -0.01807 6.35617e-05 -0.000771562 0.000727844 0.0017335 0.0123492 0.000317701 0.00429195 -0.00550493 -0.0159232 0.00117674 0.00287942 0.000437484 0.00853606 0.0311445 -0.00535799 -0.0190528 -0.00123966 0.0233763
internal_weight=330.696 326.21 78.2455 12.3508 65.8947 4.48662 7.86419 247.965 159.991 98.1313 89.0235 9.10779 61.8593 59.4926 87.9743 81.1473 9.54896 71.5983 42.5534 29.0449 11.3491 17.6958 63.3242 46.0119 19.1925 5.30177 26.8195 6.20057 20.6189 2.84005
internal_count=2843 2819 854 130 724 63 67 1965 1293 520 468 52 773 745 672 617 77 540 325 215 76 139 706 484 226 95 258 49 209 65
is_linear=0
shrinkage=0.05


Tree=131
num_leaves=31
num_cat=0
split_feature=0 0 0 3 3 0 0 0 0 3 3 0 0 3 0 3 0 0 0 0 0 0 0 3 3 2 0 0 0 0
split_gain=0.715726 0.992994 1.07424 1.07823 0.734252 0.639506 0.719361 0.411833 0.392428 0.641211 0.919412 0.511895 1.22105 0.974377 0.73313 0.640219 0.803536 0.389165 3.29228 1.32873 0.558168 1.3887 1.53403 1.07286 1.36995 0.974644 0.489818 0.48149 1.18373 0.659977
threshold=0.22931337356567386 0.25223581492900854 0.26608741283416754 16.500000000000004 7.5000000000000009 0.24178089201450351 0.24623500555753711 0.23066287487745288 0.22346362471580508 12.500000000000002 18.500000000000004 0.073132771998643889 0.083722770214080824 8.5000000000000018 0.21592056751251223 13.500000000000002 0.20477086305618289 0.018473540432751182 0.017963821999728683 0.018291921354830269 0.020127423107624057 0.019912107847630981 0.019773335196077827 9.5000000000000018 1.5000000000000002 1.0000000180025095e-35 0.017724422737956051 0.060366710647940643 0.061601502820849426 0.062041370198130615
decision_type=2 2 2 2 2 2 2 2 2 2 2 2 2 2 2 2 2 2 2 2 2 2 2 2 2 2 2 2 2 2
left_child=8 4 -3 -4 -2 7 -7 -6 11 -10 -11 17 -13 -14 15 16 -15 18 26 -20 21 22 23 24 25 -19 -1 -22 -29 -30
right_child=1 2 3 -5 5 6 -8 -9 9 10 -12 12 13 14 -16 -17 -18 20 19 -21 27 -23 -24 -25 -26 -27 -28 28 29 -31
leaf_value=-0.00090891117492470405 -0.0093256464377336114 -0.026753295906110992 0.028558485839060305 -0.004242366427856391 0.030090193569059155 0.056786853734746873 0.016729093060829956 -0.0015220425018589603 0.0010221777832870114 -0.038526518845102019 -0.001550549600560057 0.04060617954077856 -0.029269514960645379 -0.023350440275556026 0.027717431460631471 0.018239464030234024 0.0090479586349588217 0.011733265787208182 0.064626908875396905 0.01724296417788217 0.0031220638764192141 -0.030185454523171097 0.032855596982646777 0.015461341493841011 -0.036969440393796592 -0.021467078965507241 -0.016655121111522207 -0.027248810838470462 0.011160674577840361 -0.0037426127801314137
leaf_weight=94.930035451427102 1.9395435452461267 3.2627942450344554 3.5839884253218761 8.3252360448241216 1.6981513425707797 2.3710952382534742 2.1253790929913521 2.6195490900427103 6.5172123089432699 3.5411132946610451 3.2007395923137665 2.3159142015501883 2.1843214277178076 3.9271875694394094 3.1894659698009482 3.5040621170774102 3.7329671736806631 4.7610415313392966 2.4307098826393476 3.7807095991447568 33.104343588463962 6.4800256048329166 2.5286049260757855 3.5912705082446328 4.7388728465884915 4.1264767250977457 5.2098599863238624 5.1115184836089602 8.0364305903203768 98.210532303899527
leaf_count=854 8 25 33 51 18 37 14 36 40 20 22 27 22 36 30 43 41 37 34 28 267 39 17 52 29 28 41 36 47 855
internal_value=-0.00107661 0.00690318 -0.00133508 0.00562879 0.0185262 0.024655 0.0378525 0.010911 -0.00174579 -0.0101612 -0.0209719 -0.0013687 0.00660322 0.00184159 0.00657603 0.000536212 -0.00756197 -0.00191123 0.000462863 0.0357857 -0.00339045 -0.010101 -0.00351001 -0.00885071 -0.0152582 -0.00368166 -0.00172812 -0.00217219 -0.00374605 -0.00261534
internal_weight=335.079 25.9257 15.172 11.9092 10.7537 8.81417 4.49647 4.3177 309.153 13.2591 6.74185 295.894 18.8539 16.538 14.3537 11.1642 7.66015 277.04 106.351 6.21142 170.689 26.2263 19.7463 17.2177 13.6264 8.88752 100.14 144.463 111.358 106.247
internal_count=2867 222 109 84 113 105 51 54 2645 82 42 2563 199 172 150 120 77 2364 957 62 1407 202 163 146 94 65 895 1205 938 902
is_linear=0
shrinkage=0.05


Tree=132
num_leaves=31
num_cat=0
split_feature=0 0 0 0 0 0 0 0 3 0 3 0 3 3 3 0 3 0 0 0 2 0 0 0 3 3 0 0 0 0
split_gain=0.60524 0.750505 0.423867 0.537197 1.27034 0.961555 0.41248 0.421348 0.792352 0.93631 1.27739 2.31522 0.816196 0.669124 0.390442 0.783452 1.1547 0.801147 0.685874 0.549629 0.771974 1.17062 0.40365 0.375116 0.367504 0.32915 0.439961 0.670287 0.321425 0.249219
threshold=0.0089109009131789225 0.0075713105034083137 0.23922593146562579 0.069074306637048735 0.069201733916997923 0.068705819547176375 0.22997444868087771 0.070977650582790389 8.5000000000000018 0.06985278427600862 16.500000000000004 0.070586379617452635 19.500000000000004 5.5000000000000009 7.5000000000000009 0.073012433946132674 11.500000000000002 0.2284648343920708 0.20477086305618289 0.22666641324758532 1.0000000180025095e-35 0.22382622212171557 0.074742767959833159 0.22037933766841891 5.5000000000000009 23.000000000000004 0.28557106852531439 0.44440254569053655 0.069985084235668196 0.010077058337628843
decision_type=2 2 2 2 2 2 2 2 2 2 2 2 2 2 2 2 2 2 2 2 2 2 2 2 2 2 2 2 2 2
left_child=1 -1 3 5 -5 29 7 8 13 12 28 -12 -10 -6 24 -16 17 18 -17 20 -18 22 -22 -20 -9 26 -4 -28 -11 -2
right_child=2 -3 25 4 6 -7 -8 14 9 10 11 -13 -14 -15 15 16 19 -19 23 -21 21 -23 -24 -25 -26 -27 27 -29 -30 -31
leaf_value=0.0016662016694511982 -0.012538921599440353 0.041787392651784411 -0.010223951225214096 0.039054572740075198 0.0072100558873020833 -0.024535955025215956 0.023128811074198407 0.0018165177217181359 -0.01211988506618384 0.028792132127190145 0.053328759796264238 -0.070686317361042125 0.026930111883231873 -0.019753373376177483 -0.018926369181360897 -0.018410595923357333 -0.0033783150460866178 -0.033512283529525441 0.021687480636119985 0.03323180962643154 0.017977964212484109 -0.0074530468144765952 0.053821694536492076 -0.0031926142714175745 0.018205087228667288 -0.021881273785705951 0.017097214720807 -0.013975289596317801 0.057304295928237541 7.0708643675497968e-05
leaf_weight=2.8625772739760569 3.9901008461602023 1.9661871031858025 11.483753173612063 2.5249396725557736 6.9640521002002078 4.119183881673961 2.4705031365156165 13.046749335713686 3.4531960599124414 1.625596188008785 0.76555174402892567 0.74024229682981968 2.1846718117594719 3.4361954182386398 6.3334201965481034 4.7220852896571177 8.6856863200664538 2.9056316502392283 2.529980817809701 2.1140507385134688 1.3048959281295531 2.2224613428115845 1.9731282275170086 3.776102289557457 4.6363498494029036 3.0180626828223458 4.6151139335706821 2.7817013375461102 2.5219609457999468 218.27678748825565
leaf_count=31 36 20 93 21 44 35 29 78 41 16 29 18 12 25 62 40 57 17 32 22 20 10 51 28 33 34 37 16 36 1834
internal_value=0.000429516 0.0180028 0.000171765 0.000650672 0.00414681 -0.000599267 0.00302276 0.00236868 0.00825856 0.01743 0.0318085 -0.00763655 0.00301197 -0.00169854 1.36734e-05 -0.00293603 0.000413628 -0.010155 -0.00400095 0.00944791 0.00590359 0.0205604 0.0395532 0.0067892 0.00611345 -0.00654917 -0.00409833 0.00541186 0.0461292 -0.000155657
internal_weight=334.051 4.82876 329.222 307.324 80.9375 226.386 78.4125 75.942 21.6915 11.2912 5.65335 1.50579 5.63787 10.4002 54.2505 36.5674 30.234 13.9338 11.0282 16.3002 14.1862 5.50049 3.27802 6.30608 17.6831 21.8986 18.8806 7.39682 4.14756 222.267
internal_count=2857 51 2806 2626 721 1905 700 671 221 152 99 47 53 69 450 339 277 117 100 160 138 81 71 60 111 180 146 53 52 1870
is_linear=0
shrinkage=0.05


Tree=133
num_leaves=31
num_cat=0
split_feature=0 0 0 0 0 0 0 0 0 3 0 0 0 0 0 0 0 0 0 0 3 0 0 3 0 0 0 0 3 0
split_gain=0.721137 0.759157 2.10018 0.639523 0.70077 0.983137 0.583256 1.54956 0.568775 0.631021 1.08004 0.818329 1.03641 0.743612 0.654092 0.634305 0.76884 0.744775 0.702905 1.21921 0.704814 0.764769 0.744374 0.546971 2.37278 0.511588 0.468534 0.427091 1.16852 0.833335
threshold=0.22382622212171557 0.019912107847630981 0.019975381903350357 0.010077058337628843 0.0093518267385661619 0.0087095452472567576 0.020097580738365654 0.020396301522850994 0.060366710647940643 6.5000000000000009 0.061601502820849426 0.073012433946132674 0.072381693869829192 0.061933303251862533 0.062041370198130615 0.062328308820724494 0.063483141362667098 0.063968017697334303 0.069985084235668196 0.071710307151079192 1.5000000000000002 0.067474525421857848 0.065984569489955916 14.500000000000002 0.060224367305636413 0.019773335196077827 0.062838669866323485 0.064088813960552229 9.5000000000000018 0.066398397088050856
decision_type=2 2 2 2 2 2 2 2 2 2 2 2 2 2 2 2 2 2 2 2 2 2 2 2 2 2 2 2 2 2
left_child=1 3 -3 4 5 -1 -4 -8 23 10 -10 12 13 -12 -11 -15 -17 -18 20 -20 -19 22 -22 24 -9 -5 -16 28 -28 -29
right_child=-2 2 6 25 -6 -7 7 8 9 14 11 -13 -14 15 26 16 17 18 19 -21 21 -23 -24 -25 -26 -27 27 29 -30 -31
leaf_value=-0.015791728473111662 0.006731301632935234 -0.05417495722661067 0.019706549161562933 0.0026791018924500034 -0.03110489362258187 0.026084054036414339 -0.031475275345864862 0.0020667603910592774 -0.035327952446896314 0.021516249054477701 0.014774047779795647 -0.025059228698358561 0.018417987426427584 -0.026897472738729569 -0.021677804062795798 0.012734139737960429 -0.033195770830244491 -0.010762902718423683 -0.039651368009279882 -0.00080589416454159089 0.014904009896428103 0.024366900454108439 -0.020586556161218336 -0.013404894040612065 0.053618057609086223 0.023569960674063004 0.035894683267724901 -0.024235189887075109 -8.7582122543150407e-05 -0.0006304501487963567
leaf_weight=4.0008288621902448 36.862920129671693 1.9727553846314538 2.9625708078965536 115.05835767788813 2.8508417042903602 2.1574259474873543 4.541804631240665 23.343131969217218 3.2276083547621957 3.3096631057560435 3.9188559278845778 4.8811790244653812 4.8216656679287544 4.0151618141680947 2.694230329245328 4.7767050187103441 2.8449883963912752 9.9617358478717559 3.755621172487734 4.3706646417267621 2.837452255189417 4.1762673109769821 3.0823772922158241 3.7646605111658564 2.4681361494585863 3.0071298661641768 2.861003339290618 4.0483010066673151 10.675207601860164 48.946445614565164
leaf_count=40 290 13 18 1014 28 20 36 198 20 26 19 30 25 29 16 30 20 79 29 28 23 27 17 26 15 21 16 56 77 549
internal_value=0.000137393 -0.000685647 -0.00288868 0.00223137 -0.0106094 -0.00112135 -0.00228024 -0.00267906 -0.00185537 -0.00328713 -0.00724032 -0.005544 -0.00358242 -0.00600764 -0.00019857 -0.0080528 -0.00593962 -0.00881431 -0.00635317 -0.0187586 -0.00132719 0.00798294 -0.00357546 0.0043994 0.00699622 0.00321119 -0.00123676 -0.000408979 0.0075176 -0.00243363
internal_weight=332.196 295.333 168.258 127.075 9.0091 6.15825 166.285 163.323 158.781 129.205 56.6703 53.4427 48.5615 43.7398 72.5349 39.821 35.8058 31.0291 28.1841 8.12629 20.0578 10.0961 5.91983 29.5759 25.8113 118.065 69.2252 66.531 13.5362 52.9947
internal_count=2835 2545 1422 1123 88 60 1409 1391 1355 1116 376 356 326 301 740 282 253 223 203 57 146 67 40 239 213 1035 714 698 93 605
is_linear=0
shrinkage=0.05


Tree=134
num_leaves=31
num_cat=0
split_feature=0 0 0 0 3 0 0 3 3 0 3 3 3 2 0 3 0 0 3 0 0 2 0 0 0 2 0 2 0 0
split_gain=0.490768 0.351209 2.40118 1.21835 1.04483 0.575144 0.910881 0.61566 0.560869 0.780987 0.537135 1.39664 0.988168 0.605534 0.954549 0.484714 2.11312 1.40356 0.878617 0.807404 1.4698 0.634932 1.49412 0.76626 0.634728 0.609442 0.544851 0.509165 0.501615 0.47384
threshold=0.0075713105034083137 0.07284188270568849 0.072381693869829192 0.072238828986883177 5.5000000000000009 0.069785099476575865 0.069628302007913603 14.500000000000002 16.500000000000004 0.019912107847630981 8.5000000000000018 11.500000000000002 1.5000000000000002 1.0000000180025095e-35 0.070647068321704878 10.500000000000002 0.063968017697334303 0.022047972306609157 11.500000000000002 0.064088813960552229 0.064849406480789198 1.0000000180025095e-35 0.014553235843777658 0.016441528685390953 0.019347880966961387 1.0000000180025095e-35 0.010400011669844391 1.0000000180025095e-35 0.068917568773031249 0.063759762793779387
decision_type=2 2 2 2 2 2 2 2 2 2 2 2 2 2 2 2 2 2 2 2 2 2 2 2 2 2 2 2 2 2
left_child=-1 2 3 5 -3 6 7 15 9 -9 12 -12 -7 -13 -15 19 17 18 25 26 -21 24 -23 -24 -20 -17 -2 -18 -29 -28
right_child=1 4 -4 -5 -6 10 -8 8 -10 -11 11 13 -14 14 -16 16 27 -19 21 20 -22 22 23 -25 -26 -27 29 28 -30 -31
leaf_value=0.021323503090966329 -0.0098019659833589873 -0.024786208626325218 0.036754422637679272 -0.032186597589083758 -0.0010547365736634738 0.017357270166345789 -0.029519309883933427 -0.00099830614696868876 -0.0036292820362450262 -0.047668197019760258 0.058213631951779782 -0.0047162208338551292 -0.012683039655071327 0.053162750253474292 -0.017664415163607353 0.016468432605726623 0.05713997032370105 -0.0099104318387760234 0.027140921737754332 -0.04362367064967021 -0.0036735363367180808 -0.052209708150306969 0.053894345978086705 -0.017783619339305497 -0.0071975868348539461 0.052054209800524068 0.0020227370706166481 0.051722258112847475 -0.0060389057345607948 0.017298671158044034
leaf_weight=2.8276638332754365 9.4727907972410303 5.0277842087671152 4.6678031058982006 2.8074573357589534 59.835153808817267 5.4821463525295275 2.538139625452458 1.7603589892387419 25.151467091869563 1.8265310395509002 1.7937331590801466 3.6301231980323792 5.4680702798068523 1.3912474261596801 0.72287727426737536 3.2472604289650979 2.287061169743537 12.297583378851412 3.3505883906036598 2.6087924968451288 19.597094341181219 1.4174580154940488 0.77603238262236096 0.71768362727016211 2.2490889728069305 1.9113145684823392 141.80890218634158 0.68023191113024972 0.84005256555974483 5.2648742864839724
leaf_count=28 67 29 34 22 521 43 18 24 255 18 25 24 41 39 34 21 23 87 37 18 158 35 17 27 18 67 1025 30 16 38
internal_value=0.000581765 0.000404374 0.00120944 0.000573981 -0.00289426 0.000930067 0.000274944 0.000593667 -0.00626711 -0.0247637 0.00942742 0.0196993 0.00235642 0.00767252 0.028945 0.00153919 0.00744578 0.00234531 0.0133711 0.000555348 -0.00836696 0.00350208 -0.0154386 0.0194553 0.013349 0.0296534 0.00182096 0.0422322 0.0198056 0.00256958
internal_weight=333.457 330.63 265.767 261.099 64.8629 258.292 239.803 237.265 28.7384 3.58689 18.4882 7.53798 10.9502 5.74425 2.11412 208.527 29.7744 25.967 13.6694 178.752 22.2059 8.51085 2.91117 1.49372 5.59968 5.15857 156.547 3.80735 1.52028 147.074
internal_count=2839 2811 2261 2227 550 2205 1999 1981 297 42 206 122 84 97 73 1684 378 309 222 1306 176 134 79 44 55 88 1130 69 46 1063
is_linear=0
shrinkage=0.05


Tree=135
num_leaves=31
num_cat=0
split_feature=0 0 0 3 3 0 0 0 0 0 0 0 0 0 3 3 0 3 0 0 0 0 0 3 0 0 3 0 3 2
split_gain=0.216747 0.61171 1.37964 0.716777 1.63103 0.609826 1.40625 0.447223 0.826285 0.621627 1.5014 0.446066 0.657152 0.365628 0.918739 0.661026 0.615857 0.580079 0.555447 0.452473 0.505593 0.282069 0.964971 0.843014 0.520965 0.335262 0.482136 0.315725 0.389583 0.770969
threshold=0.017367155291140083 0.016331557184457782 0.016035764478147033 3.5000000000000004 8.5000000000000018 0.019912107847630981 0.019975381903350357 0.012290012091398241 0.011530827265232803 0.010993865318596365 0.010310030542314054 0.020097580738365654 0.020934947766363624 0.018745350651443008 7.5000000000000009 3.5000000000000004 0.017805567942559723 11.500000000000002 0.018291921354830269 0.019022217020392421 0.019347880966961387 0.013319531921297314 0.013688349630683662 17.500000000000004 0.013030957430601122 0.012463219463825228 8.5000000000000018 0.014388924930244686 1.5000000000000002 1.0000000180025095e-35
decision_type=2 2 2 2 2 2 2 2 2 2 2 2 2 2 2 2 2 2 2 2 2 2 2 2 2 2 2 2 2 2
left_child=1 2 7 -3 -5 13 -7 8 9 10 -1 -8 -13 14 15 16 -2 18 -16 -15 -21 24 23 -23 25 -9 -27 -24 -29 -30
right_child=5 3 -4 4 -6 6 11 21 -10 -11 -12 12 -14 19 17 -17 -18 -19 -20 20 -22 22 27 -25 -26 26 -28 28 29 -31
leaf_value=-0.0033288854098874028 0.019959941611767382 -0.0031878896761757497 0.038982726571391832 -0.046166953606174406 0.0029513132207672236 -0.040983548528824659 0.018556126371301353 -0.014503941560507862 0.025984923001889666 -0.015859289496306776 0.03652613233545602 -0.013002235177854916 -0.0003286077229838931 0.024759248829858995 -0.0057335011418247102 0.030975738236090358 -0.008071598482578872 0.0076646485244569922 -0.041658494965167242 -0.0098760470749798615 0.01210831216719486 0.043775446288269002 -0.013959202248135889 -0.0015495533491747761 -0.022799424780618093 0.021719767319002374 -0.012214010114293209 -0.01256059041596814 0.01119062739968146 -0.010579229116584928
leaf_weight=11.692088275216525 3.1490323580801505 10.372942011337729 2.0963338539004317 3.7533342186361542 3.0745767978951335 2.1929840110242358 2.9548281524330369 3.3272431315854174 3.4903297312557688 4.8915741443634024 2.9615959688089779 10.812861801125107 189.20090323360637 4.453834806103262 2.0327127175405613 2.7020569480955592 5.1867481116205454 2.0286741945892572 2.2859018556773663 3.5329824723303309 10.067910598590968 1.9737869314849366 8.2300576153211313 2.1361762620508671 5.5401574061252177 2.364358832128346 1.8783400277607141 6.8877442935481694 9.2285069748759287 7.2713356222957364
leaf_count=106 29 61 23 21 26 14 19 32 58 31 32 90 1587 34 34 26 48 27 14 29 75 28 60 21 37 20 37 46 46 96
internal_value=-0.000899612 -0.00297572 -0.00100073 -0.0114688 -0.0240492 -0.00011292 -0.00115914 -0.00216693 0.00357591 -0.000425825 0.00472605 -0.000728852 -0.00101375 0.00594364 0.000768165 0.00948441 0.00251796 -0.0143892 -0.0247491 0.0109272 0.00639763 -0.00487569 -0.00257387 0.0202175 -0.0111486 -0.0026218 0.00669651 -0.00553651 -0.00257258 0.00159684
internal_weight=331.772 91.1705 73.9696 17.2009 6.82791 240.601 205.162 71.8733 23.0356 19.5453 14.6537 202.969 200.014 35.4399 17.3851 11.0378 8.33578 6.34729 4.31861 18.0547 13.6009 48.8377 35.7276 4.10996 13.1101 7.56994 4.2427 31.6176 23.3876 16.4998
internal_count=2807 781 673 108 47 2026 1710 650 227 169 138 1696 1677 316 178 103 77 75 48 138 104 423 297 49 126 89 57 248 188 142
is_linear=0
shrinkage=0.05


Tree=136
num_leaves=31
num_cat=0
split_feature=0 0 0 0 0 3 0 0 0 3 0 3 0 0 0 0 0 3 0 3 3 0 3 1 0 0 3 0 0 3
split_gain=0.933993 1.8939 0.688877 0.674573 1.04839 1.21826 0.563079 0.907105 1.04052 0.502732 0.603423 0.488236 0.411014 0.398613 0.389856 1.45202 0.351833 1.06309 1.4107 1.20749 0.793183 0.531989 0.528283 0.448403 0.548572 0.890434 1.02313 1.35714 1.53876 0.908342
threshold=0.013016127515584232 0.010400011669844391 0.010993865318596365 0.017963821999728683 0.018473540432751182 5.5000000000000009 0.011762528680264952 0.012290012091398241 0.012417749967426063 1.5000000000000002 0.017724422737956051 17.500000000000004 0.017230210825800899 0.017295801080763343 0.014962770044803621 0.014469849877059461 0.063968017697334303 17.500000000000004 0.063483141362667098 13.500000000000002 7.5000000000000009 0.065760403871536269 1.5000000000000002 1.0000000180025095e-35 0.062328308820724494 0.061963930726051338 8.5000000000000018 0.019975381903350357 0.060366710647940643 10.500000000000002
decision_type=2 2 2 2 2 2 2 2 2 2 2 2 2 2 2 2 2 2 2 2 2 2 2 2 2 2 2 2 2 2
left_child=1 -1 -3 9 5 -5 -4 -8 -9 13 12 -10 -11 14 15 -2 17 18 19 22 -20 -18 -6 -24 25 26 27 -25 -29 -28
right_child=3 2 6 4 16 -7 7 8 11 10 -12 -13 -14 -15 -16 -17 21 -19 20 -21 -22 -23 23 24 -26 -27 29 28 -30 -31
leaf_value=-0.0056191439085326493 0.013429153280042794 0.047604047376834241 0.0054188437477004497 0.00095741922058749851 -0.0048242198814830014 0.045375282032369506 0.062957060171152504 -0.018955114201082042 0.042601472405586704 -0.0079213678634432287 -0.028617157251028154 0.0079869641619504331 0.0094392563807423908 -0.013553449962605761 0.009899447432530779 -0.034157176418512653 0.01311504206494085 0.026652378036111847 -0.040900297822725806 -0.020898268113264118 -0.010407956364097536 0.00061868643869671103 0.011558065443207352 -0.036095566110669712 -0.014707009598328734 0.029890755199630817 0.031694110814814741 0.016879277563991133 -0.022121518796384243 0.0020770518781618795
leaf_weight=12.908447524532678 4.0696913474239471 2.0102425431832662 6.3687992938794178 3.5005642045289269 29.551908192224801 2.7614837884902954 1.3392497813329098 1.4758483129553495 2.7191299642436206 42.168494490906596 3.3118648529052725 1.6290274448692796 3.7091970322653642 3.8220048234798005 11.289795693941413 2.6448628259822726 9.1597626879811269 3.0300684571266165 3.4951882977038604 7.2744204420596352 5.4710823595523834 121.33118380466476 13.113075479865072 3.4555947463959518 4.9523872546851626 2.839866839349269 3.6692208377644411 5.8810899741947633 4.4372645691037178 8.7923119356855732
leaf_count=119 35 25 52 34 219 29 34 19 40 347 24 22 44 32 75 16 86 34 25 47 30 1096 74 24 31 21 48 37 23 102
internal_value=-0.000126406 0.00853626 0.0202928 -0.000937842 0.000363835 0.0205451 0.0162357 0.0258528 0.0173206 -0.00520339 -0.00800569 0.0296332 -0.00651777 0.00111209 0.00422532 -0.0053151 -0.00019423 -0.00249241 -0.00344267 -0.00142963 -0.0222943 0.00149586 0.000416995 0.00370264 0.000675437 0.00329552 0.000416712 -0.00897507 0.000107529 0.0107976
internal_weight=332.183 28.4507 15.5423 303.732 232.716 6.26205 13.5321 7.16326 5.82401 71.0159 49.1896 4.34816 45.8777 21.8264 18.0043 6.71455 226.454 95.9635 92.9334 83.9671 8.96627 130.491 76.6927 47.1408 34.0277 29.0753 26.2355 13.7739 10.3184 12.4615
internal_count=2844 311 192 2533 1960 63 167 115 81 573 415 62 391 158 126 51 1897 715 681 626 55 1182 579 360 286 255 234 84 60 150
is_linear=0
shrinkage=0.05


Tree=137
num_leaves=31
num_cat=0
split_feature=0 0 2 0 0 0 3 3 0 0 0 0 3 0 3 3 0 0 0 0 0 3 3 3 3 3 0 2 0 3
split_gain=0.522004 0.562275 0.821447 0.992835 0.931599 0.822745 0.653376 0.624581 0.563286 0.539789 0.791344 0.494574 0.458588 0.382343 0.286427 0.275289 0.272604 0.594884 1.69 0.811213 0.785105 0.710286 0.658883 0.309453 0.95143 0.680575 0.514481 0.302097 0.283973 1.08922
threshold=0.015567715279757978 0.014921483583748342 1.0000000180025095e-35 0.0075713105034083137 0.010155373718589546 0.013688349630683662 12.500000000000002 7.5000000000000009 0.011344788130372764 0.012417749967426063 0.010993865318596365 0.01282037701457739 1.5000000000000002 0.014962770044803621 1.5000000000000002 1.5000000000000002 0.017367155291140083 0.018291921354830269 0.017963821999728683 0.01841287408024073 0.019022217020392421 8.5000000000000018 1.5000000000000002 3.5000000000000004 7.5000000000000009 1.5000000000000002 0.016721292398869995 1.0000000180025095e-35 0.020127423107624057 5.5000000000000009
decision_type=2 2 2 2 2 2 2 2 2 2 2 2 2 2 2 2 2 2 2 2 2 2 2 2 2 2 2 2 2 2
left_child=1 2 8 -4 -5 6 9 -3 -1 10 -6 12 -10 -9 -7 -13 23 18 21 -19 22 27 -21 25 -25 26 -2 -18 29 -22
right_child=16 7 3 4 5 14 -8 13 11 -11 -12 15 -14 -15 -16 -17 17 19 -20 20 28 -23 -24 24 -26 -27 -28 -29 -30 -31
leaf_value=-0.021453215809424702 0.0010695073042216424 0.026593394764830261 0.040035833140662502 -0.013410538631068123 0.027810727297113914 -0.017599801249820038 0.051145169392447391 0.020432921001933634 -0.0042612780388526228 0.028857463182908855 -0.0043960557223940251 0.0073751398435668719 0.026513777768685361 -0.0049801335078112092 0.0041660468329125693 -0.0081178976774284525 0.018113210537941179 -0.027236127662576149 0.045186218346317801 0.031777445627580996 -0.00057177611810932394 -0.020473400756292125 3.9624773803930232e-05 -0.038642015197197607 -0.0039210174838853673 0.014516412455023348 -0.022771837950705788 -0.0027107869160291095 -0.001031077382584709 -0.028181618441322494
leaf_weight=4.1904677497223046 5.20914667658508 5.1390616167336685 2.1750108264386681 5.4821074730716672 2.8539811288937944 2.6785450275056055 1.2510711550712574 2.2102199792861938 2.2085862625390318 3.8277144795283666 5.7496542665176094 3.5226849047467139 2.6786207593977451 4.480184406042099 3.4690302424132824 15.40846227109432 3.9221558533608896 3.0041130119934669 2.6536680785939089 3.286860308609902 14.43974461220205 2.9152315547689795 3.2544509852305055 2.6756017133593542 7.5137965315952897 4.4556666389107695 4.0006618024781346 3.1327402479946613 197.98475390020758 4.7462939936667672
leaf_count=32 33 36 22 48 33 15 76 14 16 49 49 30 29 57 39 79 31 20 35 26 90 36 36 21 60 25 26 29 1676 51
internal_value=-0.000341258 0.00358751 0.00147788 0.0076185 0.00483295 0.00987646 0.0167032 0.0134845 -0.00454836 0.013237 0.00628752 -0.00157421 0.0126062 0.00341524 -0.0053175 -0.00523497 -0.00134624 -0.000838223 0.00972569 -0.00142643 -0.00107985 0.000287453 0.0159872 -0.00644327 -0.0130383 -0.00152581 -0.00928697 0.00886627 -0.00159392 -0.00740197
internal_weight=330.52 67.3254 55.4959 27.4871 25.3121 19.83 13.6824 11.8295 28.0088 12.4313 8.60364 23.8184 4.88721 6.6904 6.14758 18.9311 263.195 239.34 12.6238 226.716 223.712 9.97013 6.54131 23.8549 10.1894 13.6655 9.20981 7.0549 217.171 19.186
internal_count=2819 624 517 331 309 261 207 107 186 131 82 154 45 71 54 109 2195 2030 131 1899 1879 96 62 165 81 84 59 60 1817 141
is_linear=0
shrinkage=0.05


Tree=138
num_leaves=31
num_cat=0
split_feature=3 0 0 0 3 3 0 0 0 0 0 0 0 3 0 0 0 3 3 0 0 3 3 0 0 0 0 0 3 3
split_gain=0.568011 1.0349 0.987609 1.61434 1.31813 0.65803 1.11653 2.13538 1.40321 0.916541 0.674497 1.30648 0.646898 0.631941 0.570062 0.508054 0.476458 1.43237 1.1985 0.860979 0.851903 0.648098 0.371644 0.965145 0.872025 0.364489 0.570257 1.81323 0.614564 1.29398
threshold=23.000000000000004 0.069860793650150313 0.071224898099899306 0.070647068321704878 8.5000000000000018 11.500000000000002 0.21070312708616259 0.22666641324758532 0.26472581923007971 0.073063034564256682 0.22931337356567386 0.22446664422750476 0.26472581923007971 1.5000000000000002 0.2080323398113251 0.0075713105034083137 0.072381693869829192 5.5000000000000009 8.5000000000000018 0.073012433946132674 0.19420886039733889 1.5000000000000002 25.000000000000004 0.22346362471580508 0.073521811515092864 0.069201733916997923 0.067474525421857848 0.067792672663927092 1.5000000000000002 9.5000000000000018
decision_type=2 2 2 2 2 2 2 2 2 2 2 2 2 2 2 2 2 2 2 2 2 2 2 2 2 2 2 2 2 2
left_child=1 15 3 4 -3 10 9 -8 -9 -7 11 14 -12 -5 16 -1 21 19 -19 -18 -20 -4 -2 24 -24 26 -17 -28 -29 -30
right_child=22 2 5 13 -6 6 7 8 -10 -11 12 -13 -14 -15 -16 25 17 18 20 -21 -22 -23 23 -25 -26 -27 27 28 29 -31
leaf_value=0.020568404553269939 -0.027755436274677428 -0.014293316722803968 0.0061769251808202067 0.078802865343976847 0.029234353212526584 0.008525673410190138 -0.025956266507387228 0.030064527077050207 -0.00070014058981246929 0.045642097091274939 -0.020526199876465007 0.031191148436549705 0.0072360428522626795 0.032788315415242131 -0.01540505640793857 -0.00091167569456683463 0.0080656424244326102 0.046361846710673206 0.026782118934793271 -0.02477747735338201 -0.01415561085851205 -0.023620833702138997 -0.0051040286047577821 0.014722912809635775 -0.035782686193359885 -0.010445344667435191 0.052692417110525414 0.022473266291717465 -0.036283192816264992 0.01216784500691008
leaf_weight=2.8245352590456596 2.0449256105348494 3.5141458013094944 3.999964165966964 1.2058983827009799 3.4436802938580513 3.1912058219313648 4.5194616056978729 6.787139205262064 8.1657411037012917 3.4738107426092029 6.4873941540718061 3.7766216024756423 3.1014299066737294 1.9571188464760778 5.0156913325190535 209.92121089762077 4.3043186697177607 3.2148336395621282 2.6808888763189316 3.7200751132331789 2.4161254018545151 3.3556432109326124 10.209283776115628 4.5113267190754405 2.9960600771009913 9.3328542932867986 2.0930546605959517 2.2427078182809055 2.4008581191301346 3.2346421666443348
leaf_count=30 23 26 27 9 36 20 29 70 61 52 48 21 20 46 39 1721 22 34 24 22 23 21 125 49 22 83 29 16 22 37
internal_value=0.000646345 0.00116966 0.00613895 0.0207141 0.0072501 0.00397634 0.0102071 0.00416111 0.013264 0.0278708 0.000105575 0.00354515 -0.0115467 0.0503313 -9.18164e-05 -0.000507787 0.00315008 0.00790799 0.0224551 -0.00716029 0.00737651 -0.00741687 -0.00757295 -0.00524341 -0.0120645 -0.00076749 -0.000356734 0.0113262 0.000336218 -0.00847346
internal_weight=330.143 310.381 78.3312 10.1208 6.95783 68.2103 26.1374 19.4723 14.9529 6.66502 42.073 32.4842 9.58882 3.16302 28.7075 232.05 23.6918 16.3362 8.31185 8.02439 5.09701 7.35561 19.7616 17.7167 13.2053 229.225 219.892 9.97126 7.87821 5.6355
internal_count=2807 2588 650 117 62 533 232 160 131 72 301 233 68 55 212 1938 173 125 81 44 47 48 219 196 147 1908 1825 104 75 59
is_linear=0
shrinkage=0.05


Tree=139
num_leaves=31
num_cat=0
split_feature=0 0 0 3 0 0 1 0 0 0 3 0 0 0 0 0 3 0 3 3 2 0 0 0 0 0 3 3 1 2
split_gain=0.805394 0.854286 0.616026 0.531332 1.8663 1.64677 1.46157 0.546556 0.521943 1.20789 0.659046 0.605189 0.566317 0.68177 0.558449 0.592154 0.533144 0.74763 0.51224 0.481312 0.891186 0.522724 0.917937 0.470459 1.87322 1.04185 0.826421 0.956357 0.633431 0.498123
threshold=0.013030957430601122 0.010077058337628843 0.013180983252823355 20.500000000000004 0.013688349630683662 0.020615364424884323 1.0000000180025095e-35 0.02239526063203812 0.019912107847630981 0.020127423107624057 12.500000000000002 0.019773335196077827 0.019646776840090755 0.019423980265855793 0.013884788379073145 0.014469849877059461 8.5000000000000018 0.021257515996694568 3.5000000000000004 11.500000000000002 1.0000000180025095e-35 0.011424486991018059 0.010400011669844391 0.066251005977392211 0.065406177192926421 0.066575963050127043 9.5000000000000018 7.5000000000000009 1.0000000180025095e-35 1.0000000180025095e-35
decision_type=2 2 2 2 2 2 2 2 2 2 2 2 2 2 2 2 2 2 2 2 2 2 2 2 2 2 2 2 2 2
left_child=1 18 -2 4 6 -5 -4 8 11 -10 16 12 13 14 -6 -16 -11 -18 -1 20 -3 22 -22 24 26 -25 27 28 -9 -27
right_child=2 19 3 5 7 -7 -8 23 9 10 -12 -13 -14 -15 15 -17 17 -19 -20 -21 21 -23 -24 25 -26 29 -28 -29 -30 -31
leaf_value=-0.016834628767682765 -0.020802439352894692 0.032740213149904572 0.0023928247917663725 -0.046219203176885021 -0.024683128423840083 -0.0041573119894604219 0.060510884833861092 0.0079050518265167177 -0.029617722125894447 -0.0021993212432598135 0.020752899053331664 0.020448573967197858 -0.022635622576017964 0.022714224438858118 0.01215648329655096 -0.0035898498524079905 -0.00077358557363197203 -0.046338912739758847 0.0076832596758339231 -0.002235638417270377 -0.0016533940741587209 -0.0027047682936063829 0.03854293881624668 -0.028496114483786295 0.042072467684525598 0.002605138231605911 -0.0066355660571429595 0.029168763024250772 -0.0071757616367078697 -0.0047739398400828892
leaf_weight=4.9706983692012745 4.1735907830297938 5.4690671414136931 2.1385058881714931 2.5640614908188608 2.8630029750056556 25.167705656960607 2.1892002578824759 23.781627084128559 6.1897743139416006 10.741949710063638 2.355399962514638 2.8400666695088139 3.5244439118541768 2.6638201870955518 6.5620934418402603 66.234918336383998 1.734821213409304 1.8712974358350036 3.7281267903745174 4.503686203621327 2.7878522728569806 5.5944535643793643 2.8953781551681459 3.4638721975497893 3.0770160099491468 53.149273628368974 18.539721192792058 4.0639454182237378 9.84549682587385 40.144835656043142
leaf_count=38 25 38 14 23 18 267 34 165 38 81 19 19 18 28 49 555 27 20 49 88 20 57 33 25 43 348 138 33 58 477
internal_value=-0.000946328 0.00687193 -0.00172714 -0.00145792 -0.000776105 -0.00804633 0.0317922 -0.00131071 -0.00405266 -0.0107511 -0.00375967 -0.00224193 -0.00302927 -0.00214702 -0.00302233 -0.00217044 -0.00778369 -0.0244185 -0.0063268 0.0122748 0.0161771 0.00814487 0.018825 0.00057942 0.00408584 -0.00156984 0.00200717 0.00625841 0.00348963 -0.000570109
internal_weight=329.83 29.9493 299.88 295.707 267.975 27.7318 4.32771 263.647 107.582 22.8932 16.7035 84.6883 81.8483 78.3238 75.66 72.797 14.3481 3.60612 8.69883 21.2504 16.7468 11.2777 5.68323 156.066 59.3078 96.758 56.2308 37.6911 33.6271 93.2941
internal_count=2845 323 2522 2497 2207 290 48 2159 872 185 147 687 668 650 622 604 128 47 87 236 148 110 53 1287 437 850 394 256 223 825
is_linear=0
shrinkage=0.05


Tree=140
num_leaves=31
num_cat=0
split_feature=3 0 0 0 0 3 0 0 3 0 0 3 0 0 0 0 3 3 3 0 3 0 3 2 3 0 3 0 0 0
split_gain=0.361103 0.299148 0.642117 1.1423 0.657047 0.783511 0.591259 0.589801 0.467377 2.61507 0.423353 0.807796 0.40258 0.280671 0.464592 0.420734 0.550621 0.498608 0.403628 0.355575 1.30844 1.10154 0.678809 0.552064 0.779586 0.545326 0.514215 0.849764 0.898253 0.928022
threshold=19.500000000000004 0.066398397088050856 0.073012433946132674 0.072238828986883177 0.073521811515092864 23.000000000000004 0.063629876822233214 0.42452575266361242 25.000000000000004 0.013319531921297314 0.22037933766841891 26.500000000000004 0.069201733916997923 0.2284648343920708 0.23066287487745288 0.24318701773881915 12.500000000000002 7.5000000000000009 16.500000000000004 0.1960060000419617 12.500000000000002 0.073012433946132674 6.5000000000000009 1.0000000180025095e-35 9.5000000000000018 0.07284188270568849 7.5000000000000009 0.072238828986883177 0.018745350651443008 0.014921483583748342
decision_type=2 2 2 2 2 2 2 2 2 2 2 2 2 2 2 2 2 2 2 2 2 2 2 2 2 2 2 2 2 2
left_child=13 6 3 12 -4 7 8 -6 9 -2 -7 -12 -3 19 -15 16 -16 -17 -19 21 23 25 -23 -21 -25 26 -1 28 29 -28
right_child=1 2 4 -5 5 10 -8 -9 -10 -11 11 -13 -14 14 15 17 -18 18 -20 20 -22 22 -24 24 -26 -27 27 -29 -30 -31
leaf_value=0.0012827744092239466 0.069420350795159305 -0.013432957377912395 0.036037708454909161 -0.044826547459343058 0.0369816204430225 -0.023036232141009187 0.031326783678921111 0.0007867323348711556 -0.012114162789013576 -0.017370194485482677 -0.016787589616004642 0.017934391815407187 0.011788115457743008 -0.019381841469375216 0.034703240324357516 -0.021778566649929096 -0.0064979625419658155 0.0091470328767694255 -0.0089915704188639669 0.028159515701219467 -0.013881767732288343 -0.033986969586200913 -0.0039603298376626661 -0.021529837765579637 0.018995058653128644 0.022495445432841297 4.0477060103096896e-05 -0.038198764259438939 0.00146293584408536 -0.017348048433989318
leaf_weight=167.31991496542469 1.3961789817549273 2.874636437743904 1.8307650536298741 1.7812568759545682 2.5503361793234935 2.2802904434502107 2.8782035550102592 2.0145988911390305 2.6308649908751249 2.2938912510871887 3.1143752224743366 3.624515563249588 3.5191884068772197 4.9918745905160931 1.6260325573384791 3.6682484075427082 1.6176306996494529 5.5979454992338997 6.7835833802819252 5.4345763996243459 5.0606763102114192 3.8899445305578402 3.6468465104699135 1.777076596394181 3.5725306663662195 2.6519686393439761 14.047014202922584 1.73410204052925 48.059541988186538 16.910354028455913
leaf_count=1150 34 28 22 20 40 18 31 11 26 25 29 33 50 31 17 17 23 54 39 33 31 24 48 21 45 17 220 12 502 175
internal_value=-8.68176e-05 0.00489378 0.00191143 -0.00941616 0.00791887 0.00412922 0.0125416 0.0210081 0.00398789 0.015468 -0.00441378 0.00188764 0.000448828 -0.000634119 -0.00578597 -0.00226825 0.014156 -0.0055876 -0.000790732 -0.000177672 0.00709278 -0.000623732 -0.0194579 0.0169355 0.00553316 -5.75722e-05 -0.000298672 -0.0035755 -0.00281566 -0.00945794
internal_weight=331.179 32.7891 23.59 8.17508 15.4149 13.5841 9.19914 4.56494 6.32094 3.69007 9.01918 6.73889 6.39382 298.39 24.2853 19.2934 3.24366 16.0498 12.3815 274.105 15.8449 258.26 7.53679 10.7842 5.34961 250.723 248.071 80.751 79.0169 30.9574
internal_count=2826 367 251 98 153 131 116 51 85 59 80 62 78 2459 181 150 40 110 93 2278 130 2148 72 99 66 2076 2059 909 897 395
is_linear=0
shrinkage=0.05


Tree=141
num_leaves=31
num_cat=0
split_feature=0 0 0 0 0 0 0 0 0 0 0 0 0 0 3 2 0 3 3 0 0 3 3 0 0 0 0 0 0 0
split_gain=1.0924 1.13225 0.974241 0.431138 0.70768 0.916926 0.445373 0.895057 0.599849 0.390512 0.380738 0.355005 1.1861 1.53584 1.23402 1.49713 0.883201 0.559459 1.49371 1.17185 0.999339 0.785145 0.55657 3.12068 0.74157 1.21776 0.874015 2.4651 1.03397 0.744679
threshold=0.019975381903350357 0.020097580738365654 0.019912107847630981 0.010993865318596365 0.0087095452472567576 0.0094179278239607828 0.014843435958027841 0.01505062496289611 0.014469849877059461 0.0071774523239582786 0.014063016045838596 0.069985084235668196 0.070647068321704878 0.071224898099899306 1.5000000000000002 1.0000000180025095e-35 0.072047267109155669 6.5000000000000009 5.5000000000000009 0.073012433946132674 0.07252297550439836 13.500000000000002 26.500000000000004 0.22346362471580508 0.21070312708616259 0.20477086305618289 0.22997444868087771 0.24861386418342593 0.26608741283416754 0.16935998946428302
decision_type=2 2 2 2 2 2 2 2 2 2 2 2 2 2 2 2 2 2 2 2 2 2 2 2 2 2 2 2 2 2
left_child=2 -2 3 4 9 -6 8 -8 10 -1 -5 -3 -13 14 -14 -16 -15 18 20 21 -18 -19 24 -24 25 29 -26 -28 -29 -21
right_child=1 11 -4 6 5 -7 7 -9 -10 -11 -12 12 13 16 15 -17 17 19 -20 22 -22 -23 23 -25 26 -27 27 28 -30 -31
leaf_value=0.0043199704362319076 0.037100540766697832 0.0051079601094108319 -0.034558284916291475 -0.0072131611981353615 0.033555924260580787 0.0029522674568136682 0.020806448742122431 -0.0018696316837876284 -0.025171094928464317 -0.026357054303916307 0.007565454233788918 -0.02663197522564786 0.076141165279071471 -0.023204685230972258 0.060786367615544894 -0.022193794729053959 0.020166371300841986 -0.04243417976340709 0.035088220761149078 0.016358228654293788 -0.010441752123568491 -0.0042268925036558396 -0.012314738460363642 0.058174151172425373 -0.013067752561948712 0.034489561213022012 0.030915272478694453 -0.026253962851084028 0.0010593132315435041 -0.016662483885343762
leaf_weight=2.0238147340714923 2.5069232610985628 114.85117477085441 2.2832279587164512 27.989880107808858 3.5998644968494755 7.6459927540272474 4.6470790337771168 68.453134335111827 4.1063864966854444 2.1284400182776153 5.1618352252989999 3.7521840427070847 1.1864057383500033 3.685653635300695 0.94392302632331859 1.2815541904419661 4.2030562562867981 2.5907946787774554 4.3695555329322806 3.2588754696771485 7.2956176172010601 2.7954317219555378 3.9810030627995721 2.5928257275372744 14.28807916305959 3.7554355198517442 5.771407978609207 4.9163341596722629 11.737205418758093 3.5864139385521412
leaf_count=22 17 945 14 294 35 69 29 567 29 18 41 39 9 26 9 43 27 21 23 49 40 28 36 28 105 46 73 36 84 31
internal_value=0.00142791 0.00370585 -0.00218987 -0.00160219 0.00623539 0.0127487 -0.00269576 -0.000428083 -0.00714492 -0.011405 -0.00491208 0.00328902 0.00085962 0.00211393 0.0349571 0.0130018 0.000692383 0.00186451 0.0102029 -0.00036775 0.000746291 -0.0226047 0.0018549 0.0154872 -3.91878e-05 0.01161 -0.00340283 0.00275518 -0.00700391 -0.000942127
internal_weight=331.39 203.35 128.04 125.756 15.3981 11.2459 110.358 73.1002 37.2581 4.15225 33.1517 200.843 85.9918 82.2396 3.41188 2.22548 78.8277 75.142 15.8682 59.2738 11.4987 5.38623 53.8876 6.57383 47.3138 10.6007 36.713 22.4249 16.6535 6.84529
internal_count=2833 1715 1118 1104 144 104 960 596 364 40 335 1698 753 714 61 52 653 627 90 537 67 49 488 64 424 126 298 193 120 80
is_linear=0
shrinkage=0.05


Tree=142
num_leaves=31
num_cat=0
split_feature=0 0 2 0 0 3 3 0 0 3 0 0 0 2 3 0 0 0 3 3 3 0 0 3 0 0 0 0 0 3
split_gain=0.885769 1.16416 0.866197 1.09295 0.687687 0.659073 1.21341 0.639576 1.43099 0.555582 0.561899 0.790711 1.18244 1.2079 0.693432 1.37235 0.608507 0.609027 0.676443 0.668751 0.554174 0.544243 0.794874 0.49489 1.26422 1.1029 1.58235 0.581687 0.648792 0.464265
threshold=0.020097580738365654 0.020127423107624057 1.0000000180025095e-35 0.020615364424884323 0.012658710591495039 11.500000000000002 18.500000000000004 0.013045935891568662 0.014921483583748342 10.500000000000002 0.019239523448050026 0.016943091526627544 0.016608297824859623 1.0000000180025095e-35 3.5000000000000004 0.014553235843777658 0.017367155291140083 0.019022217020392421 7.5000000000000009 3.5000000000000004 1.5000000000000002 0.018593068234622482 0.017805567942559723 4.5000000000000009 0.071224898099899306 0.067192967981100096 0.062328308820724494 0.020934947766363624 0.060366710647940643 23.000000000000004
decision_type=2 2 2 2 2 2 2 2 2 2 2 2 2 2 2 2 2 2 2 2 2 2 2 2 2 2 2 2 2 2
left_child=4 -2 23 -4 -1 9 7 -7 -9 10 11 12 13 -6 20 -16 -13 18 19 21 -15 22 -18 24 25 26 27 -3 -29 -8
right_child=1 2 3 -5 5 6 29 8 -10 -11 -12 16 -14 14 15 -17 17 -19 -20 -21 -22 -23 -24 -25 -26 -27 -28 28 -30 -31
leaf_value=-0.0045554569842845196 -0.043063680260523464 -0.018776205109542546 0.037659046587636691 0.00057613728035735474 0.0097966231592266865 -0.0020472823424528288 -0.016568337073823571 0.059706715171250119 0.015878238865025426 -0.01805527434444093 0.012908409606465276 -0.01904631260290781 0.027405207353703692 -0.01310030460405427 0.010968982580753066 -0.05948888717101234 0.012978794380343823 -0.023917066338082438 -0.015817927415615107 0.029497080196715431 0.009625254311923093 0.018527600499153512 -0.017513849848605812 -0.0035236749618236226 -0.032916747900658697 0.021512537915500691 -0.040755439890657087 0.018286046583705362 -0.0083802780010431878 0.011857323197523048
leaf_weight=27.509920260403305 1.7828625887632359 3.9726322614587941 2.038577871862798 78.498489505145699 22.407236351631582 2.0124904643744257 3.4632718595676115 2.6752342870458943 6.1292106015607715 3.1434988351538768 12.986945562530307 6.0084890616126385 5.5552127226255825 6.2006893116049451 1.1630266187712544 1.7031983118504284 3.6901648887433165 2.5722621902823439 4.1720354342833152 2.6960496688261619 4.7281429469585419 3.5479138302616766 5.0785101898945868 92.280629299581051 5.3833337859250596 3.155505472328513 3.4714973983354858 4.2977351373992843 4.8607540423981845 2.4544338760897517
leaf_count=280 9 24 24 942 132 22 32 34 90 44 87 35 34 39 39 29 31 21 44 30 30 23 39 552 36 28 34 30 29 27
internal_value=-0.000750943 -0.00284109 -0.00247884 0.00151479 0.00246304 0.00434879 0.0134244 0.0233828 0.0291955 0.00257563 0.00336164 0.00157829 0.0059264 0.00263049 -0.00900942 -0.0308992 -0.00496099 -0.00107112 0.00199204 0.00694145 -0.00326854 0.00200412 -0.00468148 -0.00521797 -0.0114368 -0.00558435 -0.0107344 -0.00279769 0.00413323 -0.00477848
internal_weight=329.64 199.742 197.959 80.5371 129.898 102.388 16.7346 10.8169 8.80444 85.6534 82.5099 69.5229 41.7575 36.2023 13.7951 2.86622 27.7654 21.7569 19.1847 15.0126 10.9288 12.3166 8.76868 117.422 25.1415 19.7581 16.6026 13.1311 9.15849 5.91771
internal_count=2850 1708 1699 966 1142 862 205 146 124 657 613 526 303 269 137 68 223 188 167 123 69 93 70 733 181 145 117 83 59 59
is_linear=0
shrinkage=0.05


Tree=143
num_leaves=31
num_cat=0
split_feature=0 3 0 0 0 3 0 2 0 0 0 3 0 3 0 3 0 0 0 0 0 0 3 0 0 0 3 0 3 0
split_gain=0.433951 0.428065 1.2219 1.11696 1.20824 1.84082 0.860659 0.741157 1.07108 1.04583 1.92479 1.31985 1.3483 1.22092 1.20128 0.825993 0.780872 1.51309 1.40927 1.32656 1.41745 0.778653 0.666496 0.937486 1.85761 1.76114 0.660745 0.62354 0.55788 1.20907
threshold=0.34262885153293615 8.5000000000000018 0.011630491819232704 0.071710307151079192 0.083722770214080824 1.5000000000000002 0.23066287487745288 1.0000000180025095e-35 0.014469849877059461 0.20080817490816119 0.073132771998643889 26.500000000000004 0.072267085313797011 16.500000000000004 0.061933303251862533 9.5000000000000018 0.067927919328212752 0.06985278427600862 0.063277509063482298 0.063061632215976729 0.016661843284964565 0.021257515996694568 10.500000000000002 0.062328308820724494 0.018291921354830269 0.069155588746070876 14.500000000000002 0.070391923189163222 12.500000000000002 0.22858404368162158
decision_type=2 2 2 2 2 2 2 2 2 2 2 2 2 2 2 2 2 2 2 2 2 2 2 2 2 2 2 2 2 2
left_child=1 3 -3 27 5 -5 -6 22 -9 10 11 12 13 15 -15 -10 18 -18 19 20 26 -22 23 24 -4 -25 -17 -1 29 -11
right_child=-2 2 7 4 6 -7 -8 8 9 28 -12 -13 -14 14 -16 16 17 -19 -20 -21 21 -23 -24 25 -26 -27 -28 -29 -30 -31
leaf_value=0.00090391791088016292 0.013619299475668346 -0.0393144585536431 -0.01397798666338057 0.0051185144546341578 -0.019724072133710524 0.041668049673526747 0.012506818040708521 0.050698408649652062 0.052203686807330577 0.04444603183306553 -0.062602561690561193 0.028121360425422084 -0.052672591773182544 -0.055548842178330664 -0.0043164918415257618 -0.039454386682421037 -0.057631433860077977 0.016857789379107171 0.052892492595763667 -0.057685822360111327 0.051771559634543787 0.0075622076220183401 -0.0012363320905013917 -0.050555846955607858 0.031142293329064992 -0.0084092597642053818 0.010638162556890015 -0.018835315720657431 0.0063248152506506332 -0.012336941822187102
leaf_weight=165.27882795967162 6.2309782672673455 2.1450421251356593 7.5746829658746737 7.7701468490995484 3.9350525764748436 6.188932167366147 4.3729144856333733 1.2259358018636692 0.9466304248198999 3.4191633556038123 1.2700031427666534 3.6690909820608786 1.355675309896468 1.7282687574625004 3.3855415917932987 1.6035062652081236 1.3428517505526536 1.3847393821924923 1.6253057038411496 0.83951604366302479 1.8420725138857958 2.168454397469759 71.071264818310738 3.4954881519079199 3.2641262486577034 8.5201438218355161 1.1167975813150404 4.1000190535560241 6.5618726927787066 1.2915986645966766
leaf_count=1150 44 48 42 48 31 42 24 102 33 48 34 94 13 20 69 34 22 37 52 6 80 44 466 16 22 55 14 33 79 19
internal_value=0.000549104 0.000298128 -0.00188307 0.00181012 0.0123379 0.0213232 -0.00275928 -0.00126876 0.00474833 0.0031638 -0.00267974 0.000627837 -0.00458827 -0.000963503 -0.021631 0.00724868 0.00367954 -0.0198149 0.0106484 0.00157885 0.00897075 0.027868 -0.00362478 -0.0110522 -0.000389936 -0.0206702 -0.0188893 0.000426106 0.0157493 0.0288773
internal_weight=330.725 324.494 132.848 191.646 22.267 13.9591 8.30797 130.703 36.777 35.5511 24.2785 23.0085 19.3394 17.9837 5.11381 12.8699 11.9232 2.72759 9.19565 7.57035 6.73083 4.01053 93.9257 22.8544 10.8388 12.0156 2.7203 169.379 11.2726 4.71076
internal_count=2821 2777 1449 1328 145 90 55 1401 800 698 552 518 424 411 89 322 289 59 230 178 172 124 601 135 64 71 48 1183 146 67
is_linear=0
shrinkage=0.05


Tree=144
num_leaves=31
num_cat=0
split_feature=0 0 0 0 0 2 3 0 3 0 0 0 0 0 3 0 0 3 0 3 0 3 3 0 0 0 0 0 0 0
split_gain=0.884491 0.431021 1.01316 0.791517 0.747943 0.429832 1.08569 1.38178 1.24374 1.25422 0.99693 0.72677 0.967801 0.690846 0.647771 1.00454 0.594156 1.24861 1.21417 0.704847 1.07254 0.699021 0.567695 0.933547 1.83277 0.623354 1.1559 0.768211 0.534805 0.848196
threshold=0.014962770044803621 0.069860793650150313 0.069985084235668196 0.068705819547176375 0.069074306637048735 1.0000000180025095e-35 2.5000000000000004 0.064849406480789198 12.500000000000002 0.063774496316909804 0.015223377849906685 0.063759762793779387 0.062144866213202483 0.057193430140614517 7.5000000000000009 0.063061632215976729 0.061963930726051338 8.5000000000000018 0.060366710647940643 6.5000000000000009 0.065984569489955916 10.500000000000002 1.5000000000000002 0.017082292586565021 0.018161195330321792 0.016608297824859623 0.019844993948936466 0.057193430140614517 0.017082292586565021 0.018473540432751182
decision_type=2 2 2 2 2 2 2 2 2 2 2 2 2 2 2 2 2 2 2 2 2 2 2 2 2 2 2 2 2 2
left_child=-1 3 -3 5 -5 10 7 11 9 14 -2 12 13 -7 -8 -16 18 19 22 20 -18 -19 23 -12 -25 -24 28 -28 -27 -30
right_child=1 2 -4 4 -6 6 8 -9 -10 -11 16 -13 -14 -15 15 -17 17 21 -20 -21 -22 -23 25 24 -26 26 27 -29 29 -31
leaf_value=-0.005867504489205819 0.024317326697578908 0.032328607314097639 0.0028659521624543514 -0.029321712501525724 -0.0048211196187179315 0.00050878072500937482 0.0027559432487102948 -0.023658993153316141 -0.0020361237260871213 0.054081803160370992 -0.014113987398745559 0.023662333420062479 -0.021172692798320063 0.021805925234147081 0.040034527470312997 -0.007959655498863398 -0.0057164140643843958 -0.023419587221461764 -0.024060032386480308 0.036213218552065655 0.033317843875400294 0.0012889570054882861 0.0084750754375209816 0.042988971747223853 0.0017115765386623611 -0.036392630749061884 0.0062995291979587534 -0.018553180988119165 -0.0046437420039759205 -0.028846517956085893
leaf_weight=57.063542942050844 3.6481807315722099 3.0237838947214177 83.350451298989356 4.0546053177677122 13.441515468060969 25.57019407115877 5.435367004945876 5.7117008110508314 8.5562486574053747 2.527900952845811 5.5051212804392007 3.733248376287519 4.5044194222427896 4.474112009163945 4.0342117995023727 1.4940175004303453 4.7864493993110973 3.8919358700513831 7.2175252963788799 3.3388098925352097 2.7829777249135077 10.821226410567759 6.4475467056035987 3.3122487789951292 14.29651656700298 3.0062163025140789 13.83781883865595 4.010549619793891 10.037032097578047 5.6620774492621413
leaf_count=535 20 27 728 34 118 169 74 36 171 59 36 23 25 31 139 15 36 18 38 19 17 59 32 33 113 13 72 22 59 38
internal_value=-0.000207029 0.000978256 0.00389738 -0.000376301 -0.010499 0.000673885 0.00382022 -0.000718163 0.012876 0.0223332 -0.0013513 0.00270463 0.00043999 0.00368029 0.0150129 0.027064 -0.00229763 0.00425703 -0.00458774 0.0170761 0.00863493 -0.00524696 -0.00246203 0.00385744 0.00947595 -0.00585885 -0.00838715 0.000715096 -0.0170724 -0.0133728
internal_weight=329.578 272.514 86.3742 186.14 17.4961 168.644 66.0414 43.9937 22.0477 13.4915 102.602 38.282 34.5487 30.0443 10.9636 5.52823 98.9541 25.6214 73.3327 10.9082 7.56943 14.7132 66.1151 23.1139 17.6088 43.0012 36.5537 17.8484 18.7053 15.6991
internal_count=2809 2274 755 1519 152 1367 742 284 458 287 625 248 225 200 228 154 605 149 456 72 53 77 418 182 146 236 204 94 110 97
is_linear=0
shrinkage=0.05


Tree=145
num_leaves=31
num_cat=0
split_feature=3 0 0 0 0 0 3 0 0 3 0 3 0 3 3 0 3 0 0 3 0 2 3 0 0 0 1 0 0 3
split_gain=0.414222 0.941152 0.999485 1.24825 0.74869 1.3415 1.11282 1.10211 0.87943 0.921106 0.743805 0.883387 0.786212 0.73882 0.685232 0.684768 0.559057 0.695209 0.512752 0.873754 0.484817 0.448082 0.410455 0.329446 1.36044 0.529197 0.429746 0.312065 1.01348 0.752754
threshold=11.500000000000002 0.16935998946428302 0.22257384657859805 0.2284648343920708 0.067474525421857848 0.063061632215976729 10.500000000000002 0.069985084235668196 0.071710307151079192 7.5000000000000009 0.061601502820849426 5.5000000000000009 0.060366710647940643 1.5000000000000002 6.5000000000000009 0.23281815648078921 20.500000000000004 0.012910410296171905 0.073012433946132674 1.5000000000000002 0.011630491819232704 1.0000000180025095e-35 10.500000000000002 0.057538069784641273 0.053663928061723716 0.022184890694916252 1.0000000180025095e-35 0.063759762793779387 0.063921783119440093 1.5000000000000002
decision_type=2 2 2 2 2 2 2 2 2 2 2 2 2 2 2 2 2 2 2 2 2 2 2 2 2 2 2 2 2 2
left_child=1 4 22 -4 5 10 7 14 13 18 12 21 23 -9 -6 -5 17 20 19 -10 -2 -12 -3 24 25 -1 -25 -7 -29 -30
right_child=16 2 3 15 6 27 -8 8 9 -11 11 -13 -14 -15 -16 -17 -18 -19 -20 -21 -22 -23 -24 26 -26 -27 -28 28 29 -31
leaf_value=0.00094376161345061246 -0.044323320236339087 -0.012735475631176883 0.022845269774701284 -0.026396228326639772 0.023875850095561802 -0.020241441190991395 0.038690500548025059 -0.0010925492544237875 0.0038424426909361552 -0.020436310906836831 -0.0070795786876143661 0.031944483106743575 -0.022114122234684782 -0.040617124529299393 -0.0016805570481820357 -0.0019318494012408841 -0.0016328890678948688 0.0080924057590077529 -0.0046675780107938679 0.034945748512202446 -0.0025798499450530232 0.015730856555920419 -0.038887747687224639 0.026903888737964302 -0.029285915371609184 0.023174245620271441 -0.0026215422615088039 0.017950742106384081 -0.032178570488865542 -0.0068354728758689203
leaf_weight=126.95585470506921 1.0189793668687337 2.7289523333311108 3.5574022978544226 4.4728381261229497 9.2916985298506898 6.5072755119763341 2.6445751879364243 2.3690513167530325 5.995734571944924 3.2754062544554463 4.4795794519595784 4.156228829175233 3.7694732733070841 2.3603447675704956 3.6544684097170821 7.9340532692149282 29.322098464239389 56.307020856998861 4.6495364354923359 3.6219719275832176 2.1915573664009571 4.1451283181086183 3.3324557021260262 2.7462203009054056 3.7123089218512169 2.7347351945936671 2.2357647493481636 3.2417590357363251 3.7936019496992257 12.871610426343976
leaf_count=1000 19 34 25 24 66 42 35 20 36 28 23 27 30 23 28 57 314 604 30 22 41 26 22 25 24 21 20 23 40 97
internal_value=0.00109928 2.44012e-05 -0.00982806 -0.00326501 0.00101434 -0.000320828 0.00740934 0.00506041 -0.00168315 0.00347561 0.00145479 0.0130086 0.000416008 -0.0208185 0.0166617 -0.0107516 0.00401804 0.00680204 0.0089652 0.0155558 -0.0158286 0.00388336 -0.0271135 0.00102971 0.000558257 0.00141253 0.0136538 -0.0107359 -0.0076287 -0.0126045
internal_weight=330.078 241.238 22.0257 15.9643 219.212 181.35 37.8628 35.2182 22.272 17.5426 154.935 12.7809 142.154 4.7294 12.9462 12.4069 88.8397 59.5176 14.2672 9.61771 3.21054 8.62471 6.06141 138.385 133.403 129.691 4.98199 26.4142 19.907 16.6652
internal_count=2826 1848 162 106 1686 1398 288 253 159 116 1196 76 1120 43 94 81 978 664 88 58 60 49 56 1090 1045 1021 45 202 160 137
is_linear=0
shrinkage=0.05


Tree=146
num_leaves=31
num_cat=0
split_feature=0 0 1 3 0 0 0 3 0 0 0 0 0 0 0 0 3 0 0 0 1 0 0 3 2 0 0 0 0 2
split_gain=1.23836 0.559866 0.679419 0.310367 0.542767 0.249735 0.618525 0.22896 0.351721 1.07606 0.742431 0.718498 0.45492 0.50331 0.529097 0.73677 0.75506 2.49437 1.23054 4.43171 1.203 1.18475 0.763446 0.54458 1.06382 0.881349 0.543704 1.37568 2.21609 0.444333
threshold=0.0075713105034083137 0.010077058337628843 1.0000000180025095e-35 29.500000000000004 0.068917568773031249 0.010993865318596365 0.011424486991018059 8.5000000000000018 0.017367155291140083 0.018161195330321792 0.016331557184457782 0.015780820511281494 0.018745350651443008 0.019022217020392421 0.019975381903350357 0.061847647652029998 5.5000000000000009 0.063921783119440093 0.072235595434904112 0.2080323398113251 1.0000000180025095e-35 0.066251005977392211 0.07252297550439836 1.5000000000000002 1.0000000180025095e-35 0.055635821074247367 0.071710307151079192 0.070391923189163222 0.069628302007913603 1.0000000180025095e-35
decision_type=2 2 2 2 2 2 2 2 2 2 2 2 2 2 2 2 2 2 2 2 2 2 2 2 2 2 2 2 2 2
left_child=-1 2 -2 5 -5 -3 -7 8 10 -10 11 -8 -11 -14 29 23 20 -18 21 -20 22 -19 26 -16 -25 -26 27 28 -17 -15
right_child=1 3 -4 4 -6 6 7 -9 9 12 -12 -13 13 14 15 16 17 18 19 -21 -22 -23 -24 24 25 -27 -28 -29 -30 -31
leaf_value=0.031900854641722765 -0.030300302749074151 0.0088891261129313056 0.0036000398204127232 0.035621620302150263 -0.0003766144511747467 -0.024107170379017998 -0.002421146828387892 -0.0028726830157729429 0.019237007985379077 -0.015330744754269555 -0.013563055419185607 0.019954295884083841 0.019092618002863923 -0.017560061172338434 0.0011148855775407894 -0.0031951812535910337 0.048279433974740639 0.017299939130375641 0.059818469194858594 -0.0092380719707559154 -0.028026939992063078 -0.023972856276188077 -0.019065474590938727 0.0059015436306398923 0.014161827288442461 0.059119195439119698 0.016516647220195611 -0.034733132484511736 0.04214414942243034 0.0005886982741796135
leaf_weight=2.8118029790930441 3.6083021466620258 5.8711716802790752 2.5033841021358967 1.5685833590105165 3.1496621021069586 3.0016416599974027 32.030564578715712 132.46288336487487 7.8213021489791563 4.5964812953025094 13.767425897996871 4.0403090207837513 3.6069478746503583 7.2692869077436608 12.795913954731079 26.370489620603625 3.0481434389948872 2.3173780422657746 3.282025093212722 7.9531962350010872 5.0163250081241122 6.963834760710597 5.7634640424512318 9.2868311554193479 2.2622467391192904 2.1040795892477036 4.6342436517588785 2.886920314282178 3.0019106157124034 6.2913229656405747
leaf_count=30 26 57 32 29 36 20 210 1402 73 44 82 34 23 44 103 171 20 28 39 42 27 53 32 40 23 20 31 19 25 39
internal_value=-0.00114024 -0.00142239 -0.0164145 -0.00113885 0.011591 -0.00132747 -0.00151937 -0.00130035 -0.000124392 0.00126993 -0.00368507 8.5133e-05 9.34936e-05 0.000710772 0.000114783 0.00139952 -0.00124634 0.00607538 -0.000194917 0.0109347 -0.00486541 -0.0136677 -0.00214169 0.00852588 0.0154716 0.0358262 0.000502116 -0.00179847 0.00143858 -0.00914011
internal_weight=332.088 329.276 6.11169 323.165 4.71825 318.446 312.575 309.574 177.111 127.272 49.8383 36.0709 119.451 114.855 111.248 97.687 71.2379 23.5646 20.5164 11.2352 47.6734 9.28121 42.657 26.4491 13.6532 4.36633 36.8936 32.2593 29.3724 13.5606
internal_count=2854 2824 58 2766 65 2701 2644 2624 1222 896 326 244 823 779 756 673 487 182 162 81 305 81 278 186 83 43 246 215 196 83
is_linear=0
shrinkage=0.05


Tree=147
num_leaves=31
num_cat=0
split_feature=0 2 0 0 0 0 0 0 3 3 0 0 0 3 0 1 0 0 0 3 3 0 0 3 3 3 0 0 0 0
split_gain=0.698231 0.347836 0.465757 0.49688 2.5074 1.0664 1.12988 1.10581 0.494495 1.00515 0.792583 0.973104 0.798542 0.758235 0.85878 1.34065 0.768547 0.805059 0.805223 0.509936 1.20049 0.469842 1.21369 0.85552 1.1092 0.990764 0.891637 0.439836 1.03129 0.665375
threshold=0.0075713105034083137 1.0000000180025095e-35 0.010155373718589546 0.072267085313797011 0.071224898099899306 0.22931337356567386 0.25223581492900854 0.26608741283416754 2.5000000000000004 10.500000000000002 0.069628302007913603 0.064849406480789198 0.067474525421857848 9.5000000000000018 0.062229327857494361 1.0000000180025095e-35 0.014553235843777658 0.015223377849906685 0.019912107847630981 4.5000000000000009 6.5000000000000009 0.021257515996694568 0.061933303251862533 11.500000000000002 13.500000000000002 15.500000000000002 0.01505062496289611 0.013884788379073145 0.011630491819232704 0.016331557184457782
decision_type=2 2 2 2 2 2 2 2 2 2 2 2 2 2 2 2 2 2 2 2 2 2 2 2 2 2 2 2 2 2
left_child=-1 -2 -3 4 8 -5 -7 -8 10 13 11 27 -13 14 15 -10 -17 -18 -19 -16 -21 23 -23 -11 26 -26 -25 28 -4 -29
right_child=1 2 3 5 -6 6 7 -9 9 21 -12 12 -14 -15 19 16 17 18 -20 20 -22 22 -24 24 25 -27 -28 29 -30 -31
leaf_value=0.028122629459181023 0.00022487942058088103 -0.010634917124358691 0.0069160814457264012 -0.0071217406172579103 0.064495791047711012 0.052978036428833752 -0.027925450192346869 0.023689369574626709 -0.036659115738412434 0.051824148277650341 0.026588533395517241 -0.030640386972969981 -0.00099712974059217572 0.052264501359759685 0.058066060361857574 0.053473051186715942 -0.030319587991534405 0.051578787622222455 0.0030221672009481081 -0.0094436498843886944 0.053362237916677324 -0.034093732105908908 0.0044625907750689376 -0.065613737574210615 0.054702906679874701 0.0028575442404805873 0.003870412905565385 0.020555101252490052 -0.022166668387922417 0.0032417445706568447
leaf_weight=2.4964794139377764 193.25462512066588 5.5468892990611485 7.7544998805969936 21.101286389399323 1.7863699663430441 1.5862932987511147 1.6925468146800993 2.6820688862353563 1.5062481947243176 1.1637834524735833 3.1619685487821689 4.0622339001856727 5.1548082092776895 1.6103909080848104 1.4117339402437208 1.1175311924889682 1.0940092019736765 1.2383011113852265 2.7497659996151924 1.5339607298374178 1.5096249310299752 2.5667678210884324 9.9655555216595513 0.83211946301162232 1.3419083720073102 2.9412475996650755 1.0371555145829914 6.6692053372971705 5.0226322277449071 33.049374340567738
leaf_count=27 1226 50 48 220 24 41 18 38 14 48 19 27 27 72 14 33 10 51 35 23 35 31 228 21 28 87 37 44 32 209
internal_value=0.00178056 0.00157893 0.00354804 0.00416583 0.00578831 -0.00184641 0.016828 0.0037195 0.00472355 0.00964488 0.00217316 0.000922194 -0.0140618 0.020024 0.0157547 0.00565161 0.0159314 0.00767608 0.0180991 0.0332287 0.0217082 0.00244352 -0.0034342 0.0125118 0.00507552 0.0191006 -0.0270609 0.00355304 -0.00451621 0.00614886
internal_weight=328.641 326.145 132.89 127.343 100.281 27.0622 5.96091 4.37462 98.4948 33.6201 64.8747 61.7128 9.21704 13.7716 12.1612 7.70586 6.19961 5.08208 3.98807 4.45532 3.04359 19.8485 12.5323 7.31621 6.15243 4.28316 1.86927 52.4957 12.7771 39.7186
internal_count=2817 2790 1564 1514 1197 317 97 56 1173 767 406 387 54 287 215 143 129 96 86 72 58 480 259 221 173 115 58 333 80 253
is_linear=0
shrinkage=0.05


Tree=148
num_leaves=31
num_cat=0
split_feature=0 0 3 3 0 3 2 3 0 0 0 0 1 0 3 0 0 3 0 0 1 0 3 0 0 0 0 0 0 0
split_gain=0.600484 0.637277 0.673864 0.775771 1.0005 0.960458 0.930124 0.775203 0.779113 0.865982 0.607247 1.48236 0.539649 0.43401 1.0259 0.507014 1.26422 0.638628 0.422396 0.469114 0.411101 0.742598 1.44853 1.15629 0.38172 0.931901 0.797911 0.652312 1.87495 2.00832
threshold=0.44440254569053655 0.066251005977392211 9.5000000000000018 12.500000000000002 0.011762528680264952 13.500000000000002 1.0000000180025095e-35 11.500000000000002 0.021257515996694568 0.01505062496289611 0.022047972306609157 0.018745350651443008 1.0000000180025095e-35 0.067474525421857848 9.5000000000000018 0.068705819547176375 0.069074306637048735 15.500000000000002 0.017922886647284034 0.057193430140614517 1.0000000180025095e-35 0.069628302007913603 12.500000000000002 0.06985278427600862 0.013045935891568662 0.010993865318596365 0.015567715279757978 0.017524979077279571 0.018593068234622482 0.019975381903350357
decision_type=2 2 2 2 2 2 2 2 2 2 2 2 2 2 2 2 2 2 2 2 2 2 2 2 2 2 2 2 2 2
left_child=1 2 12 4 -4 18 10 8 9 -8 11 -6 -1 14 -3 17 -17 -15 -5 -20 -18 22 -22 -23 25 -14 -26 -28 -29 -30
right_child=-2 13 3 5 6 -7 7 -9 -10 -11 -12 -13 24 15 -16 16 20 -19 19 -21 21 23 -24 -25 26 -27 27 28 29 -31
leaf_value=0.00049157988629078655 0.022377584233597606 -0.027945156069763319 -0.051106156150677075 -0.00033236994897020342 -0.020749341132438516 -0.003599283906902024 -0.019021873162879302 0.051610160417732448 -0.015421924602146867 0.051354381942166176 -0.025321613812101847 0.016065983637160157 0.015909018485319722 0.027206403965451265 0.014051244499884825 -0.031580357899617446 -0.0093930583657339597 -0.01310330838773022 0.038680220603681106 0.0091092165832946138 0.043292211537017511 -0.036605620569466139 -0.0059378517165194038 -0.0014912622756706366 0.023386912004176554 -0.033294610148230458 -0.007605314399537451 0.047977138695040979 -0.033731782203077161 0.010329659340571271
leaf_weight=110.49973281333223 2.763612274080514 5.1002518227323881 1.4338445262983466 2.6028023753315201 7.0820836797356659 26.497913129162043 0.68132549431174894 0.92295702639967192 2.7753971740603447 1.2195189809426663 6.8597000539302817 4.4537377655506134 1.9860096033662551 2.8781111431308082 2.0341790532693267 3.9784555318765333 19.280406991485506 1.4919184260070322 2.7413166929036379 2.6258770748972893 2.6509733237326136 2.4236128944903603 3.4242105856537819 71.751602767966688 7.3705592346377662 1.8669172832742331 7.6416587084531811 2.7556321416050222 3.0063266027718809 18.504365126602352
leaf_count=759 16 37 36 34 39 274 32 36 44 62 34 31 24 30 35 36 124 29 36 20 27 24 26 690 56 19 59 30 21 134
internal_value=-0.000831786 -0.00102702 0.00058915 -0.00390935 -0.0105343 0.00097818 -0.00810987 0.00973346 0.00146819 0.0261292 -0.013541 -0.00653572 0.00234299 -0.0040275 -0.0159711 -0.00323763 -0.00394194 0.0134448 0.0161969 0.0242127 -0.00283717 -0.0012621 0.0155442 -0.00263859 0.00708617 -0.00793236 0.00855938 0.0051343 0.00914611 0.00417165
internal_weight=331.305 328.541 213.528 59.8965 25.4286 34.4679 23.9947 5.5992 4.67624 1.90084 18.3955 11.5358 153.631 115.014 7.13443 107.879 103.509 4.37003 7.97 5.36719 99.5308 80.2504 6.07518 74.1752 43.1315 3.85293 39.2785 31.908 24.2663 21.5107
internal_count=2854 2838 1780 678 314 364 278 174 138 94 104 70 1102 1058 72 986 927 59 90 56 891 767 53 714 343 43 300 244 185 155
is_linear=0
shrinkage=0.05


Tree=149
num_leaves=31
num_cat=0
split_feature=0 0 3 0 0 0 3 0 2 0 0 3 0 3 0 0 0 0 0 2 0 0 0 0 0 0 0 3 0 2
split_gain=0.371183 0.593068 1.00926 0.50105 0.667314 0.3853 0.973698 0.23666 1.01779 0.553419 1.30086 0.479723 0.413862 0.325304 1.22307 0.683194 1.26929 0.636962 0.9009 1.22982 0.444448 0.386308 0.811026 0.766516 0.383634 0.319983 0.316146 0.309103 0.283383 0.443813
threshold=0.24623500555753711 0.25223581492900854 8.5000000000000018 0.23922593146562579 0.22997444868087771 0.42452575266361242 18.500000000000004 0.012910410296171905 1.0000000180025095e-35 0.011424486991018059 0.010400011669844391 1.5000000000000002 0.011762528680264952 1.5000000000000002 0.014469849877059461 0.01841287408024073 0.020260396413505081 0.069628302007913603 0.07252297550439836 1.0000000180025095e-35 0.064849406480789198 0.061963930726051338 0.060366710647940643 0.057193430140614517 0.017805567942559723 0.0089109009131789225 0.063629876822233214 9.5000000000000018 0.019727492704987529 1.0000000180025095e-35
decision_type=2 2 2 2 2 2 2 2 2 2 2 2 2 2 2 2 2 2 2 2 2 2 2 2 2 2 2 2 2 2
left_child=3 -2 -3 4 7 6 -4 8 11 10 25 -1 -11 14 -9 24 28 20 19 -19 21 22 23 -18 -16 -10 -23 -13 29 -17
right_child=1 2 5 -5 -6 -7 -8 13 9 12 -12 27 -14 -15 15 16 17 18 -20 -21 -22 26 -24 -25 -26 -27 -28 -29 -30 -31
leaf_value=-0.031529088512150881 0.028521666080971255 -0.023245273387043679 0.034675391103351598 -0.017809335453420921 0.024991519289307498 -0.001239297630093515 -0.0038896208908852066 0.028417626630097337 0.011000316682590865 -0.022924638674482946 0.037572069848049873 0.0014323007540807552 0.0040915343213644689 -0.001527693940864424 -0.0039188417117374322 0.023860675707512529 -0.0082371260315061683 -0.0017498092879385649 -0.011162383079477138 0.037827331946977835 -0.015055473337452139 0.00076226411490372859 -0.029403363795516269 0.023532537203021807 -0.022367900292512857 -0.0075272756937380426 0.023484682117107195 -0.021083506498474815 0.027264024694701395 0.0002087728003337406
leaf_weight=3.9885195693932491 2.6135648228228119 2.9883956313133231 3.6218557842075807 4.3525202339515081 2.5019948817789546 4.9145286604762077 2.9862109664827585 4.2367587373591951 3.6200884003192204 3.2733050645329049 2.7985282302834085 3.2162105068564415 2.5004621092230082 203.49170126812533 16.867079552263025 3.889885295648126 6.4676661081612163 3.8031560732051712 3.7300288532860577 4.05654520355165 7.7458278574049464 4.31847218889743 2.862503624521195 2.6875532250851393 3.3829375742934635 6.5412622448056936 2.3714106534607708 2.897569939494133 4.7280209292657673 4.046764463186264
leaf_count=38 19 15 36 54 29 28 28 36 37 27 30 17 66 1773 119 33 51 38 23 24 59 33 20 20 27 58 22 29 35 26
internal_value=-0.000572227 0.00659641 0.00264747 -0.000962713 -0.000726199 0.00936278 0.0172477 -0.000935438 -0.0052475 0.00165062 0.0073867 -0.0180393 -0.0112247 -0.000489264 0.00232093 0.000762751 0.00386315 -0.000701131 0.00907333 0.0186767 -0.0049835 -0.000813232 -0.00617399 0.00108899 -0.00700091 -0.000926625 0.00881684 -0.00923886 0.0175737 0.011801
internal_weight=331.501 17.1246 14.511 314.377 310.024 11.5226 6.60807 307.522 28.8359 18.7336 12.9599 10.1023 5.77377 278.686 75.1946 70.9579 50.7078 38.0432 11.5897 7.8597 26.4534 18.7076 12.0177 9.15522 20.25 10.1614 6.68988 6.11378 12.6647 7.93665
internal_count=2850 126 107 2724 2670 92 64 2641 302 218 125 84 93 2339 566 530 384 290 85 62 205 146 91 71 146 95 55 46 94 59
is_linear=0
shrinkage=0.05


Tree=150
num_leaves=31
num_cat=0
split_feature=0 0 0 0 0 3 3 0 0 3 1 0 0 3 0 0 0 3 0 0 0 0 0 0 0 0 0 0 3 0
split_gain=0.976938 1.0048 1.37248 0.860071 0.804826 0.8107 0.664031 0.642754 0.642645 1.1437 0.822966 0.936854 0.820209 0.64268 0.787309 0.77108 0.889549 1.06981 0.518901 0.491496 0.420487 0.413362 0.401025 0.383164 0.377908 0.411758 0.375425 0.610837 0.42012 0.943304
threshold=0.018871597945690158 0.020127423107624057 0.019912107847630981 0.019773335196077827 0.017963821999728683 16.500000000000004 10.500000000000002 0.018389097414910797 0.074742767959833159 26.500000000000004 1.0000000180025095e-35 0.073063034564256682 0.19420886039733889 10.500000000000002 0.20603106915950778 0.21070312708616259 0.22666641324758532 15.500000000000002 0.019646776840090755 0.0087095452472567576 0.0094179278239607828 0.020512533374130729 0.07252297550439836 0.22346362471580508 0.010155373718589546 0.010993865318596365 0.071710307151079192 0.069985084235668196 1.5000000000000002 0.061963930726051338
decision_type=2 2 2 2 2 2 2 2 2 2 2 2 2 2 2 2 2 2 2 2 2 2 2 2 2 2 2 2 2 2
left_child=4 2 3 18 5 19 7 -6 10 12 22 21 -10 -14 -15 -16 17 -17 -2 -1 -21 -12 26 -11 -22 -26 27 28 29 -3
right_child=1 8 -4 -5 6 -7 -8 -9 9 23 11 -13 13 14 15 16 -18 -19 -20 20 24 -23 -24 -25 25 -27 -28 -29 -30 -31
leaf_value=-0.014646699522186885 -0.002427833362935014 -0.0078382908409281547 -0.029860762004285016 0.024442005693733657 0.045040528847862499 0.01708065303348549 -0.0043366768465009659 0.014446756467171749 0.027528389576513174 0.01384516970330717 0.015110432224112451 -0.038041275309519965 0.0095149037185919411 -0.029735118216439788 0.02483922549257598 -0.00031911211249920887 0.0020827639584431019 -0.040635810167499842 -0.025821268154287536 0.019883242022057247 -0.014874330105407625 -0.0041965791890106107 -0.0094327730215620926 0.03978107471538822 0.018488536296498371 0.0022789554540068703 0.019190494630889815 -0.01832652995299406 0.011834107475462171 0.010129402066509483
leaf_weight=4.0436360733583561 10.758744444698101 13.995751106645914 6.5238991174846879 2.4722520448267451 2.8589492295868677 10.480242853052912 2.2760183410719037 4.297346783336252 3.1253633094020179 2.946721836924552 2.8735457304865113 2.0134337730705729 15.163506670854984 2.5357207916677025 2.6853502281010178 3.5234970506280687 19.462839484214783 3.0870054252445698 3.0403658482246092 3.6138526890426865 3.0292869363911441 78.683535854332149 5.4620005912147453 2.7558287736028433 4.1315240883268407 75.722843032795936 4.1740552387200287 2.9897886668331912 14.982624452561138 15.279663002584128
leaf_count=41 94 103 38 19 36 124 23 35 53 20 23 23 120 22 24 23 172 20 17 35 21 755 28 30 47 628 28 23 85 122
internal_value=0.00138701 -0.000550042 -0.010485 -0.00271641 0.00521952 0.00391536 0.0191873 0.026669 0.000606951 0.00517338 -0.00119049 -0.00434812 0.00273453 0.00106657 -0.00302702 -0.000672104 -0.00329957 -0.0191464 -0.00758212 0.00239146 0.00318797 -0.00351632 0.00344852 0.026379 0.00246003 0.00311761 0.00481676 0.00354693 0.00502456 0.00153955
internal_weight=328.989 218.535 22.7953 16.2714 110.454 101.021 9.43231 7.1563 195.74 55.2858 140.454 83.5705 49.5833 46.4579 31.2944 28.7587 26.0733 6.6105 13.7991 90.5411 86.4975 81.5571 56.8839 5.70255 82.8837 79.8544 51.4219 47.2478 44.258 29.2754
internal_count=2832 1842 168 130 990 896 94 71 1674 484 1190 801 434 381 261 239 215 43 111 772 731 778 389 50 696 675 361 333 310 225
is_linear=0
shrinkage=0.05


Tree=151
num_leaves=31
num_cat=0
split_feature=0 0 0 3 0 0 3 0 0 3 0 0 3 0 0 0 0 0 0 3 0 0 0 0 3 3 3 0 0 0
split_gain=0.571102 0.762293 0.650365 0.561608 0.550572 0.505484 1.5537 0.641838 0.483259 1.12209 0.440531 0.418332 1.04159 0.677797 0.921064 1.12054 1.03098 0.880056 0.925799 0.558417 0.523446 0.411835 0.68481 0.457142 0.410352 1.71417 0.786251 0.348234 0.582333 0.346339
threshold=0.057538069784641273 0.015112442430108787 0.060366710647940643 23.000000000000004 0.061115605756640441 0.062041370198130615 1.5000000000000002 0.063774496316909804 0.063483141362667098 8.5000000000000018 0.42452575266361242 0.26608741283416754 17.500000000000004 0.25223581492900854 0.24623500555753711 0.24318701773881915 0.22931337356567386 0.2080323398113251 0.21592056751251223 6.5000000000000009 0.23922593146562579 0.069201733916997923 0.06465895846486093 0.069691803306341185 10.500000000000002 12.500000000000002 18.500000000000004 0.070977650582790389 0.07298659905791284 0.063992727547884001
decision_type=2 2 2 2 2 2 2 2 2 2 2 2 2 2 2 2 2 2 2 2 2 2 2 2 2 2 2 2 2 2
left_child=1 3 -2 -1 -4 6 -6 8 9 -7 11 13 -13 14 15 16 17 19 -19 21 -18 22 -9 -23 -20 -26 -27 -25 -29 -21
right_child=2 -3 4 -5 5 7 -8 10 -10 -11 -12 12 -14 -15 -16 -17 20 18 24 29 -22 23 -24 27 25 26 -28 28 -30 -31
leaf_value=-0.00029901592648188201 0.014627491601233271 -0.0065058732280726872 -0.017708339026032988 0.025538876337920409 -0.015897549110383422 0.0088626796632219895 0.028650961689152245 -0.015827828733313846 -0.023946009847063524 -0.020695261262642966 -0.013588541492182138 0.036930965588152995 -0.0036877568661796826 -0.021129015553403151 0.029960896213056518 -0.033695796077295968 0.033978231176722551 -0.03443306647166347 -0.016882206907758959 0.018518565084980444 0.0011607233684195481 -0.025085661466746387 0.0084384873156784414 0.008362810572715389 0.032245252012723595 -0.028327293928416725 0.0030323648431490129 -0.015003854330327743 0.0055369862946388218 0.0045436899576057925
leaf_weight=61.16395073197782 7.7919239755719891 94.079726614058018 4.349359741434454 2.1779845501296213 3.0975969652645272 7.0502149006351846 5.3163916543126106 3.631840797141197 4.2995381737127891 5.8960997629910707 5.1041580326855174 2.7731793969869605 3.6629331652075052 3.4446621946990481 2.7516187801957122 2.3216250799596301 3.5452641230076543 3.1020404491573599 4.7454874999821177 4.914298170246183 1.8486597156152127 2.8913216628134277 14.575229339767246 4.5298824198544052 3.1023501232266417 3.7271850481629354 4.3100964725017548 9.4114301088266057 5.4476848812773815 45.314636304043233
leaf_count=568 63 757 26 27 18 46 37 26 31 40 29 29 27 25 20 19 41 26 34 32 32 16 106 39 24 20 31 60 34 551
internal_value=-0.00147194 -0.00365094 0.000511346 0.000589409 -0.000154607 0.000320145 0.0122505 -0.000338522 -0.00942223 -0.0045988 0.000820559 0.00138608 0.013814 0.00073901 0.00136585 0.00069575 0.00138946 0.000340151 -0.00944861 0.00238896 0.0227307 -0.00198045 0.00359798 -0.00653905 -0.00456966 0.000675496 -0.0115103 -0.00377335 -0.00747312 0.00591096
internal_weight=330.378 157.422 172.957 63.3419 165.165 160.815 8.41399 152.401 17.2459 12.9463 135.156 130.051 6.43611 123.615 120.171 117.419 115.097 109.703 18.9872 90.7163 5.39392 40.4874 18.2071 22.2803 15.8851 11.1396 8.03728 19.389 14.8591 50.2289
internal_count=2834 1352 1482 595 1419 1393 55 1338 117 86 1221 1192 56 1136 1111 1091 1072 999 135 864 73 281 132 149 109 75 51 133 94 583
is_linear=0
shrinkage=0.05


Tree=152
num_leaves=31
num_cat=0
split_feature=3 3 0 0 0 0 0 2 0 3 0 0 0 0 0 0 0 0 3 0 0 0 3 3 0 0 0 0 0 0
split_gain=0.228258 0.772295 1.11985 0.611363 0.585678 1.46045 0.646482 0.497243 0.932551 0.592992 0.464417 0.449801 1.28025 1.38251 1.33668 0.781254 0.656845 0.538646 0.371711 0.343746 0.986338 1.44782 0.726755 0.658 1.01893 0.513223 0.980093 0.772121 0.564237 0.485632
threshold=8.5000000000000018 7.5000000000000009 0.22997444868087771 0.010714577510952951 0.020512533374130729 0.066251005977392211 0.074742767959833159 1.0000000180025095e-35 0.072381693869829192 6.5000000000000009 0.0089109009131789225 0.012367851100862028 0.015567715279757978 0.014843435958027841 0.013884788379073145 0.017082292586565021 0.010714577510952951 0.017743511125445369 1.5000000000000002 0.057193430140614517 0.020615364424884323 0.019912107847630981 17.500000000000004 19.500000000000004 0.064088813960552229 0.073012433946132674 0.20603106915950778 0.22382622212171557 0.28557106852531439 0.063968017697334303
decision_type=2 2 2 2 2 2 2 2 2 2 2 2 2 2 2 2 2 2 2 2 2 2 2 2 2 2 2 2 2 2
left_child=1 2 7 -2 -3 -6 -7 8 9 11 -9 16 13 14 -13 18 -1 -17 -14 20 21 22 -5 29 -25 -26 -27 -28 -29 -21
right_child=3 4 -4 19 5 6 -8 10 -10 -11 -12 12 15 -15 -16 17 -18 -19 -20 23 -22 -23 -24 24 25 26 27 28 -30 -31
leaf_value=0.0043613526283818593 -0.030676402808041171 0.00083407632832555338 -0.027048133664704984 0.0080323137693672393 0.059775347605731867 -0.013563141584072508 0.024022056290491159 0.017723425816278209 0.026214650717692713 0.014971453121812046 -0.0023215614634916411 0.024709031861439655 -0.025999438759630279 0.04739325063486248 -0.019092153847153633 0.020744698155213986 -0.027765982897578506 0.00017109409258500707 -0.0039377638203414531 -0.012067841498442157 0.0228154792960364 -0.029246767338347121 -0.0087824272065034261 0.037422263026654835 -0.0089124952427360304 0.026961450287200473 -0.020133736730158176 0.020674148667260518 -0.0059393072601935555 -0.0026965809043787278
leaf_weight=3.18601184291765 1.7678173584863532 5.0661181970499438 3.6420192793011656 22.66444885451347 1.9502287153154609 1.9657886438071726 2.7371042761951685 2.9899315591901532 4.360363842919468 8.5030064955353719 86.104669794905931 4.2509142868220788 4.0349369640462092 2.9515536171384156 2.9509060001000762 3.4232725310139349 3.1777506531216204 45.033030638936907 3.6241858154535294 19.106953345239162 5.3290588222444049 3.8400417640805236 8.9691496486775559 2.0987366866320398 8.3688379330560583 4.2421861700713626 3.6579086352139694 4.0583414845168591 3.9107391536235809 50.004690452013165
leaf_count=25 36 50 17 322 21 16 29 22 24 42 621 27 29 17 23 30 18 304 16 131 61 33 97 24 103 48 29 58 25 526
internal_value=8.57539e-05 0.00121013 0.000392618 -0.0014617 0.0136434 0.0233972 0.00831161 0.000965042 0.00368898 0.00247841 -0.00164887 0.00101586 0.00223518 0.0185732 0.00676174 -0.000720972 -0.0116815 0.00162455 -0.0155602 -0.00108265 0.00275848 -0.000254604 0.00326479 -0.00272467 0.00400034 0.00110638 0.00638999 -0.00111565 0.00761389 -0.00528741
internal_weight=327.971 189.952 178.233 138.019 11.7192 6.65312 4.70289 174.591 85.4959 81.1356 89.0946 72.6326 66.2688 10.1534 7.20182 56.1154 6.36376 48.4563 7.65912 136.251 40.8027 35.4736 31.6336 95.4484 26.3368 24.238 15.8692 11.627 7.96908 69.1116
internal_count=2824 1331 1215 1493 116 66 45 1198 555 531 643 489 446 67 50 379 43 334 45 1457 513 452 419 944 287 263 160 112 83 657
is_linear=0
shrinkage=0.05


Tree=153
num_leaves=31
num_cat=0
split_feature=0 0 0 3 0 0 3 3 0 3 3 0 0 3 0 0 0 0 0 0 0 3 0 0 0 2 0 3 0 0
split_gain=0.756972 1.49068 2.08774 2.04622 0.908439 0.684134 0.49431 0.417122 0.359793 1.17321 0.522021 0.68022 1.62822 0.920142 0.542779 1.02347 0.882566 0.455899 0.451599 1.62169 1.42326 1.04037 0.741394 0.591311 0.431223 0.52503 0.366244 0.395007 0.345494 0.328522
threshold=0.42452575266361242 0.26472581923007971 0.27557592093944555 1.0000000180025095e-35 0.23922593146562579 0.0089109009131789225 29.500000000000004 10.500000000000002 0.22257384657859805 28.000000000000004 12.500000000000002 0.073063034564256682 0.07252297550439836 16.500000000000004 0.06985278427600862 0.067927919328212752 0.070647068321704878 0.2080323398113251 0.062838669866323485 0.063921783119440093 0.06072052754461766 16.500000000000004 0.020615364424884323 0.019347880966961387 0.13744717091321948 1.0000000180025095e-35 0.22382622212171557 8.5000000000000018 0.16935998946428302 0.014962770044803621
decision_type=2 2 2 2 2 2 2 2 2 2 2 2 2 2 2 2 2 2 2 2 2 2 2 2 2 2 2 2 2 2
left_child=1 3 -3 -1 5 -5 8 -6 9 10 17 12 14 -13 15 18 -16 24 20 -20 22 -21 23 -12 29 -26 -10 -28 -11 -7
right_child=-2 2 -4 4 7 6 -8 -9 26 28 11 13 -14 -15 16 -17 -18 -19 19 21 -22 -23 -24 -25 25 -27 27 -29 -30 -31
leaf_value=-0.050362721120704994 -0.018005943337633449 0.061574867331082431 0.0041280150233213931 0.020117242145303291 -0.027045156259475036 -0.0041152842296929733 0.017646680369289718 -0.0054925620732333555 0.024274859426355214 -0.03327277143788316 0.0087115786440139561 0.00091436404031992576 -0.042201575140885711 0.054905373289014771 0.055729918005471016 -0.017068459313793215 0.0082407136600932268 -0.017328591335875564 0.063216793615501227 0.029630020764198763 -0.026850775115057381 -0.024062870386915701 0.026837690448427584 -0.012447975986580711 0.00087317938272414423 0.033489692572844745 0.022204953102072239 0.00098227322508836579 -0.0087286171402127157 0.00079976125022685309
leaf_weight=1.9547191616147745 5.2462684176862231 2.4161492995917788 4.5785702336579561 4.8147145658731452 3.8583425655961019 42.331344538833946 4.4573252080008379 5.3686093762516975 2.8136104270815876 3.0924021629616609 17.155389342922728 1.5715744365006679 1.8286128938198078 1.5850270977243779 1.3711600452661503 5.0214990433305493 3.4151530927047133 3.7854898348450652 1.5653058402240265 1.7712366702035072 3.1861330941319457 1.8387465868145225 4.5705672092735758 4.0886476356536141 2.9325937032699576 2.1299175694584846 2.6506492495536795 12.685685113072394 2.6732134073972702 172.69281061831862
leaf_count=283 29 27 37 43 24 294 64 63 22 31 227 19 14 28 22 47 52 33 12 39 19 31 30 41 19 45 13 99 18 1128
internal_value=0.000834836 0.00113972 0.0239716 0.000636257 0.000952472 0.00141852 0.00111964 -0.014505 0.000871399 0.000427036 0.000898696 0.00557495 0.00402809 0.0280249 0.00595007 0.00400916 0.0218452 -0.000124172 0.0071061 0.0207119 0.0046781 0.00228152 0.00856951 0.00463919 0.000171744 0.0145957 0.00769249 0.00465029 -0.0218929 -0.000167853
internal_weight=329.451 324.205 6.99472 317.21 315.256 306.029 301.214 9.22695 296.757 278.607 272.841 48.9691 45.8125 3.1566 43.9838 39.1975 4.78631 223.872 34.176 5.17529 29.0007 3.60998 25.8146 21.244 220.087 5.06251 18.1499 15.3363 5.76562 215.024
internal_count=2853 2824 64 2760 2477 2390 2347 87 2283 2149 2100 581 534 47 520 446 74 1519 399 82 317 70 298 268 1486 64 134 112 49 1422
is_linear=0
shrinkage=0.05


Tree=154
num_leaves=31
num_cat=0
split_feature=0 0 0 0 1 3 3 3 3 0 0 0 0 0 0 2 0 0 0 3 3 3 0 0 3 0 0 0 0 0
split_gain=1.00116 0.893621 0.77788 1.07102 1.17383 0.4624 0.832875 0.81103 0.519269 0.426541 0.924081 0.602308 0.935641 0.532391 0.488636 0.516476 0.507123 0.478597 0.59199 0.466489 0.421542 0.743524 0.391421 0.379809 0.352645 1.61472 0.630446 1.21857 0.865389 0.542631
threshold=0.019912107847630981 0.020066848956048492 0.01841287408024073 0.018871597945690158 1.0000000180025095e-35 18.500000000000004 23.000000000000004 16.500000000000004 9.5000000000000018 0.010993865318596365 0.014388924930244686 0.0075713105034083137 0.010077058337628843 0.015112442430108787 0.016441528685390953 1.0000000180025095e-35 0.016661843284964565 0.017230210825800899 0.017743511125445369 1.5000000000000002 5.5000000000000009 1.5000000000000002 0.019453601911664013 0.020260396413505081 7.5000000000000009 0.24318701773881915 0.061601502820849426 0.060366710647940643 0.061933303251862533 0.057193430140614517
decision_type=2 2 2 2 2 2 2 2 2 2 2 2 2 2 2 2 2 2 2 2 2 2 2 2 2 2 2 2 2 2
left_child=2 -2 5 4 -4 7 -7 8 9 11 -11 -1 -13 -12 20 16 -16 -18 -19 -17 21 -15 -5 -3 25 26 27 29 -28 -25
right_child=1 23 3 22 -6 6 -8 -9 -10 10 13 12 -14 14 15 19 17 18 -20 -21 -22 -23 -24 24 -26 -27 28 -29 -30 -31
leaf_value=0.034076941717358818 -0.028782725566653011 0.011694966277988798 0.065527665381871048 -0.0001505025577770748 0.008960404770581366 -0.029338523485718488 0.0097526923207663704 0.023350877062272162 -0.0065127522388393703 -0.0063759677466705012 0.017888983736458235 -0.0082475321829685675 0.02116932302144163 0.0018932510791574411 0.01966913042394729 0.0054412927859111369 -0.013048290064303941 0.01915201209408645 -0.0065495608278793513 0.032253251290673156 0.011817751309631929 -0.02744957020573335 0.015544931135872152 -0.011292258648509794 -0.00029384262245519101 -0.040135710971383805 0.020681414850924697 -0.041378361206297211 -0.0023263997552891518 0.0076463520797866395
leaf_weight=2.3985646059736601 3.1247224374674252 5.0549719142727545 1.8124137739650932 8.7713483017869311 1.8564853584393859 3.132837140467017 2.4113651281222701 4.4558060970157376 16.615669809281826 23.663240329828113 7.630232330877333 5.4354948149993998 5.3770876354537904 5.1491659102030081 3.6394275100901785 3.1059927046298972 5.3624676475301376 4.3229667339473945 4.6508079534396529 3.3960374938324094 2.8088764268904916 3.7175512760877609 7.2601329926401368 13.628667219076311 109.33516597189009 3.0764380544424048 4.3961574286222449 2.8011669986881307 58.109047775622457 5.2350717969238749
leaf_count=22 20 36 20 69 21 42 29 52 242 165 51 42 45 35 18 21 29 34 36 48 27 24 55 93 1089 14 22 19 395 37
internal_value=-8.57822e-05 -0.00224879 0.00340234 0.0125346 0.0369043 0.00172524 -0.0123364 0.00249159 0.00153609 0.00319417 0.00158494 0.0114097 0.00638144 0.00588749 0.00335455 0.00736916 0.00300106 -0.00123033 0.00583174 0.0194453 -0.00506201 -0.0104093 0.00695745 -0.0018376 -0.00218558 -0.00455626 -0.00325582 -0.010606 -0.000708199 -0.00603641
internal_weight=331.735 204.761 126.974 19.7004 3.6689 107.274 5.5442 101.729 97.2736 80.6579 67.4468 13.2111 10.8126 43.7835 36.1533 24.4777 17.9757 14.3362 8.97377 6.50203 11.6756 8.86672 16.0315 201.637 196.582 87.2465 84.1701 21.6649 62.5052 18.8637
internal_count=2852 1725 1127 165 41 962 71 891 839 597 488 109 87 323 272 186 117 99 70 69 86 59 124 1705 1669 580 566 149 417 130
is_linear=0
shrinkage=0.05


Tree=155
num_leaves=31
num_cat=0
split_feature=0 3 0 3 0 3 2 3 3 0 3 0 0 0 0 0 0 0 0 0 3 3 0 3 0 0 3 3 0 0
split_gain=0.722095 1.27882 0.91816 0.881963 0.726597 1.45902 1.0265 1.41355 0.867785 1.23366 0.784982 0.568943 0.724234 0.533022 0.884844 0.487815 0.614979 0.59628 0.566658 0.640568 0.789876 1.13978 0.742002 1.1154 1.60832 0.567771 0.520561 1.33542 1.21025 0.702969
threshold=0.072381693869829192 17.500000000000004 0.072238828986883177 18.500000000000004 0.073012433946132674 5.5000000000000009 1.0000000180025095e-35 9.5000000000000018 15.500000000000002 0.22931337356567386 9.5000000000000018 0.072047267109155669 0.070977650582790389 0.22346362471580508 0.22997444868087771 0.019646776840090755 0.019423980265855793 0.065406177192926421 0.062041370198130615 0.020066848956048492 1.5000000000000002 5.5000000000000009 0.021104273386299614 16.500000000000004 0.06072052754461766 0.021257515996694568 9.5000000000000018 13.500000000000002 0.069368168711662306 0.066251005977392211
decision_type=2 2 2 2 2 2 2 2 2 2 2 2 2 2 2 2 2 2 2 2 2 2 2 2 2 2 2 2 2 2
left_child=2 4 11 -3 -2 -6 10 -8 9 -9 -7 12 15 -12 -15 16 -1 18 19 -17 25 -22 -23 24 -24 -21 29 28 -28 -19
right_child=1 3 -4 -5 5 6 7 8 -10 -11 13 -13 -14 14 -16 17 -18 26 -20 20 21 22 23 -25 -26 -27 27 -29 -30 -31
leaf_value=0.001050195283136194 0.025017267016863388 -0.027570214187930844 -0.029553292993157461 -0.00081518325552350679 -0.023624078731810331 0.029311134092689241 -0.029871126070864708 0.0057729994401056438 -0.016013269553907271 0.054412975887563268 0.020544370357115607 0.021869357382475491 -0.021328719815755071 -0.016985452267805595 0.015022833428481595 -0.014649231500906489 0.027665564128667153 0.018451990253703796 -0.01081862770166326 0.0035229747777859748 0.018419543615438374 0.015804212326154178 -0.009405975399264287 -0.036171188442809053 0.037919558982102447 -0.017338721967725169 0.055501618915928821 -0.0006060931889170203 0.008103308507897318 -0.0059342383308482044
leaf_weight=117.66245101299137 6.3531447434797874 3.7159732282161739 2.8183610592968753 18.003263920545578 3.5841009104624382 7.6347357220947769 3.2556175738573065 5.6752498690038902 2.7397963553667068 1.6923520495183764 6.5418715402483931 2.7243846748024216 4.3495370843447736 3.6902860105037671 5.2038733139634132 8.6867518690414709 2.2111637517809859 3.3988842945545938 30.540829749312252 5.189370628912001 10.153344150632622 4.4159220438450602 10.188546281307934 2.769583571702241 2.1792101003229609 8.7789952843449992 2.4033563975244787 12.726049899123607 3.0633478239178658 22.63852298213169
leaf_count=1049 42 22 22 173 22 44 39 68 29 35 42 22 36 25 40 56 27 37 228 41 58 50 92 17 20 65 43 177 40 161
internal_value=4.15813e-05 0.00461953 -0.00117179 -0.00539274 0.00930908 0.00681528 0.00980969 -0.00121776 0.00801156 0.0169457 0.016197 -0.000856973 -0.0011033 0.00971068 0.00174224 -0.000747149 0.00154114 -0.00290478 -0.00540594 -0.0022489 0.000217469 0.0048283 -0.00222917 -0.00748993 -0.00106717 -0.00958842 0.00178326 0.00827254 0.0289413 -0.0027509
internal_weight=324.989 68.0903 256.899 21.7192 46.371 40.0179 36.4338 13.363 10.1074 7.3676 23.0708 254.08 251.356 15.436 8.89416 247.006 119.874 127.133 82.9026 52.3617 43.675 29.7066 19.5533 15.1373 12.3678 13.9684 44.2302 18.1928 5.4667 26.0374
internal_count=2822 581 2241 195 386 344 322 171 132 103 151 2219 2197 107 65 2161 1076 1085 627 399 343 237 179 129 112 106 458 260 83 198
is_linear=0
shrinkage=0.05


Tree=156
num_leaves=31
num_cat=0
split_feature=3 3 0 0 3 0 3 0 0 0 0 3 0 0 0 0 0 0 0 0 0 0 0 0 0 0 0 0 0 0
split_gain=1.81287 0.463848 0.691836 0.489956 0.381463 0.941513 1.16966 0.58163 0.824554 0.708319 0.61128 1.15077 0.584474 0.509015 1.25987 0.422996 2.65642 1.28078 1.09727 1.33076 0.744818 0.380059 0.369775 0.565164 0.6505 0.558555 0.825113 0.74763 0.870663 0.339648
threshold=1.0000000180025095e-35 1.5000000000000002 0.069591987878084197 0.44440254569053655 2.5000000000000004 0.0087095452472567576 3.5000000000000004 0.013030957430601122 0.012658710591495039 0.013045935891568662 0.01378528540953994 17.500000000000004 0.0093518267385661619 0.011630491819232704 0.012417749967426063 0.062144866213202483 0.066251005977392211 0.020396301522850994 0.017524979077279571 0.015223377849906685 0.013180983252823355 0.072047267109155669 0.063759762793779387 0.020260396413505081 0.019727492704987529 0.016661843284964565 0.014962770044803621 0.017724422737956051 0.01889823749661446 0.014388924930244686
decision_type=2 2 2 2 2 2 2 2 2 2 2 2 2 2 2 2 2 2 2 2 2 2 2 2 2 2 2 2 2 2
left_child=-1 2 22 4 15 -6 -7 8 12 -9 11 -11 -8 -14 -15 17 -17 18 19 20 -3 -4 23 24 25 26 -2 -27 -29 -12
right_child=1 3 21 -5 5 6 7 9 -10 10 29 -13 13 14 -16 16 -18 -19 -20 -21 -22 -23 -24 -25 -26 27 -28 28 -30 -31
leaf_value=-0.050343999185219458 0.0041009908151341482 0.0012303497590180255 -0.019562728604135483 0.020460412419792004 -0.032754262529394805 0.021020773435339073 0.032102866331610518 -0.029623765545454206 0.04047870837897774 0.057543761606836878 -0.016837438249248046 -0.0027005545309193011 -0.017351288216855654 0.052165920457645003 -0.014832330457716092 -0.044394335732921668 0.0055890881604969689 0.020805699813178476 -0.022935257868414535 0.021129607202011617 -0.023201215280572243 -0.00077431837043614906 0.015072399228330062 -0.0037276178490385776 0.023997596527290308 -0.01638532083066423 0.024648580124561597 0.018142479383833822 -0.0085029028456992169 -0.00098991625168965368
leaf_weight=1.785228450782596 18.334585130214695 7.5337868332862943 4.4545909166336042 2.6450860723853102 2.2042106650769702 6.4645889066159716 1.4770460426807384 2.1719724982976905 1.9482043208554385 1.2793829478323453 3.4494767030701032 2.0836986731737852 3.0414959080517292 1.1662320564500988 1.7615229180082679 4.3481968939304334 6.8391742408275604 4.9509784430265418 7.5812789052724829 5.180537372827529 5.3240506500005722 6.8009428083896637 8.2498297393321973 17.945740953087807 4.8679456561803809 6.0024303346872356 6.660678729414939 6.2867507487535459 5.9839863628149033 170.34982803696766
leaf_count=273 83 37 20 15 26 44 17 10 39 37 26 23 54 48 15 19 31 31 38 30 26 29 35 80 22 26 30 28 26 1608
internal_value=-9.51871e-05 0.000178817 0.00334219 -0.000940886 -0.00117759 -0.000259138 0.000107811 -0.000608527 0.0115189 -0.00124383 -0.000895896 0.0202176 0.00394204 -0.00302614 0.0118555 -0.00551926 -0.013838 -0.00247501 -0.00697399 -0.000265685 -0.00888604 -0.00821019 0.00509148 0.00384544 0.00666875 0.00471916 0.00957646 -0.00192499 0.00514851 -0.00130445
internal_weight=329.173 327.388 85.5875 241.801 239.156 197.398 195.193 188.729 9.3945 179.334 177.162 3.36308 7.4463 5.96925 2.92775 41.758 11.1874 30.5706 25.6197 18.0384 12.8578 11.2555 74.3319 66.0821 48.1364 43.2684 24.9953 18.2732 12.2707 173.799
internal_count=2826 2553 379 2174 2159 1947 1921 1877 173 1704 1694 60 134 117 63 212 50 162 131 93 63 49 330 295 215 193 113 80 54 1634
is_linear=0
shrinkage=0.05


Tree=157
num_leaves=31
num_cat=0
split_feature=0 0 0 0 0 0 0 0 0 0 0 0 0 0 0 0 0 0 0 0 0 0 2 3 0 0 0 0 0 0
split_gain=0.564961 0.561282 0.325242 1.61557 0.859934 0.791735 0.462178 0.467988 0.417317 0.710436 0.457328 0.359695 0.871407 0.490023 0.922776 0.84467 0.77387 0.568674 0.348591 0.558344 0.453704 0.35617 0.421632 0.570846 0.475647 0.33623 0.52322 0.482045 0.669073 0.347204
threshold=0.0087095452472567576 0.0093518267385661619 0.061963930726051338 0.06072052754461766 0.062144866213202483 0.02239526063203812 0.020678895525634292 0.020127423107624057 0.019912107847630981 0.020066848956048492 0.019773335196077827 0.019646776840090755 0.019423980265855793 0.018291921354830269 0.018745350651443008 0.019022217020392421 0.017963821999728683 0.017805567942559723 0.016608297824859623 0.016943091526627544 0.013688349630683662 0.017724422737956051 1.0000000180025095e-35 1.5000000000000002 0.017230210825800899 0.014962770044803621 0.016331557184457782 0.015780820511281494 0.016035764478147033 0.014469849877059461
decision_type=2 2 2 2 2 2 2 2 2 2 2 2 2 2 2 2 2 2 2 2 2 2 2 2 2 2 2 2 2 2
left_child=-1 -2 3 5 -4 6 7 8 10 -10 11 12 13 16 -15 -16 17 18 20 -20 -3 22 24 -24 -21 29 27 -27 -29 -22
right_child=1 2 4 -5 -6 -7 -8 -9 9 -11 -12 -13 -14 14 15 -17 -18 -19 19 21 25 -23 23 -25 -26 26 -28 28 -30 -31
leaf_value=-0.019834658774547084 0.024942016537780901 0.0016115942961858302 0.024030065933238715 -0.026466848885532891 0.00043321540441141286 0.0091270654766397522 -0.012484832744427301 0.010948176082640985 -0.029587124106014096 0.0022560149722848778 0.01841049234235383 -0.018409577939497563 0.02868304989250724 -0.026691182072203223 0.014153606552597418 -0.016567466914736161 0.025484197999686199 -0.024013091804684788 0.018523938812759395 -0.012854122646511743 -0.0047654377204570594 0.016041025295677153 -0.038848281544753858 0.0021034510324277559 0.01343076138366848 -0.0032876211535463815 -0.016568131201866315 -0.00043961152882513355 0.037372103343700634 -0.018619374624589777
leaf_weight=3.8015501657500854 2.162366395816206 34.527513224631548 3.9625897496007374 6.5584755046293131 150.56548182340339 16.786040392238647 10.427116350270806 7.0867216573096803 3.6039575156755737 3.4078989969566464 2.7994374888949087 3.2618731800466767 2.3315639304928473 5.5941300471313289 4.5944389631040377 4.3614391963928938 2.6979195191524914 2.7655141530558458 5.4764921348542002 2.9735102178528887 9.6993454587645846 2.6076302723959079 1.7606825111433866 1.6469903104007242 4.086426037363708 10.990992197766902 4.6753878733143202 2.7353315600194028 2.0443061771802604 8.4733634158037585
leaf_count=38 21 364 29 44 1345 128 93 64 22 19 20 16 27 46 36 38 39 22 33 16 70 21 11 31 34 99 30 22 25 55
internal_value=-0.000671323 -0.000446937 -0.000617169 -0.00214013 0.00103831 -0.00115171 -0.00234469 -0.00155683 -0.00225399 -0.0141107 -0.00156177 -0.0020384 -0.00157015 -0.00220158 -0.010759 -0.000807304 -0.00092009 -0.00167421 -0.00100049 0.00512093 -0.00255304 -0.000492849 -0.00461167 -0.0190556 0.00236007 -0.00627648 -0.00187807 0.00247697 0.0157329 -0.0112251
internal_weight=328.466 324.665 322.503 167.974 154.528 161.416 144.63 134.203 127.116 7.01186 120.104 117.305 114.043 111.711 14.55 8.95588 97.1614 94.4635 91.698 18.5517 73.1462 13.0752 10.4676 3.40767 7.05994 38.6187 20.446 15.7706 4.77964 18.1727
internal_count=2858 2820 2799 1425 1374 1381 1253 1160 1096 41 1055 1035 1019 992 120 74 872 833 811 146 665 113 92 42 50 301 176 146 47 125
is_linear=0
shrinkage=0.05


Tree=158
num_leaves=31
num_cat=0
split_feature=3 0 3 0 0 3 0 0 0 3 0 3 0 0 0 0 0 0 0 0 0 1 0 0 0 2 3 3 2 3
split_gain=0.693797 0.873657 0.587708 0.473023 0.850933 0.291785 0.486835 0.813838 0.735326 1.57264 1.14919 0.263009 0.246878 0.245382 0.514029 0.212111 0.777458 0.451475 0.764517 0.733096 0.552846 0.68701 2.21415 0.99168 0.825432 0.508144 0.60017 0.395583 0.369052 0.790409
threshold=18.500000000000004 0.22666641324758532 23.000000000000004 0.20603106915950778 0.13744717091321948 20.500000000000004 0.013319531921297314 0.020615364424884323 0.070586379617452635 26.500000000000004 0.069155588746070876 26.500000000000004 0.073012433946132674 0.015093456488102676 0.069074306637048735 0.010077058337628843 0.0093518267385661619 0.014724517706781627 0.014962770044803621 0.014388924930244686 0.014221488498151304 1.0000000180025095e-35 0.013884788379073145 0.013688349630683662 0.013030957430601122 1.0000000180025095e-35 11.500000000000002 9.5000000000000018 1.0000000180025095e-35 2.5000000000000004
decision_type=2 2 2 2 2 2 2 2 2 2 2 2 2 2 2 2 2 2 2 2 2 2 2 2 2 2 2 2 2 2
left_child=15 3 -3 4 5 13 -7 -8 9 -9 -11 -10 -13 -2 -15 16 28 19 -19 20 21 23 24 -17 25 -23 -27 -26 -1 -30
right_child=1 2 -4 -5 -6 6 7 8 11 10 -12 12 -14 14 -16 17 -18 18 -20 -21 -22 22 -24 -25 27 26 -28 -29 29 -31
leaf_value=-0.017746982397652822 0.0069470274896581133 0.036473738403381431 0.0078020530049165791 -0.011324667002284032 0.036948111570013945 0.034117781217750415 -0.022371427062210368 0.060764113916116629 -0.020476780671818601 -0.0073985648029181901 0.041719022976761971 -0.012362620953420025 0.018426583954153277 -0.03767893886242199 0.0020917591185013857 0.0021035032120835491 -0.034031416025893185 -0.023904892474072958 -0.0017841567626710128 0.023266277049163554 -0.021833086092533344 -0.013928213055802139 0.071922923776684536 -0.026891386492522325 0.036343984071480442 0.05134671425636949 -0.011368198237539881 0.0085073578101937664 0.030991107026276062 -0.012229177092939917
leaf_weight=2.0175734465010446 1.6985773295164204 3.4051301609724751 3.7617789730429649 5.4656926598399869 1.9151751091703761 1.3514722744002963 2.6487240660935631 1.660985279828308 2.1166641786694527 4.4191918363794684 1.6301203700713811 1.2837628973647954 1.3210364058613775 1.5246621407568457 1.7392831742763517 17.623828942887489 2.319236580748111 3.9710468999110153 238.32482786523178 4.2156071858480564 2.4218828827142707 5.305131154134866 1.3706311322748668 3.5415614834055296 2.1297826976515353 0.73495619697496273 0.7931844131089747 3.1847345707938075 2.0085460692644119 2.2348491139709949
leaf_count=16 13 35 46 42 19 32 23 14 13 49 25 20 21 22 21 120 24 25 1956 33 15 40 12 22 22 39 39 40 9 37
internal_value=-0.000750841 0.00580445 0.0214245 0.00191406 0.0050183 0.00216003 0.00536894 0.00279255 0.00815401 0.0176698 0.00583725 -0.00738562 0.00325227 -0.00846534 -0.016486 -0.00155719 -0.00930235 -0.00132287 -0.0021467 0.00350779 0.00126301 0.00287575 0.0116809 -0.00274815 0.00488385 -0.00661037 0.0187944 0.0196628 -0.000142013 0.00822848
internal_weight=328.14 35.9423 7.16691 28.7753 23.3097 21.3945 16.432 15.0805 12.4318 7.7103 6.04931 4.72146 2.6048 4.96252 3.26395 292.197 8.58021 283.617 242.296 41.3213 37.1057 34.6838 13.5184 21.1654 12.1478 6.83327 1.52814 5.31452 6.26097 4.2434
internal_count=2844 395 81 314 272 253 197 165 142 88 74 54 41 56 43 2449 86 2363 1981 382 349 334 192 142 180 118 78 62 62 46
is_linear=0
shrinkage=0.05


Tree=159
num_leaves=31
num_cat=0
split_feature=3 0 3 0 0 0 0 0 0 0 0 0 0 0 0 0 0 0 0 0 0 0 3 0 3 0 3 3 0 0
split_gain=0.4702 0.614156 0.538602 0.678759 1.38556 1.3132 0.574505 0.768708 0.526102 1.24041 1.1042 0.613842 1.32705 0.806327 0.729003 2.29202 0.813613 1.30787 1.13461 0.543594 1.46622 1.23557 1.31787 0.792667 0.791995 2.54662 0.505273 0.477637 0.454132 1.4241
threshold=6.5000000000000009 0.020097580738365654 11.500000000000002 0.24861386418342593 0.23281815648078921 0.2284648343920708 0.062229327857494361 0.060366710647940643 0.013016127515584232 0.010714577510952951 0.014388924930244686 0.014724517706781627 0.01505062496289611 0.016943091526627544 0.021257515996694568 0.062328308820724494 0.019912107847630981 0.018745350651443008 0.018291921354830269 0.069074306637048735 0.06465895846486093 0.072047267109155669 8.5000000000000018 0.063774496316909804 8.5000000000000018 0.20477086305618289 9.5000000000000018 10.500000000000002 0.067927919328212752 0.066159199923276915
decision_type=2 2 2 2 2 2 2 2 2 2 2 2 2 2 2 2 2 2 2 2 2 2 2 2 2 2 2 2 2 2
left_child=1 -1 3 4 5 8 7 -4 9 -2 -10 -12 -13 -14 16 26 17 18 -15 20 23 22 -21 -17 -23 -26 -16 -24 29 -8
right_child=2 -3 6 -5 -6 -7 28 -9 10 -11 11 12 13 14 15 19 -18 -19 -20 21 -22 24 27 -25 25 -27 -28 -29 -30 -31
leaf_value=0.0051630408340161589 -0.01208036217386455 -0.00089828485628291031 -0.0014414769334983287 -0.023227095624163609 0.035066088807400725 -0.035416074677063973 0.0015035570686419331 -0.025948704465640252 -0.028419937393616188 0.055629125870160771 0.028752021258385791 -0.045532752072522831 0.013826240230687389 -0.00014804524657083121 0.044731221113014537 -0.015022144601103585 -0.034824386282539858 0.024271435922882431 -0.043437740849285672 -0.0069874936002428294 -0.03936182418946893 0.014069662145055589 0.060097396241514806 0.015117654360016893 -0.039406684660761117 0.008823919322648914 0.015229727451781003 0.020740615058311727 0.0020778935732595752 0.042559480869805322
leaf_weight=86.730140973581001 1.5026965588331216 80.654527879320085 26.978792680427436 4.5668289000168434 2.2732538580894461 3.2947032414376727 7.0687359869480115 3.6302875354886046 4.3218541145324698 1.2301004650071261 1.5540581848472346 1.7856894731521595 7.2504345513880244 3.53187920572236 2.5632452666759482 5.3365664891898614 3.5452422667294732 2.4816439775750041 2.6487730229273438 2.6357756387442377 3.9083646656945339 3.019661182537674 1.6010683961212635 3.6897756494581699 5.3759848512709123 5.5752325374633074 3.3458908330649137 1.4867675844579935 47.08290990954265 3.0122374761849642
leaf_count=589 37 535 328 28 27 18 66 22 40 36 15 10 69 46 25 32 38 28 18 19 51 35 16 22 39 50 35 25 494 69
internal_value=0.00037157 0.00224238 -0.00151146 -0.00451986 -0.00336472 -0.00458342 0.00117998 -0.00434807 -0.00309806 0.0183974 -0.00399274 -0.00227155 -0.00307802 -0.00177085 -0.00399933 -0.000626438 -0.0146473 -0.00638936 -0.0187002 -0.00581553 -0.0137789 -0.000585426 0.0189809 -0.00270164 -0.00860137 -0.0148526 0.0280268 0.0411474 0.00414004 0.0137712
internal_weight=333.683 167.385 166.298 78.5255 73.9587 71.6854 87.773 30.6091 68.3907 2.7328 65.6579 61.3361 59.782 57.9963 50.7459 38.5383 12.2075 8.6623 6.18065 32.6292 12.9347 19.6945 5.72361 9.02634 13.9709 10.9512 5.90914 3.08784 57.1639 10.081
internal_count=2862 1124 1738 759 731 704 979 350 686 73 613 573 558 548 479 349 130 92 64 289 105 184 60 54 124 89 60 41 629 135
is_linear=0
shrinkage=0.05


Tree=160
num_leaves=31
num_cat=0
split_feature=0 0 0 2 0 0 0 0 0 0 0 0 0 3 3 0 0 0 0 0 3 0 0 0 3 0 3 0 0 2
split_gain=0.611685 1.24862 1.32123 1.00155 0.769174 0.737662 0.658589 0.935513 0.42819 1.07694 0.378034 0.819816 0.7089 0.913333 0.275171 1.11317 0.710961 0.662498 0.947006 0.515778 1.31645 1.4155 0.773839 0.755059 0.635084 0.730122 2.02981 0.720849 0.623328 0.396741
threshold=0.020066848956048492 0.019646776840090755 0.018745350651443008 1.0000000180025095e-35 0.018291921354830269 0.017963821999728683 0.053663928061723716 0.022184890694916252 0.019022217020392421 0.019239523448050026 0.021257515996694568 0.02071645483374596 0.020260396413505081 3.5000000000000004 8.5000000000000018 0.057193430140614517 0.057802254334092147 0.073132771998643889 0.2080323398113251 0.065984569489955916 3.5000000000000004 0.061601502820849426 0.062328308820724494 0.063968017697334303 3.5000000000000004 0.069155588746070876 6.5000000000000009 0.067192967981100096 0.068917568773031249 1.0000000180025095e-35
decision_type=2 2 2 2 2 2 2 2 2 2 2 2 2 2 2 2 2 2 2 2 2 2 2 2 2 2 2 2 2 2
left_child=1 2 4 -3 5 -1 7 10 -4 -10 11 12 -2 -14 15 -8 -17 19 -19 20 21 -18 -22 29 27 -26 -27 -21 -29 -23
right_child=6 3 8 -5 -6 -7 14 -9 9 -11 -12 -13 13 -15 -16 16 17 18 -20 24 22 23 -24 -25 25 26 -28 28 -30 -31
leaf_value=-0.0027030467708421217 0.017408177508400853 -0.035683345286744751 0.028131148935481916 -0.0030305366845238516 -0.020522229197101682 0.02428956895855398 -0.030611603100434287 0.037948597733805572 -0.017409104676228089 0.021971067056289078 -0.0067516630483599772 0.03026877297578804 -0.034636018898721012 0.0056271951192624452 -0.0011132871319703952 0.030523393661915643 -0.030087728458878738 0.036370270414361576 0.0045032414691070664 0.023326302602209036 0.036569728459070416 -0.013221772029505344 0.0069284288138959545 0.023869887338760387 -0.032762963469097302 -0.032704888516710294 0.02325986818115397 -0.019050944022092377 0.0020301415229096675 0.0054939497130818953
leaf_weight=98.313971804920584 4.9120601392351144 4.9586519491858763 3.9535370026715082 4.4611924323253334 5.9401804064400485 2.5979740517213932 2.4095253385603419 2.6190074020996681 2.7103896965272725 4.8296678168699145 4.4123003808781496 3.7137096272781482 2.123085003811866 4.1846255417913198 94.446498074103147 2.4284144788980475 3.4531661244109335 3.3947979118674976 7.4423723369836807 3.2294689631089595 4.5485718399286252 4.3240723162889489 4.267931928858161 4.0495495218783608 3.3228119760751706 3.1522542797029018 3.3335920087993145 4.3071929030120399 18.861886187456548 8.203999862074852
leaf_count=873 33 28 32 30 51 35 15 24 22 49 38 29 16 40 962 18 28 38 40 27 30 30 39 29 25 20 26 24 127 52
internal_value=-4.34394e-06 -0.0026992 -0.00130469 -0.0202191 -0.00303737 -0.00200812 0.00174218 0.00990354 0.0148035 0.00781526 0.00610684 0.00990606 0.00316606 -0.00792483 0.000718847 0.00286228 0.00389211 0.00303995 0.0144857 0.00113324 0.00612102 -0.000965273 0.0222208 0.00510102 -0.00284067 -0.0137043 -0.00394015 0.00119581 -0.00188889 -0.000965794
internal_weight=324.906 127.766 118.346 9.41984 106.852 100.912 197.141 21.9648 11.4936 7.54006 19.3458 14.9335 11.2198 6.30771 175.176 80.7296 78.3201 75.8917 10.8372 65.0545 28.8473 20.0308 8.8165 16.5776 36.2072 9.80866 6.48585 26.3985 23.1691 12.5281
internal_count=2830 1120 1062 58 959 908 1710 180 103 71 156 118 89 56 1530 568 553 535 78 457 208 139 69 111 249 71 46 178 151 82
is_linear=0
shrinkage=0.05


Tree=161
num_leaves=31
num_cat=0
split_feature=0 0 0 0 3 3 3 0 0 0 3 0 3 3 0 0 3 0 0 0 3 0 0 3 0 0 1 0 0 0
split_gain=0.937406 0.679656 0.632089 0.603931 0.439106 0.42729 0.312619 0.247104 0.889895 0.796581 0.540777 0.301682 0.794386 0.652381 0.611962 0.557618 0.627566 0.343804 0.326087 1.3652 1.89895 0.604831 0.604289 0.806921 0.360164 0.689367 1.17583 0.652635 0.93877 1.05286
threshold=0.26608741283416754 0.25223581492900854 0.0089109009131789225 0.010400011669844391 18.500000000000004 2.5000000000000004 1.5000000000000002 0.24623500555753711 0.23922593146562579 0.22931337356567386 10.500000000000002 0.19420886039733889 9.5000000000000018 11.500000000000002 0.21070312708616259 0.21070312708616259 20.500000000000004 0.20603106915950778 0.066575963050127043 0.068705819547176375 5.5000000000000009 0.069074306637048735 0.065984569489955916 10.500000000000002 0.065406177192926421 0.064088813960552229 1.0000000180025095e-35 0.063774496316909804 0.063483141362667098 0.062838669866323485
decision_type=2 2 2 2 2 2 2 2 2 2 2 2 2 2 2 2 2 2 2 2 2 2 2 2 2 2 2 2 2 2
left_child=1 2 5 6 -2 -1 -4 8 9 11 -11 18 -13 14 -14 17 -17 -15 22 20 -20 -21 24 -24 25 27 -27 28 29 -5
right_child=4 -3 3 7 -6 -7 -8 -9 -10 10 -12 12 13 15 -16 16 -18 -19 19 21 -22 -23 23 -25 -26 26 -28 -29 -30 -31
leaf_value=0.036072231822685395 0.0077724345621757148 -0.022053346386378084 -0.027908541623616973 -0.00018107658509089353 0.028631567615922733 0.0059495264611390524 -0.0062229213121303356 0.015028535460249522 -0.022934579958087068 0.042421244371065793 0.0041231982023634661 0.016416920646557545 -0.035924805604354001 0.024877868796227942 -0.0081057522845636755 0.0013177874796482306 -0.025749340950594841 -0.0019728956303439065 0.0024998298891455877 -0.017547553179524493 0.055966272119464547 0.0029363836906332302 -0.028628999277689471 0.011085643225961254 0.017779688506809724 0.0037479104258557553 -0.044156597351149206 0.014053438559644513 -0.023124195485023119 0.020342706933383595
leaf_weight=2.0030275783501557 7.30315457517281 3.3843888044357291 2.6206501577980807 170.27193882712163 3.854656670242548 2.8556614872068167 4.5428551696240902 2.91161761060357 4.0335440691560498 1.8954216018319123 1.794278537854552 3.7829626873135593 3.3706121351569909 2.4940828941762438 4.780891589820385 5.58074778690934 3.4749011322855949 2.2838477930054069 3.9030040628276756 3.8781289285980156 2.8906474122777581 50.923542071599513 3.9787801285274318 1.8849111748859284 2.9449775484390548 2.8419194705784312 2.3321179542690516 8.6715014479123038 4.280851023271679 6.4868478407151988
leaf_count=15 55 26 22 1420 30 36 41 21 52 16 26 32 27 25 36 38 26 20 24 34 66 475 30 29 29 18 34 63 31 43
internal_value=0.000734485 0.000233276 0.000473707 0.00019221 0.0149786 0.0183678 -0.0141562 0.000532906 0.000391645 0.00071086 0.0237971 0.000418197 -0.00474686 -0.0083885 -0.0196088 -0.00177687 -0.00906861 0.0120432 0.000919889 0.0041077 0.0252494 0.0014868 -4.40781e-05 -0.0158625 0.000424782 0.000162526 -0.0178443 0.00065363 1.18015e-05 0.000572123
internal_weight=328.256 317.099 313.714 308.856 11.1578 4.85869 7.16351 301.692 298.78 294.747 3.6897 291.057 25.768 21.9851 8.1515 13.8336 9.05565 4.77793 265.289 61.5953 6.79365 54.8017 203.694 5.86369 197.83 194.885 5.17404 189.711 181.04 176.759
internal_count=2840 2755 2729 2678 85 51 63 2615 2594 2542 42 2500 204 172 63 109 64 45 2296 599 90 509 1697 59 1638 1609 52 1557 1494 1463
is_linear=0
shrinkage=0.05


Tree=162
num_leaves=31
num_cat=0
split_feature=0 0 2 3 3 0 0 3 0 0 0 0 3 0 3 3 0 3 2 3 0 0 3 0 0 0 0 0 3 0
split_gain=0.644451 1.10722 0.961763 1.40932 0.578702 1.14364 0.63169 0.524577 1.90545 1.02505 0.626516 0.597483 0.495082 0.298912 0.480822 0.570104 0.326682 0.749422 0.599861 0.278164 1.10102 1.00501 0.475759 0.446386 0.405734 1.68372 0.956155 0.652557 0.819165 0.647295
threshold=0.016331557184457782 0.014388924930244686 1.0000000180025095e-35 1.5000000000000002 10.500000000000002 0.015223377849906685 0.015093456488102676 1.5000000000000002 0.012658710591495039 0.010993865318596365 0.013688349630683662 0.010077058337628843 7.5000000000000009 0.011630491819232704 9.5000000000000018 13.500000000000002 0.01282037701457739 17.500000000000004 1.0000000180025095e-35 7.5000000000000009 0.016943091526627544 0.017082292586565021 1.5000000000000002 0.24318701773881915 0.069628302007913603 0.06985278427600862 0.070586379617452635 0.072381693869829192 10.500000000000002 0.02239526063203812
decision_type=2 2 2 2 2 2 2 2 2 2 2 2 2 2 2 2 2 2 2 2 2 2 2 2 2 2 2 2 2 2
left_child=1 7 3 -3 5 -4 -6 8 9 11 13 -1 -5 14 -9 -16 17 18 -15 21 -21 22 -2 -23 29 -26 -27 28 -28 -22
right_child=19 2 4 12 6 -7 -8 10 -10 -11 -12 -13 -14 16 15 -17 -18 -19 -20 20 24 23 -24 -25 25 26 27 -29 -30 -31
leaf_value=-0.0054172554074909604 -0.010005530132043909 -0.019522042398003189 0.00047783289217898496 0.026629140530816966 0.054900108593535113 0.042096436900748421 0.0093174071842813885 -0.0022386718870363639 0.036085953548484789 -0.017741691378606324 -0.018720807094022091 0.027445571795565078 0.0039468545089237127 0.059460351277528127 -0.046297417081909653 0.002929403665670011 -0.001143533539520491 -0.0066356836829981813 0.006231261626162124 0.027394812454998821 -0.0058316850193222622 -0.0020350955926619878 -0.034004367372802373 -0.019975618376380448 -0.05311307590811859 0.024415790994544426 -0.051090922517441711 -0.0023510385679884624 -0.0083402609789651801 0.0054349511475248599
leaf_weight=2.6327620828524214 4.7519523925147933 4.5980692440643915 4.704606722574681 4.3433700501918775 2.3189803250133996 2.5428268574178219 1.1306156478822229 10.479364615865054 4.0278567103669038 6.1976087773218751 6.397155391983687 2.9139141612686217 5.3925414755940437 1.1971025913953774 1.4853815678507083 0.97370171546936024 10.616633651312439 1.9966060961596666 0.94878691202029575 3.4618573598563662 18.817053616046906 118.56786095607094 3.6524005979299545 3.571658492088317 1.6971024498343457 3.1033966667018822 1.5610507801175106 52.613901966251433 3.9708432913757861 39.528315963223577
leaf_count=23 30 31 37 21 37 29 26 75 35 48 42 22 28 16 34 17 111 31 30 27 209 831 19 16 17 56 13 495 60 381
internal_value=-0.000900672 0.00317752 0.0117582 0.00329149 0.0231035 0.0150801 0.0399602 -0.00112959 0.00641033 -0.00376731 -0.00461754 0.011847 0.0140658 -0.00136019 -0.00690785 -0.0268055 0.00350312 0.0154118 0.0359256 -0.00209711 -0.000408813 -0.00371053 -0.0204351 -0.00255972 -0.00120237 -0.00398653 -0.00262532 -0.00406858 -0.0204041 0.00180133
internal_weight=330.195 74.8979 25.031 14.334 10.697 7.24743 3.4496 49.8669 15.7721 11.7443 34.0947 5.54668 9.73591 27.6976 12.9384 2.45908 14.7591 4.1425 2.14589 255.297 124.754 130.544 8.40435 122.14 121.292 62.9463 61.2492 58.1458 5.53189 58.3454
internal_count=2847 693 209 80 129 66 63 484 128 93 356 45 49 314 126 51 188 77 46 2154 1258 896 49 847 1231 641 624 568 73 590
is_linear=0
shrinkage=0.05


Tree=163
num_leaves=31
num_cat=0
split_feature=2 3 3 0 0 0 0 0 0 0 3 0 0 3 0 0 3 0 0 0 0 0 0 0 0 0 0 3 0 0
split_gain=0.766205 0.948142 2.32105 1.54238 1.08122 1.08056 1.32701 0.984761 0.896529 0.740471 0.674503 0.862525 0.630407 0.619713 1.79336 1.02454 0.936594 1.13809 0.619064 1.07679 0.605781 0.552802 0.941967 0.766276 1.44832 0.546793 0.546507 0.512025 0.565821 0.507522
threshold=1.0000000180025095e-35 12.500000000000002 8.5000000000000018 0.057802254334092147 0.0089109009131789225 0.020512533374130729 0.0075713105034083137 0.073012433946132674 0.072267085313797011 0.016608297824859623 10.500000000000002 0.061933303251862533 0.021947006694972519 5.5000000000000009 0.065984569489955916 0.071224898099899306 8.5000000000000018 0.068917568773031249 0.014469849877059461 0.010155373718589546 0.072381693869829192 0.073012433946132674 0.21070312708616259 0.07252297550439836 0.070796813815832152 0.069860793650150313 0.017524979077279571 10.500000000000002 0.015780820511281494 0.019453601911664013
decision_type=2 2 2 2 2 2 2 2 2 2 2 2 2 2 2 2 2 2 2 2 2 2 2 2 2 2 2 2 2 2
left_child=10 2 4 5 -2 6 -4 9 -5 -6 11 29 -7 14 -13 -16 17 -15 19 -3 -19 23 -23 24 25 -20 -11 28 -8 -1
right_child=1 18 3 8 7 12 27 -9 -10 26 -12 13 -14 16 15 -17 -18 20 21 -21 -22 22 -24 -25 -26 -27 -28 -29 -30 -31
leaf_value=-0.0036972834177219785 0.032601303052499267 -0.033013680639228861 -0.061304453215033951 0.054777359690864828 -0.0044832403405123773 -0.059523907406383261 -0.023523357711925329 -0.021989592312061476 0.023395887519714904 0.025172596944003929 0.0021136916971842834 -0.048584902319776968 -0.00071015142370496761 0.024148877223414522 0.0093817847861708166 -0.021918118997346712 -0.015057186463881052 -0.022309768841188567 -0.010166902598216289 0.051166260417776291 0.0027773340444547778 0.031553597264376572 -0.00575494768873 -0.042478836972946757 0.051635279546420956 -0.049178528943525916 0.0044850460572612057 0.051502903590809335 0.050650121913387053 0.0046993497394197279
leaf_weight=55.154207086656243 2.867248995229601 0.56230956315994518 0.43711665272712652 3.7179566388949734 25.789299765601754 0.89071112684905507 0.63834987394511722 4.2812931458465746 5.8679558760486543 3.3862076001241794 71.924806173890829 3.6283333646133533 0.932740343734622 4.4953592121601114 4.7513356907293183 5.8132726126350462 13.50751905888319 3.66649481654167 11.970303365029393 1.170974653214216 7.0012670569121838 2.1396938599646083 8.0830365326255542 1.9194906465709198 0.92600880889222104 0.97106899460777718 55.778429942205548 1.5220430158078668 0.43051101639866829 26.712380112614483
leaf_count=353 22 6 8 81 205 22 28 39 94 23 474 31 25 25 43 39 78 18 227 79 38 47 89 17 40 22 434 74 36 160
internal_value=0.000245574 0.00315704 0.005301 0.0239411 0.0023791 0.000968932 0.0192805 0.00140802 0.0355674 0.00258715 -0.00174248 -0.00396611 -0.0294392 -0.00971229 -0.0182571 -0.00784127 -0.0054823 0.00304714 -0.00507631 0.0238567 -0.00584507 -0.00700442 0.00205401 -0.0128702 -0.0087718 -0.0130942 0.00566907 0.0328761 0.00635191 -0.000957533
internal_weight=330.938 134.283 106.54 14.4374 92.1025 4.85147 3.02802 89.2352 9.58591 84.9539 196.655 124.73 1.82345 42.8636 14.1929 10.5646 28.6706 15.1631 27.7429 1.73328 10.6678 26.0096 10.2227 15.7869 13.8674 12.9414 59.1646 2.5909 1.06886 81.8666
internal_count=2877 1618 1091 368 723 193 146 701 175 662 1259 785 47 272 113 82 159 81 527 85 56 442 136 306 289 249 457 138 64 513
is_linear=0
shrinkage=0.05


Tree=164
num_leaves=31
num_cat=0
split_feature=3 0 3 0 3 0 2 0 3 0 0 0 1 0 0 0 0 0 3 0 0 0 0 0 2 0 0 0 3 3
split_gain=0.382245 1.38435 1.42293 0.81517 3.22117 1.08942 1.09168 0.862576 0.737205 0.624531 0.679402 1.4574 0.582574 2.24648 0.499696 0.377304 0.438681 0.803333 0.366622 0.415794 1.30748 1.14428 0.800174 0.326284 0.284092 0.926853 0.578988 2.30495 0.76808 3.8851
threshold=25.000000000000004 0.22346362471580508 28.000000000000004 0.22346362471580508 20.500000000000004 0.20477086305618289 1.0000000180025095e-35 0.28557106852531439 10.500000000000002 0.19420886039733889 0.073063034564256682 0.073012433946132674 1.0000000180025095e-35 0.073521811515092864 0.07284188270568849 0.07252297550439836 0.072267085313797011 0.072235595434904112 6.5000000000000009 0.24861386418342593 0.24178089201450351 0.22858404368162158 0.22997444868087771 0.14402028173208239 1.0000000180025095e-35 0.0089109009131789225 0.069985084235668196 0.070796813815832152 1.5000000000000002 2.5000000000000004
decision_type=2 2 2 2 2 2 2 2 2 2 2 2 2 2 2 2 2 2 2 2 2 2 2 2 2 2 2 2 2 2
left_child=3 2 -2 5 7 9 -7 18 -8 10 11 14 -12 -14 15 16 17 24 -5 20 21 -20 -23 -15 -1 -26 -27 -28 -29 -30
right_child=1 -3 -4 4 -6 6 8 -9 -10 -11 12 -13 13 23 -16 -17 -18 -19 19 -21 -22 22 -24 -25 25 26 27 28 29 -31
leaf_value=0.0021820369671136813 0.030097571449325844 0.033500391221696652 -0.008301979576714958 0.010026885257030958 -0.0542804788629076 0.037374292536822222 -0.035987999249840252 0.015564034011946308 0.019209736373891988 -0.021047944148597945 0.036914314765507265 -0.039267813992998571 -0.046929627853844622 0.054387382348161852 0.022376423607522219 -0.016735246155531205 0.020128209050004203 -0.027287738869531966 -0.00095166467131243052 -0.019383204861796691 0.025223668471032412 -0.055984796783972772 -0.012148710233969615 0.017148162168386147 0.023336958609511526 -0.0012952813026550932 -0.068053797647670042 0.035130409080340229 -0.090840272152829554 0.051667873888465943
leaf_weight=142.0574223024305 3.0908279642462757 3.9863704200834027 10.993133231531827 3.0746590793132844 3.2927930876612654 3.9885599836707106 1.0773133058100941 5.5642717382870606 1.3794590607285497 3.3444265760481349 2.3237698832526794 2.3054516115225843 1.3337986394762995 1.0845754798501732 2.6227852348238221 3.1579594016075125 2.8594221128150812 2.5866080913692704 8.9623160585761124 6.2121710721403351 3.0674862628802648 1.9535553455352772 2.228632889688015 1.2852766504511235 3.7010260224342337 97.07798706041649 1.601971496362238 1.2942256205715241 0.89508973062038411 1.0270001497119663
leaf_count=925 40 49 117 13 25 27 23 38 26 26 16 11 11 22 17 20 21 17 55 42 36 12 34 24 38 1113 22 7 4 42
internal_value=0.000417972 0.00748778 0.000125082 7.66348e-06 -0.00725683 0.000908654 0.0212244 -0.00227216 -0.00499489 0.000424686 0.000693435 0.000310439 0.0172898 0.00497689 0.000662901 0.000440665 0.00065497 0.000432456 -0.00616432 -0.00838435 -0.00416977 -0.0110292 -0.0326251 0.0341909 0.000721977 -0.0012422 -0.00213496 -0.0190526 0.00535376 -0.0146961
internal_weight=329.43 18.0703 14.084 311.36 34.3559 277.004 6.44533 31.0631 2.45677 270.559 267.214 261.187 6.02742 3.70365 258.881 256.259 253.101 250.241 25.4988 22.4242 16.212 13.1445 4.18219 2.36985 247.655 105.597 101.896 4.81829 3.21632 1.92209
internal_count=2873 206 157 2667 255 2412 76 230 49 2336 2310 2237 73 57 2226 2209 2189 2168 192 179 137 101 46 46 2151 1226 1188 75 53 46
is_linear=0
shrinkage=0.05


Tree=165
num_leaves=31
num_cat=0
split_feature=0 0 3 0 0 0 2 0 0 2 0 0 0 0 0 0 3 1 0 0 0 3 0 0 0 3 3 3 0 0
split_gain=0.552917 0.501444 0.603492 1.00467 0.585795 1.32368 1.26013 0.468161 0.659642 0.315903 0.575985 0.261368 0.271842 0.249332 0.845901 0.536453 0.612276 0.825881 0.469597 0.226602 0.668979 0.558151 0.368292 0.299234 0.875534 0.282966 0.749264 0.612088 0.27769 0.448494
threshold=0.0087095452472567576 0.013016127515584232 11.500000000000002 0.011630491819232704 0.014962770044803621 0.015112442430108787 1.0000000180025095e-35 0.0094179278239607828 0.011424486991018059 1.0000000180025095e-35 0.010400011669844391 0.26472581923007971 0.27557592093944555 0.013688349630683662 0.014063016045838596 0.013045935891568662 17.500000000000004 1.0000000180025095e-35 0.014469849877059461 0.24318701773881915 0.22931337356567386 10.500000000000002 0.23922593146562579 0.2080323398113251 0.21592056751251223 18.500000000000004 12.500000000000002 10.500000000000002 0.20477086305618289 0.19420886039733889
decision_type=2 2 2 2 2 2 2 2 2 2 2 2 2 2 2 2 2 2 2 2 2 2 2 2 2 2 2 2 2 2
left_child=-1 2 7 -4 13 6 -6 -2 9 -9 -11 19 -13 15 -15 -3 17 -17 -16 20 23 -21 -22 28 -25 26 27 -26 29 -7
right_child=1 4 3 -5 5 11 -8 8 -10 10 -12 12 -14 14 18 16 -18 -19 -20 21 22 -23 -24 24 25 -27 -28 -29 -30 -31
leaf_value=-0.01869719978054294 0.029663097761214997 -0.017299090360706718 -0.057309525712885515 0.0025146858847232608 0.00013926059916276321 0.00016633375865995399 0.054444792691279734 -0.012956926810517432 0.017960767403059196 -0.0071994210247824236 0.022068524742745059 0.021902738500441436 0.0032913938666557629 -0.030588432252935744 0.0074130658975024438 -0.0012340181489137543 -0.015831773955781902 0.037334330183643669 -0.011552298090741866 -0.021591521882270689 0.028805940328643281 0.0057281463410661917 0.0005491005653977918 -0.03020175122064548 -0.0080738338944100988 0.010036033080168844 -0.025266076393392164 0.019505293626048477 0.014938583252446272 -0.01795997920082314
leaf_weight=3.875757639296352 2.7404130334034624 3.567642428912225 0.89780301600694556 3.2145022046752274 2.0778793282806864 217.14708054438233 2.1984671987593174 3.5575398700311798 8.4078557384200376 3.9030774626880884 2.9526674635708332 2.5298127420246592 8.7415871196426433 4.0892775189131525 5.0749843451194456 3.3469323534518463 2.2906590905040503 2.3715226408094168 9.1463922094553691 4.0136910229921332 3.0731701329350463 3.4997312352061272 1.8457154305651782 3.2204595413059023 5.2536049932241422 3.926879182457923 3.4042107611894599 3.260382853448391 3.105178656987845 3.4670284725725642
leaf_count=39 29 25 17 70 12 1826 41 24 80 28 33 29 59 29 39 22 22 38 59 23 39 31 35 25 36 29 19 26 40 28
internal_value=7.68501e-05 0.000299828 0.00700704 -0.0105462 -0.000272926 0.000460335 0.0280577 0.0103549 0.00754353 -0.000867514 0.00540585 1.7479e-05 0.00746862 -0.0069159 -0.0105472 -0.00117245 0.00601113 0.0147608 -0.00478439 -0.000311593 -5.21153e-05 -0.0088661 0.0182031 -0.000421971 -0.00643498 -0.00160446 -0.00543984 0.00248743 9.0462e-05 -0.000118528
internal_weight=330.202 326.326 25.6739 4.11231 300.652 270.765 4.27635 21.5616 18.8211 10.4133 6.85574 266.489 11.2714 29.8874 18.3107 11.5768 8.00911 5.71845 14.2214 255.217 247.704 7.51342 4.91889 242.785 19.0655 15.8451 11.9182 8.51399 223.719 220.614
internal_count=2852 2813 281 87 2532 2298 53 194 165 85 61 2245 88 234 127 107 82 60 98 2157 2103 54 74 2029 135 110 81 62 1894 1854
is_linear=0
shrinkage=0.05


Tree=166
num_leaves=31
num_cat=0
split_feature=3 0 0 0 0 0 0 0 0 0 2 0 0 0 0 0 0 0 0 0 3 0 0 0 3 0 0 0 3 3
split_gain=0.400193 0.569806 1.23106 1.07195 0.996971 0.836102 0.793578 0.649474 0.668123 0.501703 0.576901 0.497112 0.903726 0.443606 0.412209 0.383199 1.20927 0.372864 0.821221 0.641375 0.35302 0.31794 0.294733 0.245584 0.299239 1.28035 0.773019 0.904504 0.7278 0.581033
threshold=1.5000000000000002 0.067927919328212752 0.020260396413505081 0.021947006694972519 0.070977650582790389 0.019727492704987529 0.072689861059188857 0.018161195330321792 0.014962770044803621 0.015567715279757978 1.0000000180025095e-35 0.064849406480789198 0.063277509063482298 0.017295801080763343 0.0089109009131789225 0.26608741283416754 0.42452575266361242 0.25223581492900854 0.24623500555753711 0.23922593146562579 15.500000000000002 0.22997444868087771 0.28880871832370764 0.22858404368162158 20.500000000000004 0.013319531921297314 0.072381693869829192 0.073012433946132674 23.000000000000004 8.5000000000000018
decision_type=2 2 2 2 2 2 2 2 2 2 2 2 2 2 2 2 2 2 2 2 2 2 2 2 2 2 2 2 2 2
left_child=1 2 5 -4 -3 7 -6 8 -1 -10 13 12 -5 -11 -2 17 22 18 19 21 -21 23 -17 24 26 -26 -16 -28 -27 -29
right_child=14 4 3 11 6 -7 -8 -9 9 10 -12 -13 -14 -15 15 16 -18 -19 -20 20 -22 -23 -24 -25 25 28 27 29 -30 -31
leaf_value=0.00068829879958089569 0.01624966666534023 0.026913998428053972 -0.03279534506091876 -0.0051706480238169154 -0.010175336909313288 0.025714024938665942 0.021776263644386541 -0.0069518920441930731 0.035517665793187776 0.030893028451597238 -0.0015018484631088508 -0.018144405910976172 0.025091863121655601 0.0043521475591246422 -0.001939675754395601 0.035680795347634631 -0.0083196045560995843 -0.017727607765177088 0.027026386241250335 -0.0070282209638016947 -0.034698003867188708 0.017327658461642869 0.012582753470957176 -0.016036268741994437 0.038033526674466946 -0.026125305588292753 0.029309433074428098 -0.010067525626941506 -0.0045857940591131118 0.0079942545907543891
leaf_weight=17.541753411060203 3.4535119719803324 6.375554997008293 3.6911973389796939 12.828747294377537 5.6433014320209605 4.776742221787571 2.9640005463734269 10.784845298621802 2.5134997488930813 4.0971899004653078 5.2268546288833022 4.5201557357795528 3.0543397264555088 2.5568621051497757 160.91806051926687 2.8579109823331219 5.6856620199978352 3.5259851031005374 2.5226040072739115 2.4424860011786214 2.1829988351091743 2.2738445419818154 2.6726112086325884 2.8542448990046969 1.4964684597216571 5.1770718842744854 3.9389252923429039 5.9611335005611208 16.173740917816758 17.595841009169817
leaf_count=137 40 47 28 94 40 36 20 83 17 34 34 41 27 29 1413 24 31 26 19 25 32 31 25 21 32 44 29 45 176 159
internal_value=0.00014399 0.00306098 0.00120531 -0.00800033 0.0119279 0.00587511 0.000827479 0.00365687 0.00723945 0.015223 0.0109295 -0.00351461 0.000648875 0.0206945 -0.000900711 -0.00114928 0.00787245 -0.00159492 -0.00134045 -0.00166423 -0.020087 -0.00127043 0.0245187 -0.00146793 -0.00127111 -0.00667502 -0.000615822 0.00713195 -0.00980862 0.00342369
internal_weight=328.308 86.575 71.5922 24.0944 14.9829 47.4977 8.6073 42.721 31.9362 14.3944 11.8809 20.4032 15.8831 6.65405 241.733 238.28 11.2162 227.063 223.537 221.015 4.62548 216.389 5.53052 214.115 211.261 22.8473 188.414 27.4959 21.3508 23.557
internal_count=2839 667 560 190 107 370 60 334 251 114 97 162 121 63 2172 2132 80 2052 2026 2007 57 1950 49 1919 1898 252 1646 233 220 204
is_linear=0
shrinkage=0.05


Tree=167
num_leaves=31
num_cat=0
split_feature=0 3 3 0 0 0 0 0 0 0 0 0 3 0 0 3 0 3 0 0 0 0 0 0 0 0 0 0 3 0
split_gain=1.50444 0.417309 0.361181 0.345851 0.3447 0.28691 0.307007 0.585396 0.447741 0.67153 0.324872 0.356785 0.930591 0.682811 0.552821 0.960751 1.0206 0.377136 0.243556 0.236119 0.381188 0.362482 0.604224 0.355723 0.232182 0.38499 0.280986 0.485455 0.445426 0.372969
threshold=0.0075713105034083137 19.500000000000004 17.500000000000004 0.26608741283416754 0.42452575266361242 0.24861386418342593 0.23281815648078921 0.22858404368162158 0.22446664422750476 0.22346362471580508 0.21070312708616259 0.073012433946132674 11.500000000000002 0.072381693869829192 0.073132771998643889 8.5000000000000018 0.20080817490816119 3.5000000000000004 0.24318701773881915 0.064088813960552229 0.020615364424884323 0.01505062496289611 0.013319531921297314 0.22666641324758532 0.010077058337628843 0.010993865318596365 0.011762528680264952 0.014469849877059461 13.500000000000002 0.018745350651443008
decision_type=2 2 2 2 2 2 2 2 2 2 2 2 2 2 2 2 2 2 2 2 2 2 2 2 2 2 2 2 2 2
left_child=-1 2 3 5 -5 6 7 8 9 10 11 13 14 24 -13 -16 -17 -15 -8 20 21 22 -3 -21 -2 -26 -27 -28 29 -29
right_child=1 19 -4 4 -6 -7 18 -9 -10 -11 -12 12 -14 17 15 16 -18 -19 -20 23 -22 -23 -24 -25 25 26 27 28 -30 -31
leaf_value=0.035504477316070863 -0.012087052235741582 0.036856415000196457 -0.010325615044456244 0.022573991781392768 -0.0021169471795514355 -0.018026122408607893 0.026302543051725625 -0.021963192922122971 0.013276731373571464 -0.024398578787042154 0.016401878903898836 -0.035800207158245202 0.019097009073328793 0.004137810341628986 0.0099477292889729382 -0.049973871853172085 -0.0043126359341248682 0.028064661986690734 0.00088496115568923459 -0.0024129835915981893 0.025889134356619832 -0.014199335043729618 -0.0064721833916701697 0.011244510285854345 0.010707722599430146 -0.011623119677133059 0.0053583501734082179 -0.0053611357744084579 -0.010612293960741878 -0.00038130042168889517
leaf_weight=2.7521282052621237 5.5829369099810711 1.4788331664167365 13.079787252470849 2.8700003549456587 2.785399105399847 2.7912937402725211 1.694402547553181 3.6639732979238024 4.8095869272947303 3.3388257324695578 2.4202555529773226 2.646709813270717 2.2984764557331792 3.9634042675606898 3.6184429479762894 2.1416235379874706 2.8554553836584091 2.8177529647946358 2.1237940825521946 17.411938702221963 2.8573469873517752 1.904435373842716 1.7648534402251241 6.5654490618035188 6.0226779296062878 7.4908854225650421 21.502094533294439 53.350286508910358 15.775301454588769 127.35594611149281
leaf_count=29 55 33 102 28 17 18 30 23 33 18 27 12 36 20 39 19 27 25 18 183 32 18 15 74 58 56 214 441 162 1008
internal_value=-0.0013096 -0.00161757 -0.00220195 -0.0018277 0.0104132 -0.00207649 -0.00191487 -0.00211276 -0.00184137 -0.00211765 -0.00183135 -0.00200278 -0.00989647 -0.00156382 -0.0158137 -0.00967376 -0.0238819 0.0140801 0.0121645 0.00380907 0.0112441 0.00311576 0.0132818 0.00132669 -0.00201128 -0.00176829 -0.00210154 -0.00177433 -0.0025549 -0.00185151
internal_weight=331.734 328.982 296.999 283.92 5.6554 278.264 275.473 271.655 267.991 263.181 259.842 257.422 13.5607 243.861 11.2622 8.61552 4.99708 6.78116 3.8182 31.9829 8.00547 5.14812 3.24369 23.9774 237.08 231.497 225.475 217.984 196.482 180.706
internal_count=2870 2841 2486 2384 45 2339 2321 2273 2250 2217 2199 2172 133 2039 97 85 46 45 48 355 98 66 48 257 1994 1939 1881 1825 1611 1449
is_linear=0
shrinkage=0.05


Tree=168
num_leaves=31
num_cat=0
split_feature=0 0 0 0 0 2 0 2 2 3 3 2 0 1 0 3 0 0 2 0 0 3 0 3 0 0 3 0 3 0
split_gain=1.22646 1.55866 1.15895 0.611727 0.649041 0.824967 0.608419 0.817611 0.773911 0.523788 0.449276 0.357393 0.327531 0.73458 0.635457 0.321595 0.916988 0.625148 0.56617 0.472722 0.591759 0.429742 0.236301 0.210841 0.195322 0.164841 0.639259 1.07612 0.951484 0.786086
threshold=0.22666641324758532 0.22858404368162158 0.2080323398113251 0.073063034564256682 0.0094179278239607828 1.0000000180025095e-35 0.083722770214080824 1.0000000180025095e-35 1.0000000180025095e-35 10.500000000000002 17.500000000000004 1.0000000180025095e-35 0.07252297550439836 1.0000000180025095e-35 0.072267085313797011 13.500000000000002 0.24487938731908801 0.23066287487745288 1.0000000180025095e-35 0.24487938731908801 0.26608741283416754 19.500000000000004 0.073012433946132674 12.500000000000002 0.0089109009131789225 0.014221488498151304 2.5000000000000004 0.013045935891568662 20.500000000000004 0.013016127515584232
decision_type=2 2 2 2 2 2 2 2 2 2 2 2 2 2 2 2 2 2 2 2 2 2 2 2 2 2 2 2 2 2
left_child=2 -2 3 4 5 -1 7 -5 23 -10 11 -4 14 -14 25 17 21 -3 -18 -19 -21 -17 -15 -8 -7 26 -6 28 29 -28
right_child=1 15 10 6 12 24 8 -9 9 -11 -12 -13 13 22 -16 16 18 19 -20 20 -22 -23 -24 -25 -26 -27 27 -29 -30 -31
leaf_value=-0.011493185243078029 0.039555254586912392 -0.021961858813346082 0.0041941017704689304 0.049577750358453347 -0.0028276392721149051 0.032466280292748888 -0.014122184415161478 0.0057511428861305447 0.053349839944779258 0.0098476733959140632 -0.027960779041392009 -0.016827615841340994 -0.026900503511620662 -0.0071235005090201312 0.023152072712311497 0.056098730543555055 -0.0019094792868105629 0.02484866041461746 0.024054276325593829 -0.014620130083473463 0.014992241965950386 0.016533535030990615 0.014246229660613669 0.0036300017087143584 0.012750728600725262 -0.00092883057712051442 0.0030877612205232343 0.024645405207848747 0.036006716449891688 -0.029893341057223279
leaf_weight=2.1769271176308385 3.9953465759754208 2.5582851022481945 3.4437158405780774 2.0127581362612537 23.257143261376768 3.3264334704726934 3.5460023432970029 2.2580027473159134 1.0414068070240321 2.0620447723194957 4.3554843440651885 4.8968817889690399 3.7019326151348633 2.9754304885864258 2.9020015187561503 1.4216723740100854 8.2197171673178655 2.4395752139389497 2.8200363498181096 3.6195108741521835 3.1600030618719757 1.3268442563712595 2.288664698600769 3.1659142002463341 2.0185583434067667 214.54801115160808 5.6758806183934229 7.1767806089483193 1.4872960168868292 2.6502766702324152
leaf_count=15 29 15 23 17 149 35 22 25 27 43 30 40 18 28 19 18 46 32 40 27 23 28 17 22 21 1795 112 84 34 16
internal_value=0.000794141 0.0105125 -0.000160396 0.000490747 -3.13148e-05 0.0144531 0.0106526 0.0264061 0.00379815 0.0244454 -0.0149449 -0.00814804 -0.000439885 -0.00983429 -0.000113027 0.00597377 0.0111566 -9.39691e-05 0.0047228 0.00597434 -0.000817491 0.0369987 0.00216739 -0.00574873 0.0250206 -0.000378006 0.00255829 0.00993085 -0.000830209 -0.00741036
internal_weight=330.529 29.561 300.968 288.271 274.185 7.52192 14.0861 4.27076 9.81537 3.10345 12.6961 8.3406 266.663 8.96603 257.697 25.5656 13.7883 11.7774 11.0398 9.21909 6.77951 2.74852 5.2641 6.71192 5.34499 254.795 40.2474 16.9902 9.81345 8.32616
internal_count=2850 258 2592 2499 2343 71 156 42 114 70 93 63 2272 63 2209 229 132 97 86 82 50 46 45 44 56 2190 395 246 162 128
is_linear=0
shrinkage=0.05


Tree=169
num_leaves=31
num_cat=0
split_feature=3 0 0 3 0 0 3 0 3 3 0 3 0 0 3 3 0 3 3 0 0 0 3 0 0 0 0 0 0 0
split_gain=0.927869 0.49621 0.412879 0.741013 1.59123 0.551777 0.600114 0.657707 1.0815 1.02314 1.68107 0.540685 0.905115 0.503758 1.46738 1.35851 1.01905 0.943748 0.80378 0.443352 0.652027 0.46217 0.733369 1.29775 1.62507 0.874619 1.15368 0.855438 0.771407 0.505811
threshold=29.500000000000004 0.069201733916997923 0.072238828986883177 19.500000000000004 0.013319531921297314 0.072381693869829192 5.5000000000000009 0.19420886039733889 8.5000000000000018 10.500000000000002 0.073063034564256682 25.000000000000004 0.066398397088050856 0.21592056751251223 10.500000000000002 11.500000000000002 0.20603106915950778 26.500000000000004 20.500000000000004 0.016558715142309669 0.016331557184457782 0.015780820511281494 1.5000000000000002 0.012463219463825228 0.014469849877059461 0.013688349630683662 0.014063016045838596 0.013319531921297314 0.011630491819232704 0.014724517706781627
decision_type=2 2 2 2 2 2 2 2 2 2 2 2 2 2 2 2 2 2 2 2 2 2 2 2 2 2 2 2 2 2
left_child=2 -2 3 19 -5 -4 -7 8 -8 -10 -11 12 -6 14 -9 -16 -17 18 -15 20 21 22 23 28 -25 27 -27 -24 -1 -28
right_child=1 -3 5 4 11 6 7 13 9 10 -12 -13 -14 17 15 16 -18 -19 -20 -21 -22 -23 25 24 -26 26 29 -29 -30 -31
leaf_value=-0.0011480502827407462 0.044965334515284783 0.0089076825739333922 -0.026058886414698126 0.067651460362083429 0.042090103212569591 -0.016890070347150406 0.039252396220411816 0.020233246514296373 -0.028971278343839776 -0.0069664440314151869 0.055811572736307963 -0.0067502311045507732 -0.0030706898717969668 -0.00078411120009191134 -0.057029234195048677 0.015723102360393825 -0.031022155828637678 0.025291360197063475 -0.021073617410857216 0.00079609919102940723 -0.028468289365242212 0.012457269465610363 -0.0050527625245358077 0.038374563822649164 -0.001862051676086194 -0.050437748260239695 6.3082571087064943e-05 0.026250535508714552 -0.033020678777492075 -0.019063486489699903
leaf_weight=7.8307249543722737 1.5916446968913072 2.3821581434458494 2.8058586474508038 1.1892737178131927 2.0948547925800067 7.3856871151365331 2.4083302244544011 2.2929576318711025 2.082475695759058 3.3846450001001358 1.556899328716099 4.2560150204226375 2.3587080212309957 33.118473529815674 2.332591637969017 2.0861809626221657 2.6429772954434156 3.0090657705441108 5.7250968739390364 171.90160546731204 2.6112868105992666 4.5087695093825451 21.505224570631984 4.5751667497679573 5.5576995732262731 2.2088039238005903 5.6397300120443097 2.4289764878340057 2.5059082959778607 8.9297709148377162
leaf_count=59 29 32 20 32 25 40 27 30 18 26 33 49 28 255 14 24 24 32 50 1415 20 46 236 43 35 17 44 34 20 81
internal_value=-0.000662518 0.02335 -0.000959841 -5.44848e-06 0.0134012 -0.00432977 -0.0034335 -0.00179454 0.0103383 0.000424554 0.0128126 0.00599348 0.0181719 -0.00402941 -0.0145191 -0.0258032 -0.0104013 -0.00168481 -0.00377455 -0.000557941 -0.00396577 -0.00299176 -0.00413027 0.00358995 0.0163055 -0.00801186 -0.0167647 -0.00187593 -0.00887493 -0.0116598
internal_weight=324.908 3.9738 320.934 250.103 9.89885 70.8312 68.0254 60.6397 9.43235 7.02402 4.94154 8.70958 4.45356 51.2073 9.35471 7.06175 4.72916 41.8526 38.8436 240.204 68.3021 65.6908 61.182 20.4695 10.1329 40.7125 16.7783 23.9342 10.3366 14.5695
internal_count=2838 61 2777 2184 134 593 573 533 104 77 59 102 53 429 92 62 48 337 305 2050 635 615 569 157 78 412 142 270 79 125
is_linear=0
shrinkage=0.05


Tree=170
num_leaves=31
num_cat=0
split_feature=0 0 3 3 3 0 3 0 0 0 0 0 0 3 0 3 3 0 0 0 0 0 0 0 0 0 3 0 0 0
split_gain=0.834838 1.74418 0.796017 0.600122 2.04813 0.850366 0.530575 0.731452 1.9409 0.4848 0.490635 0.685741 0.379936 0.578492 0.747686 0.322759 0.459689 0.574472 1.43938 1.53018 1.20565 0.852942 2.0414 0.436452 0.70094 0.433288 0.427515 1.5038 0.278213 0.266451
threshold=0.22346362471580508 0.21592056751251223 26.500000000000004 28.000000000000004 25.000000000000004 0.07298659905791284 20.500000000000004 0.059228794649243362 0.013319531921297314 0.28880871832370764 0.25223581492900854 0.26608741283416754 0.22666641324758532 10.500000000000002 0.22858404368162158 18.500000000000004 12.500000000000002 0.019912107847630981 0.017922886647284034 0.012417749967426063 0.020615364424884323 0.013045935891568662 0.014469849877059461 0.067683413624763503 0.069691803306341185 0.062229327857494361 15.500000000000002 0.071710307151079192 0.015093456488102676 0.066854614764451994
decision_type=2 2 2 2 2 2 2 2 2 2 2 2 2 2 2 2 2 2 2 2 2 2 2 2 2 2 2 2 2 2
left_child=1 3 9 4 6 -5 15 8 -8 10 12 -12 -2 -14 -15 16 -1 18 19 -18 -19 -21 -23 25 -25 -22 27 -26 -24 -17
right_child=2 -3 -4 5 -6 -7 7 -9 -10 -11 11 -13 13 14 -16 29 17 20 -20 21 23 22 28 24 26 -27 -28 -29 -30 -31
leaf_value=5.3644061865777729e-05 -0.018489156257103557 0.040735345502689195 0.019763371120335157 -0.0013083110918711218 0.043848731091188413 -0.033010731216188006 0.032729480260658521 0.028579829347785607 -0.055575404784250326 0.0024289160661529791 -0.042821150314875073 -0.0085721560305650948 -0.014565623167341999 0.032589150871488608 -0.0032239486534039459 -0.024597982557466664 0.053757638480850106 -0.035645299195632002 0.054709599200888019 -0.021075122037476184 0.0059627096269786141 0.059859562195260688 -0.021363787595524788 -0.022152778141590099 0.031966685292330654 0.029213376059948334 0.027677853201654778 -0.025790877921971142 0.0054975474237035603 -0.00083407114719964866
leaf_weight=230.27356589143164 6.3180384263396325 2.7828882317990056 2.6658580591902128 6.8157509854063374 2.8117163381539276 3.0671187099069357 1.4232971048913887 3.9392397003248334 1.1056497972458601 7.7754277694039038 2.7357680089771739 3.1378308087587357 6.8624806404113761 1.9016443267464618 6.2383728930726647 2.2866359464824191 1.5213944064453233 1.9913924634456659 1.9233304671943177 3.2048978609964234 7.0197121724486369 1.5538410749286411 1.9408315643668177 3.0551677066832763 1.9681965447962282 2.8042190046980977 1.792234171181917 2.636749966070056 1.9152124132961033 2.4363658484071493
leaf_count=1856 34 28 31 78 37 26 36 36 12 55 21 25 48 17 75 23 38 15 34 30 43 22 24 40 29 40 39 20 21 35
internal_value=0.000433271 0.00134171 -0.0065732 0.000960376 0.00139141 -0.0111471 0.000956978 0.0151077 -0.00587721 -0.00858094 -0.0117289 -0.0245244 -0.00820386 -0.00387239 0.00514259 0.000615861 0.000847983 0.00633645 0.0150541 0.00752953 0.00139323 -0.00063448 0.0114749 0.00521961 -0.00245046 0.0125996 0.00695897 -0.00110476 -0.00802235 -0.0123393
internal_weight=327.905 290.269 37.6354 287.487 277.604 9.88287 274.792 6.46819 2.52895 34.9696 27.1941 5.8736 21.3205 15.0025 8.14002 268.324 263.601 33.3272 12.0595 10.1362 21.2677 8.61478 5.40989 19.2763 9.45235 9.82393 6.39718 4.60495 3.85604 4.723
internal_count=2868 2562 306 2534 2430 104 2393 84 48 275 220 46 174 140 92 2309 2251 395 169 135 226 97 67 211 128 83 88 49 45 58
is_linear=0
shrinkage=0.05


Tree=171
num_leaves=31
num_cat=0
split_feature=0 0 0 0 0 0 0 3 0 0 0 3 0 0 0 0 2 3 0 3 0 0 0 0 3 3 3 3 3 0
split_gain=0.668983 0.741981 0.796471 0.609231 0.594244 0.588225 0.777863 1.65246 1.54367 1.46462 0.652059 0.569071 0.72999 0.669435 0.511663 0.455383 0.451301 1.1016 0.42475 0.493265 0.51665 0.562712 0.395002 0.32441 0.306633 0.241551 0.221999 0.323412 0.34184 0.315263
threshold=0.013688349630683662 0.016558715142309669 0.016331557184457782 0.015837876126170162 0.015380621422082187 0.018161195330321792 0.018745350651443008 5.5000000000000009 0.019022217020392421 0.019423980265855793 0.019646776840090755 1.5000000000000002 0.014388924930244686 0.014724517706781627 0.014553235843777658 0.0087095452472567576 1.0000000180025095e-35 10.500000000000002 0.017743511125445369 1.5000000000000002 0.017524979077279571 0.016721292398869995 0.017230210825800899 0.0094179278239607828 15.500000000000002 1.5000000000000002 28.000000000000004 26.500000000000004 23.000000000000004 0.16935998946428302
decision_type=2 2 2 2 2 2 2 2 2 2 2 2 2 2 2 2 2 2 2 2 2 2 2 2 2 2 2 2 2 2
left_child=15 2 3 4 11 18 7 -7 -8 -10 -11 14 -13 -14 -2 -1 -15 -18 19 22 21 -21 -3 -17 -19 -20 27 28 -12 -28
right_child=1 5 -4 -5 -6 6 8 -9 9 10 26 12 13 16 -16 23 17 24 25 20 -22 -23 -24 -25 -26 -27 29 -29 -30 -31
leaf_value=-0.0099348123765232513 0.025346486727987234 0.0048222666357181417 -0.034574065517294882 0.018300795881278781 -0.023951602745041503 -0.04472815400777528 0.030642627224868303 0.0045398695692518897 -0.029638338544096809 0.026519625434741553 0.00065974757015245609 -0.02283068177933158 0.021270317713031724 0.0031414012735812551 -0.0030289434848510799 0.022494179197353029 -0.043636278696388392 0.019531678358670347 0.034113329132888351 0.0036076457454018145 -0.0056657821094650883 0.028672929335643506 -0.018999215910594083 0.0068340214840056125 -0.013094458819022867 0.011071795897381671 -0.012292319790909528 0.018003247080058276 -0.014367801512734599 0.0046423989115032859
leaf_weight=3.7263783253729335 2.700050938408828 3.9980901279486778 2.439187124837189 2.5926855797879389 4.3918779641389838 2.9685480874031773 4.1668139738030723 3.9887638748623431 4.1117856060154727 2.3790903384797266 191.42142496514134 6.0093221981078413 2.5406811060383907 5.1186312288045865 3.8597145187668502 3.678991495165973 2.2956828065216541 1.4030908085405829 2.151065155863761 4.1169505724683386 3.3848840193822971 4.9091299483552575 3.0814413260668516 32.711551136570051 1.4795717671513555 2.4137967466376722 7.8726132749579829 2.6332188211381427 3.8606366310268632 4.2221790850162506
leaf_count=39 22 23 19 33 29 32 34 37 35 29 1568 41 24 25 25 36 16 27 20 21 34 42 29 348 23 27 94 47 35 32
internal_value=0.000665293 -0.000181436 -0.00702119 -0.00494636 -0.00696902 0.000765131 -2.06708e-05 -0.0164818 0.000498324 -8.18384e-05 0.000490366 -0.00403337 -0.00844807 -0.00171556 0.00865061 0.00671254 -0.00738711 -0.0177942 0.00820082 0.00498543 0.010993 0.0172402 -0.00554629 0.00841722 0.0027858 0.0219295 0.000195494 0.000597364 0.00036266 -0.00638057
internal_weight=326.628 286.511 34.8305 32.3913 29.7986 251.68 227.625 6.95731 220.668 216.501 212.389 25.4067 18.847 12.8377 6.55977 40.1169 10.297 5.17835 24.0554 19.4905 12.411 9.02608 7.07953 36.3905 2.88266 4.56486 210.01 197.915 195.282 12.0948
internal_count=2846 2423 284 265 232 2139 1943 69 1874 1840 1805 203 156 115 47 423 91 66 196 149 97 63 52 384 50 47 1776 1650 1603 126
is_linear=0
shrinkage=0.05


Tree=172
num_leaves=31
num_cat=0
split_feature=0 0 0 0 3 0 0 0 0 3 0 1 3 3 3 3 3 0 3 0 3 0 3 0 0 0 0 0 0 3
split_gain=0.521226 1.47685 1.0776 0.603042 0.437868 0.687086 0.293246 0.656058 0.582637 0.56117 0.540036 0.777703 0.558604 0.616918 0.534423 2.29912 1.03446 1.01646 1.11227 0.573275 0.696126 0.995412 0.557325 0.536707 0.495605 0.465349 0.424443 0.435125 0.896276 0.943735
threshold=0.072381693869829192 0.072238828986883177 0.073521811515092864 0.071858659386634841 21.500000000000004 0.073012433946132674 0.063061632215976729 0.061963930726051338 0.065406177192926421 8.5000000000000018 0.064088813960552229 1.0000000180025095e-35 11.500000000000002 9.5000000000000018 13.500000000000002 8.5000000000000018 11.500000000000002 0.068705819547176375 5.5000000000000009 0.069628302007913603 15.500000000000002 0.070586379617452635 16.500000000000004 0.069201733916997923 0.062229327857494361 0.069155588746070876 0.061847647652029998 0.020615364424884323 0.020097580738365654 1.5000000000000002
decision_type=2 2 2 2 2 2 2 2 2 2 2 2 2 2 2 2 2 2 2 2 2 2 2 2 2 2 2 2 2 2
left_child=1 3 4 6 5 -2 7 26 10 24 12 -12 13 -8 15 17 25 -10 23 22 -21 -22 -16 -19 -9 -17 27 28 -1 -30
right_child=2 -3 -4 -5 -6 -7 8 9 14 -11 11 -13 -14 -15 19 16 -18 18 -20 20 21 -23 -24 -25 -26 -27 -28 -29 29 -31
leaf_value=-8.813713602808341e-05 0.03480975665359836 -0.038372493492541959 0.0013294204947467687 0.023137687378304586 0.0019231090867778073 0.0067619370632966587 -0.0027712105805019322 0.036093098105906732 0.0087590338631244376 -0.00060390740703396165 -0.0073678614347631316 -0.046120264655204801 0.01128811885983819 -0.025862432096042533 0.02499587438478169 0.020582878315243358 0.006397957810256415 0.015345511054711027 -0.032682279480264247 -0.043351939705343227 0.021482339671977452 -0.045703220931654916 -0.007212703410211338 -0.0094770947784523583 0.0086955294637227881 0.057188045864037841 -0.015254228735810796 0.0054570067877847198 0.0039565407476026678 -0.032231407617582863
leaf_weight=129.49459873978049 5.3394989422522467 2.5680492883548132 56.152250580489635 2.723262693732976 3.2433728557080022 3.6941666561178863 8.5903792046010548 3.1112475330010039 10.283648946788164 5.0204243771731853 3.0283177597448221 2.2614931873977184 3.7854482652619472 4.3608647286891928 1.6536693703383187 1.2773729199543589 2.9467380316928029 2.9112417125143102 4.433355411514639 2.1853575017303219 1.4478264572098853 0.89032050874084223 7.1512882094830275 8.6415013521909696 3.5160274058580399 2.7106552459299564 4.5906548500061026 31.468659461708739 2.9908864293247452 4.5308715291321278
leaf_count=1146 37 19 499 25 35 20 61 22 81 33 16 30 37 27 34 23 44 20 33 21 37 20 72 61 21 38 24 250 24 37
internal_value=0.000382868 -0.000644049 0.00426329 -0.000265587 0.0176821 0.0233401 -0.000517216 0.000519253 -0.00330983 0.0120055 -0.0100093 -0.0239352 -0.0056079 -0.0105463 -0.0001386 0.00325627 0.0288636 -0.00350362 -0.011392 -0.00859608 -0.0230634 -0.0041006 -0.00116357 -0.0032219 0.0215576 0.0454633 -0.000253752 0.000154961 -0.00106276 -0.0178419
internal_weight=327.003 258.574 68.4293 256.006 12.277 9.03367 253.283 184.723 68.5595 11.6477 22.0265 5.28981 16.7367 12.9512 46.533 33.2045 6.93477 26.2697 15.9861 13.3285 4.5235 2.33815 8.80496 11.5527 6.62727 3.98803 173.076 168.485 137.016 7.52176
internal_count=2847 2256 591 2237 92 57 2212 1557 655 76 171 46 125 88 484 300 105 195 114 184 78 57 106 81 43 61 1481 1457 1207 61
is_linear=0
shrinkage=0.05


Tree=173
num_leaves=31
num_cat=0
split_feature=0 0 0 0 0 3 0 0 2 0 3 3 0 0 0 0 3 3 3 3 0 0 0 0 0 3 3 0 0 2
split_gain=0.362395 0.687713 0.517261 1.03999 0.876591 0.843227 0.644483 1.15363 0.436091 0.325588 0.312836 1.08766 0.798109 0.757312 0.498755 0.477912 0.950217 0.375124 0.299534 0.413408 0.58572 1.14867 0.443302 0.772554 1.43854 0.255894 0.617565 0.753511 0.590745 0.331177
threshold=0.013045935891568662 0.013030957430601122 0.071224898099899306 0.071858659386634841 0.069860793650150313 11.500000000000002 0.072238828986883177 0.072381693869829192 1.0000000180025095e-35 0.012910410296171905 26.500000000000004 18.500000000000004 0.063992727547884001 0.066398397088050856 0.015093456488102676 0.013688349630683662 4.5000000000000009 17.500000000000004 17.500000000000004 2.5000000000000004 0.010400011669844391 0.011630491819232704 0.0087095452472567576 0.011630491819232704 0.010400011669844391 20.500000000000004 25.000000000000004 0.22346362471580508 0.22346362471580508 1.0000000180025095e-35
decision_type=2 2 2 2 2 2 2 2 2 2 2 2 2 2 2 2 2 2 2 2 2 2 2 2 2 2 2 2 2 2
left_child=1 9 4 -4 10 8 -5 -8 -6 18 11 15 -12 14 -13 16 -2 -18 19 20 -1 -22 -21 24 -24 29 27 -27 -28 -9
right_child=2 -3 3 6 5 -7 7 25 -10 -11 12 13 -14 -15 -16 -17 17 -19 -20 22 21 -23 23 -25 -26 26 28 -29 -30 -31
leaf_value=-0.019293507824236864 -0.00056822196796437949 -0.033538100401541059 -0.033533297468136963 0.020835758964051279 0.038390931576274934 -0.0049719941369413328 -0.036745506969216239 0.0022967682456666518 0.011434958793655071 0.015907814024661081 0.037499462616647307 -0.022425430635718724 0.00022197272908000993 -0.042302398841759507 0.010163798455401369 -0.00012992122645117928 0.057223316231185199 0.017742317590496073 -0.023454819971268352 -0.014411161807829859 0.011096611427621359 -0.022342438589858189 0.026928483737934928 0.052395037567539077 -0.028342090685633144 0.0017217303676583411 -0.011473335970921587 -0.033969616049409367 0.013292054512649441 -0.0058397882679247191
leaf_weight=7.2134420052170887 4.344009925145655 2.1390183195471755 2.888140177819877 2.7425485411658874 3.4350854530930501 3.2321281339973211 2.5711447587236753 31.495255695655942 2.6639977181330323 1.8870694688521314 1.9557686708867539 2.6358692441135636 5.401191458106041 2.4134071376174688 2.1169160604476929 184.75272810319439 1.2727386825717986 1.1410196106880903 2.1560989348217836 2.0741028636693946 7.0991784157231432 4.0238772076554596 2.8674272196367383 1.0047530317679045 1.9972850335761902 2.3868055101484051 5.3222059607505781 3.8870794642716646 4.3975919838994741 20.742289611604065
leaf_count=49 26 10 17 29 28 61 19 202 29 23 25 25 54 27 23 1494 33 12 34 26 43 31 40 51 32 28 49 27 54 231
internal_value=-0.00112572 -0.0061372 -0.000568192 -0.0041019 0.000685922 0.0156752 -0.00294612 -0.00386731 0.0266169 -0.00420432 7.06041e-06 -0.000367856 0.0101318 -0.0194926 -0.00791001 0.000347777 0.0134077 0.0385601 -0.005539 -0.00406913 -0.00819671 -0.0010003 0.00545877 0.0124802 0.00423627 -0.00262837 -0.0081622 -0.0203914 -0.000268568 -0.000934065
internal_weight=324.26 32.4623 291.798 76.4331 215.365 9.33121 73.5449 70.8024 6.09908 30.3232 206.034 198.677 7.35696 7.16619 4.75279 191.51 6.75777 2.41376 28.4362 26.2801 18.3365 11.1231 7.94357 5.86947 4.86471 68.2312 15.9937 6.27388 9.7198 52.2375
internal_count=2832 339 2493 656 1837 118 639 610 57 329 1719 1640 79 75 48 1565 71 45 306 272 123 74 149 123 72 591 158 55 103 433
is_linear=0
shrinkage=0.05


Tree=174
num_leaves=31
num_cat=0
split_feature=0 0 0 0 0 0 1 3 1 3 0 3 0 3 0 0 3 0 0 3 0 0 0 0 0 0 0 2 0 0
split_gain=0.696278 0.774069 1.44237 0.858292 0.705075 0.694301 0.667059 0.957304 0.600222 0.552845 0.533325 0.418593 0.385465 1.30033 1.29111 0.675814 0.648173 0.358031 1.08731 0.958418 0.670212 0.423 1.09982 0.679582 1.27568 0.536498 0.493282 0.471645 0.975131 1.06334
threshold=0.065406177192926421 0.068705819547176375 0.067474525421857848 0.065984569489955916 0.064088813960552229 0.063968017697334303 1.0000000180025095e-35 9.5000000000000018 1.0000000180025095e-35 10.500000000000002 0.063921783119440093 15.500000000000002 0.22666641324758532 16.500000000000004 0.22997444868087771 0.26472581923007971 18.500000000000004 0.062838669866323485 0.062041370198130615 21.500000000000004 0.01505062496289611 0.060224367305636413 0.060366710647940643 0.020097580738365654 0.019975381903350357 0.019844993948936466 0.061601502820849426 1.0000000180025095e-35 0.053663928061723716 0.021620291285216812
decision_type=2 2 2 2 2 2 2 2 2 2 2 2 2 2 2 2 2 2 2 2 2 2 2 2 2 2 2 2 2 2
left_child=4 2 3 -2 5 10 -5 -8 -6 -3 17 -4 -11 14 -14 16 -15 18 19 21 -21 23 -23 24 25 -1 -24 -25 29 -29
right_child=1 9 11 6 8 -7 7 -9 -10 12 -12 -13 13 15 -16 -17 -18 -19 -20 20 -22 22 26 27 -26 -27 -28 28 -30 -31
leaf_value=-0.00020206081861748023 0.029897368606026455 -0.0024884847186607381 0.053370911177463981 0.01160014738697147 -0.0036985544828295465 0.024598915505911444 -0.035547163245860602 0.010467525812901758 -0.038296519872772841 0.0016547587064643021 -0.020200916551177561 0.019012130175176913 0.008765268693350696 0.03882406140699815 0.054816014474756924 -0.0065346723846229351 0.0010800887174955154 0.0065246821401273554 -0.021344849907570601 -0.045536030192174164 -0.0019778226105410051 0.031582458367044007 -0.012315378430392744 -0.013783183010695517 0.033451766750338736 -0.020375543613243986 0.0079497814743066907 -0.0015824618986250974 -0.015037099822586894 0.043948274494736726
leaf_weight=122.582358348649 2.5691048623993984 50.966313381679356 2.3188431393355127 4.1468825382180494 2.5816518859937778 2.511539487168192 2.6627837829291821 1.9639894710853694 2.436835759319365 36.111082564108074 3.8843786353245369 1.435052618384361 3.3971650600433376 1.9695692360401142 2.7575357793830335 8.7674936875700933 2.6923128999769688 13.007693976629524 7.0290488181635729 2.0548097593709822 1.5486934985965488 3.5370098100975182 4.9277667822316271 17.120738259982318 2.7876139273867002 3.3867466202937058 7.6873261933214962 3.7394640189595538 5.8519329461269081 1.9515607208013532
leaf_count=1079 27 367 29 32 17 21 21 41 33 375 27 29 24 13 50 58 44 93 45 40 16 20 34 105 17 22 47 53 56 26
internal_value=-0.000230234 0.00277437 0.0133712 0.00448018 -0.00198377 -0.00152743 -0.00296249 -0.0160147 -0.0204983 0.00127452 -0.00185372 0.0402361 0.00471803 0.0103664 0.0293977 0.0016443 0.0170263 -0.00149235 -0.00205848 -0.00129333 -0.0268158 -0.000763466 0.0069423 -0.00155412 -4.07966e-06 -0.000744436 3.37097e-05 -0.00851684 -0.000705706 0.0140309
internal_weight=330.385 121.758 15.0967 11.3428 208.627 203.609 8.77366 4.62677 5.01849 106.661 201.097 3.7539 55.6952 19.5841 6.1547 13.4294 4.66188 197.213 184.205 177.176 3.6035 173.573 16.1521 157.42 128.757 125.969 12.6151 28.6637 11.543 5.69102
internal_count=2861 1110 179 121 1751 1701 94 62 50 931 1680 58 564 189 74 115 57 1653 1560 1515 56 1459 101 1358 1118 1101 81 240 135 79
is_linear=0
shrinkage=0.05


Tree=175
num_leaves=31
num_cat=0
split_feature=3 0 0 0 2 0 0 0 0 3 3 3 0 0 0 0 0 0 0 0 0 0 3 0 0 0 3 1 0 0
split_gain=0.677519 0.76068 0.454585 0.369952 0.467702 0.30265 1.42949 0.531396 0.591635 1.32116 0.269715 0.395269 0.462195 1.56024 0.807745 0.408103 0.843416 0.488877 0.451717 0.390631 0.363978 0.284513 0.448784 0.339688 0.938979 0.590256 1.07879 0.769447 0.398395 0.239446
threshold=23.000000000000004 0.28557106852531439 0.0087095452472567576 0.013688349630683662 1.0000000180025095e-35 0.069155588746070876 0.063992727547884001 0.07298659905791284 0.22037933766841891 28.000000000000004 19.500000000000004 13.500000000000002 0.072047267109155669 0.22446664422750476 0.069887049496173873 0.061933303251862533 0.060224367305636413 0.067683413624763503 0.062838669866323485 0.069155588746070876 0.073063034564256682 0.014388924930244686 6.5000000000000009 0.015567715279757978 0.016035764478147033 0.014962770044803621 1.5000000000000002 1.0000000180025095e-35 0.014724517706781627 0.063483141362667098
decision_type=2 2 2 2 2 2 2 2 2 2 2 2 2 2 2 2 2 2 2 2 2 2 2 2 2 2 2 2 2 2
left_child=1 2 -1 4 -4 6 -2 -7 -9 -10 11 21 14 -14 15 16 -13 18 -17 -12 -21 22 -5 25 -25 26 -23 -27 -28 -26
right_child=5 -3 3 10 -6 7 -8 8 9 -11 19 12 13 -15 -16 17 -18 -19 -20 20 -22 23 -24 24 29 27 28 -29 -30 -31
leaf_value=-0.016379200954048611 0.0024357087436547645 0.016482902286098444 0.01133040246771346 0.0015440063243178587 -0.00038653875667652137 0.015402924974621146 -0.043242086803610302 -0.024790891961957287 -0.015026535357914842 0.034028132107613053 0.030346748429288278 -0.0015618689264974388 0.031467649064621218 -0.011946317894659974 -0.040941419869493512 -0.004139366229313656 -0.032503103915318486 -0.0098091483179970941 0.032829146053845237 -0.0081379631589890977 0.017262008873794383 -0.025919972442654302 -0.021782883029301574 -0.024781014276119149 0.0022068589948881011 0.0056717244261752049 0.025336268689355419 0.041979376288544229 -0.001280364164200629 -0.0012689963071485406
leaf_weight=4.0112139717675737 3.9969625459052649 7.479681607335805 17.021509122569114 4.6937193982303125 17.046035360079259 2.7229177774861446 2.9972030092030764 3.9047357998788339 4.5311473365873098 1.9690263569355009 1.7026266381144513 5.4788289722055286 3.1825919523835164 5.9174615778028965 1.9524433482438315 1.5173742175102227 3.6829891949892044 4.0892100464552641 1.8143283380195496 3.1976467920467257 2.5234762504696846 2.7933284044265729 3.6772413495928049 3.7042772579006842 108.86708181421272 3.7291314592584959 2.825831675902009 2.3972972240298986 2.7978178709745407 90.933722343761474
leaf_count=42 52 51 121 30 233 43 28 37 49 17 20 49 30 49 36 11 18 44 36 24 38 17 27 27 856 24 27 33 15 738
internal_value=0.00015064 0.000733134 0.000339876 0.000566791 0.00546771 -0.00873751 -0.0171386 -0.00426165 -0.00940777 -0.000166943 -7.17412e-05 -0.000346248 -0.00599143 0.00323699 -0.0105222 -0.00694069 -0.014 0.00177474 0.0159924 0.00932239 0.00306547 0.000342765 -0.00870316 0.000690041 0.000162473 0.00807228 -0.000521469 0.0198791 0.0120942 0.000624921
internal_weight=327.159 307.037 299.557 295.546 34.0675 20.122 6.99417 13.1278 10.4049 6.50017 261.478 254.055 27.6352 9.10005 18.5352 16.5827 9.16182 7.42091 3.3317 7.42375 5.72112 226.419 8.37096 218.048 203.505 14.5434 8.41698 6.12643 5.62365 199.801
internal_count=2822 2596 2545 2503 354 226 80 146 103 66 2149 2067 273 79 194 158 67 91 47 82 62 1794 57 1737 1621 116 59 57 42 1594
is_linear=0
shrinkage=0.05


Tree=176
num_leaves=31
num_cat=0
split_feature=0 0 0 0 0 0 0 3 0 3 0 0 0 3 3 0 3 0 3 0 3 0 3 0 3 3 0 0 0 0
split_gain=0.392999 0.819271 0.912988 0.961738 0.58005 0.933517 0.549572 0.95935 0.773025 0.538682 0.490194 1.01452 0.711786 1.09851 0.562311 0.475544 0.465616 0.428297 1.09521 0.780248 1.11801 0.576635 1.24684 1.85377 1.13678 0.882994 0.594144 0.548462 0.412879 0.704267
threshold=0.057193430140614517 0.063195791095495238 0.065406177192926421 0.064088813960552229 0.063774496316909804 0.063483141362667098 0.020097580738365654 9.5000000000000018 0.020934947766363624 12.500000000000002 0.061601502820849426 0.060366710647940643 0.061933303251862533 2.5000000000000004 3.5000000000000004 0.02239526063203812 16.500000000000004 0.07252297550439836 29.500000000000004 0.072267085313797011 8.5000000000000018 0.069628302007913603 15.500000000000002 0.067927919328212752 15.500000000000002 13.500000000000002 0.067683413624763503 0.070647068321704878 0.019975381903350357 0.019912107847630981
decision_type=2 2 2 2 2 2 2 2 2 2 2 2 2 2 2 2 2 2 2 2 2 2 2 2 2 2 2 2 2 2
left_child=6 9 3 4 5 -3 28 8 -8 10 11 14 -12 -14 -2 -10 -11 18 19 20 -4 22 26 -24 25 -23 -22 -26 29 -1
right_child=1 2 17 -5 -6 -7 7 -9 15 16 12 -13 13 -15 -16 -17 -18 -19 -20 -21 21 24 23 -25 27 -27 -28 -29 -30 -31
leaf_value=-0.0012966002177737677 0.026627698743128394 0.0020305122353634865 -0.0014136185660317555 -0.029624880174909052 0.004775548777914182 -0.032849321204315073 -0.029088763482364801 0.0044337436109428046 0.0046592513580560576 -0.014227591927452009 0.037347997111951296 -0.017079975268180256 -0.0033175241201815436 0.030838692233300727 -0.0044743319649595019 -0.018982372918311105 0.010705506498218309 -0.0017970259911010385 -0.026519810741846485 0.032515226100018536 0.011252605476832227 0.0087577088543353224 0.038317549260693029 -0.026190590570688184 0.056437413716021061 -0.029864474161566731 0.055298325143174024 0.013202889830840912 0.017098819924435286 -0.02919275661789611
leaf_weight=126.95722326124087 4.1624322235584312 4.0973636638373163 29.952781211119145 4.9671613648533812 8.2566539286635798 3.6069898814894259 7.0758680761791792 7.9884484503418198 4.4156630546785873 4.2873550690710536 3.5829322924837461 3.7164247839245945 5.522383477073161 4.1028864867985249 2.232788072898984 4.1039172289893031 3.3243611240759492 65.12370607862249 2.7413504840806118 2.6170108653604975 1.0288051478564755 3.7452729344367963 2.1979133244603872 2.2576770149171352 1.239139970391989 2.4465966522693634 2.9931534044444561 1.7977978801354764 2.9580681752413502 2.3035522215068331
leaf_count=1125 33 30 221 44 62 28 47 86 39 25 20 28 32 33 24 28 21 571 32 19 28 48 39 20 25 21 48 35 19 13
internal_value=-0.00081128 0.000851174 -0.000785806 -0.0104113 -0.00443189 -0.0142994 -0.00262523 -0.0096565 -0.0168739 0.00821109 0.0119809 0.00369567 0.0183236 0.011242 0.0157689 -0.00672902 -0.00333824 0.000919301 0.00425588 0.00593396 0.00447435 0.0144347 0.0238491 0.00563085 0.00578663 -0.00650309 0.0440316 0.0308436 -0.00137106 -0.00179374
internal_weight=325.804 170.001 139.069 20.9282 15.961 7.70435 155.803 23.5839 15.5954 30.9316 23.3198 10.1116 13.2082 9.62527 6.39522 8.51958 7.61172 118.141 53.0175 50.2761 47.6591 17.7064 8.47755 4.45559 9.22881 6.19187 4.02196 3.03694 132.219 129.261
internal_count=2844 1487 1271 164 120 58 1357 200 114 216 170 85 85 65 57 67 46 1107 536 504 485 264 135 59 129 69 76 60 1157 1138
is_linear=0
shrinkage=0.05


Tree=177
num_leaves=31
num_cat=0
split_feature=0 0 0 0 0 3 0 0 1 0 0 0 0 0 0 0 3 0 0 0 3 0 0 0 0 0 3 0 3 0
split_gain=0.544539 0.870907 0.737603 0.570278 0.444814 0.472244 0.457761 1.80417 0.390921 0.759636 0.54829 1.39936 1.20874 0.542373 1.46263 0.700155 1.13163 0.991869 0.820651 0.726284 0.518216 0.844668 0.637851 0.496482 0.718581 0.556813 0.471843 0.698862 0.742761 0.434128
threshold=0.24623500555753711 0.23922593146562579 0.27557592093944555 0.26472581923007971 0.015837876126170162 11.500000000000002 0.066398397088050856 0.067192967981100096 1.0000000180025095e-35 0.016608297824859623 0.064849406480789198 0.061601502820849426 0.057802254334092147 0.016608297824859623 0.017230210825800899 0.020512533374130729 6.5000000000000009 0.020127423107624057 0.019912107847630981 0.018745350651443008 9.5000000000000018 0.038142754696309573 0.062328308820724494 0.017230210825800899 0.017724422737956051 0.018161195330321792 11.500000000000002 0.018291921354830269 8.5000000000000018 0.057193430140614517
decision_type=2 2 2 2 2 2 2 2 2 2 2 2 2 2 2 2 2 2 2 2 2 2 2 2 2 2 2 2 2 2
left_child=1 4 3 -2 5 -1 8 -8 9 -6 11 12 23 -10 -15 16 -16 18 19 26 21 -17 -23 -11 -25 -26 27 28 -18 -22
right_child=2 -3 -4 -5 6 -7 7 -9 13 10 -12 -13 -14 14 15 20 17 -19 -20 -21 29 22 -24 24 25 -27 -28 -29 -30 -31
leaf_value=0.0042041263134793864 0.0096592476397564121 -0.023970922761008623 -0.0014471447321139379 0.03943363161261184 -0.021791427021793802 -0.0057158873036305159 0.043424082957862709 -0.0009696405693780417 0.011862624844635867 0.012532074998969434 -0.01709559929802865 0.015171350263055265 -0.035373026260119129 -0.04016207792959918 0.022050087744267109 -0.042938833549096792 0.024248853048010152 0.02338477951443791 -0.037153349555177115 0.014604424406240046 0.0067139779789080097 -0.00068116157113320508 -0.021981677123659591 -0.023265814347375964 0.016862317739378341 -0.0031100722573199112 0.0073482840677489133 -0.039073888673289203 -0.027664597551546044 -0.0088381440853979882
leaf_weight=53.521892034448683 5.0018205307424095 4.392922891303896 10.388069067150353 2.3703135857358575 4.4161344710737458 15.463493420276789 2.3489900454878798 89.055183534510434 3.6332640210166565 5.7738675069995216 4.5613875566050401 13.379676860291509 2.7382215952966353 3.3535144925117484 4.9826741758734014 2.6078420318663147 1.294044569600372 2.5301566198468199 2.4123618863522998 3.3102261181920767 5.65663421340287 6.634892921894787 7.4734458196908236 3.9962655287235966 3.9235953921452156 31.557343241758645 1.987465428188443 2.7218595398589969 1.4736786610446868 21.70566286239773
leaf_count=441 34 54 68 29 33 208 33 826 33 33 36 89 24 23 32 20 17 22 15 46 65 44 59 33 34 222 24 18 26 180
internal_value=-0.00137547 -0.00186806 0.00713679 0.0192324 -0.00154709 0.00198049 -0.00258916 0.000171231 -0.00436445 -0.00171561 -0.000370901 0.0008722 -0.00311448 -0.00696046 -0.00796405 -0.00629751 0.0012849 -0.00529282 -0.0107899 -0.00489418 -0.00986049 -0.0167967 -0.0119644 -0.00116246 -0.0031654 -0.000901462 -0.0135266 -0.0210842 -0.00339255 -0.00562304
internal_weight=324.667 306.907 17.7602 7.37213 302.514 68.9854 233.528 91.4042 142.124 70.3465 65.9304 61.369 47.9893 71.7777 68.1445 64.7909 20.7125 15.7298 13.1996 10.7873 44.0785 16.7162 14.1083 45.2511 39.4772 35.4809 7.47705 5.48958 2.76772 27.3623
internal_count=2821 2690 131 63 2636 649 1987 859 1128 504 471 435 346 624 591 568 200 168 146 131 368 123 103 322 289 256 85 61 43 245
is_linear=0
shrinkage=0.05


Tree=178
num_leaves=31
num_cat=0
split_feature=3 0 0 3 0 0 0 0 0 3 0 0 0 3 0 3 0 0 0 3 0 0 2 0 0 3 3 0 0 0
split_gain=0.595082 0.528783 1.1749 0.453461 0.979555 0.87169 0.611216 0.489248 0.646896 1.71484 1.46397 0.646492 0.687333 1.24652 0.931955 0.717515 0.662746 0.498382 0.863256 0.746657 0.885907 1.01759 0.470063 0.647974 0.633325 0.905343 0.585737 0.590694 1.26959 0.404991
threshold=9.5000000000000018 0.011630491819232704 0.013319531921297314 20.500000000000004 0.020678895525634292 0.014063016045838596 0.063992727547884001 0.063921783119440093 0.069628302007913603 15.500000000000002 0.064849406480789198 0.057193430140614517 0.017922886647284034 10.500000000000002 0.017724422737956051 12.500000000000002 0.016558715142309669 0.072689861059188857 0.16935998946428302 15.500000000000002 0.071224898099899306 0.070391923189163222 1.0000000180025095e-35 0.22037933766841891 0.24178089201450351 16.500000000000004 10.500000000000002 0.21592056751251223 0.22858404368162158 0.25223581492900854
decision_type=2 2 2 2 2 2 2 2 2 2 2 2 2 2 2 2 2 2 2 2 2 2 2 2 2 2 2 2 2 2
left_child=29 -2 -3 5 -5 -4 -6 11 9 10 -9 12 14 -14 16 -15 -7 19 -19 20 21 -10 26 -24 -25 -26 -20 -28 -29 -1
right_child=1 2 3 4 6 7 -8 8 17 -11 -12 -13 13 15 -16 -17 -18 18 22 -21 -22 -23 23 24 25 -27 27 28 -30 -31
leaf_value=-0.0018951931637849401 -0.019790457785603146 0.02560371940356599 0.035595208451823866 -0.03177660211427201 0.028346772075624554 -0.0074765975002086694 -0.0029238601370157567 0.0077973491493591235 -0.021991558950382607 -0.015352322568690256 0.055047978625867744 -0.010303660720206866 0.04184641118947853 -0.0086607462393974086 -0.038633939666377272 0.017626473143454467 0.023507028798161359 0.03810325939577227 -0.015852418900674434 0.016331295951908392 -0.044792798113928417 0.027382435763175363 0.036050569784634744 -0.0047523284207229158 0.05404655264951766 -0.0026027584597693629 -0.013446583187035129 0.034663487899292529 -0.00089556368644541206 -0.018973167722080662
leaf_weight=198.48783823754638 2.679833320900797 5.3383099385537198 2.0458229118958107 2.8461058512330082 1.6768041029572511 6.6652037212625164 22.953700380865484 3.2526435777544958 2.9013070836663228 2.762650839984417 3.3049489054828882 13.890444207936524 2.6151680639013639 5.7257011057808977 1.8258395791053761 4.7488531786948442 2.3290157932788134 1.9640521639958013 4.7419414743781116 2.411178370937705 1.9153159409761427 1.6297592949122188 2.2999196406453866 5.0354712307453156 1.3675019424408676 1.4564327001571653 3.6515931487083426 3.5456295982003203 8.5954157840460521 3.5332607477903357
leaf_count=1434 53 107 31 25 24 86 239 22 31 47 69 96 38 62 11 56 31 30 28 40 11 28 41 39 32 17 20 28 61 17
internal_value=-0.000511276 0.00218274 0.00265955 0.00162295 -0.00400417 0.00332797 -0.000795007 0.0025832 0.00578646 0.0176905 0.0316111 -0.00172471 0.00325925 0.0109668 -0.00606505 0.0032571 0.000546484 0.003114 0.00596704 -0.00740522 -0.0162835 -0.00423244 0.0039107 0.0127077 0.00587676 0.0248299 -0.000441526 0.00418579 0.00948898 -0.00219388
internal_weight=328.198 126.177 123.497 118.158 27.4766 90.6818 24.6305 88.636 50.8358 9.32024 6.55759 37.8002 23.9098 13.0897 10.8201 10.4746 8.99422 41.5155 32.658 8.85756 6.44638 4.53107 30.6939 10.1593 7.85941 2.82393 20.5346 15.7926 12.141 202.021
internal_count=2854 1403 1350 1243 288 955 263 924 544 138 91 380 284 156 128 118 117 406 296 110 70 59 266 129 88 49 137 109 89 1451
is_linear=0
shrinkage=0.05


Tree=179
num_leaves=31
num_cat=0
split_feature=0 0 0 3 0 0 0 0 0 3 0 3 0 0 0 3 3 3 3 3 0 0 3 0 0 0 0 0 0 2
split_gain=0.377639 0.889654 0.755702 0.345545 0.967558 0.530342 0.507003 0.500052 1.93005 0.709269 1.97096 0.530285 0.39175 1.24025 0.92432 1.36273 0.714454 0.615786 0.991609 1.07401 0.815902 1.2256 0.719068 0.825467 1.88553 1.39026 0.694317 0.475096 0.426772 0.888839
threshold=0.0071774523239582786 0.010077058337628843 0.0089109009131789225 23.000000000000004 0.20603106915950778 0.073012433946132674 0.070586379617452635 0.070647068321704878 0.070977650582790389 19.500000000000004 0.22382622212171557 17.500000000000004 0.015567715279757978 0.016558715142309669 0.014388924930244686 14.500000000000002 6.5000000000000009 12.500000000000002 13.500000000000002 16.500000000000004 0.066398397088050856 0.069201733916997923 10.500000000000002 0.063968017697334303 0.069785099476575865 0.063061632215976729 0.060366710647940643 0.014221488498151304 0.068705819547176375 1.0000000180025095e-35
decision_type=2 2 2 2 2 2 2 2 2 2 2 2 2 2 2 2 2 2 2 2 2 2 2 2 2 2 2 2 2 2
left_child=-1 2 -2 7 5 6 -5 12 -9 11 -11 -10 14 16 27 -16 -14 22 -19 26 -21 -22 28 25 -25 -24 -20 -3 -15 -30
right_child=1 3 -4 4 -6 -7 -8 8 9 10 -12 -13 13 17 15 -17 -18 18 19 20 21 -23 23 24 -26 -27 -28 -29 29 -31
leaf_value=0.023577791136573531 0.00037978086624323326 0.0013849924969878918 -0.033762276816488294 0.0021329097133563641 -0.020922355675609277 0.022577707474765178 -0.02898930222488702 0.046271925321207975 0.0034590914302440206 -0.0061630044914881546 0.05022918675333609 -0.012446761840952818 -0.03003750579301805 0.0011815133895300188 0.021878952379971325 -0.014016524148934714 -3.9080384372302863e-06 0.022134175934684995 0.004472356405201946 0.030083697817338762 -0.025875366139187447 0.029827072166217456 -0.0074972615084406488 0.054724020105021566 -0.022455962428632459 -0.048046525729753986 -0.02578260730471639 -0.021435716589274643 -0.023318002640555016 0.0028926769003353157
leaf_weight=1.8263438157737244 3.0888911010697475 35.566195332445204 3.4098878912627697 8.8148401831276733 6.5671414006501427 2.6507881432771674 1.5367455445229996 2.7576008588075629 55.157279197592288 3.3858486860990515 2.8568134438246489 5.790119305253028 5.5083627961575967 111.86449384572916 12.508668294642119 3.3527418710291377 3.0914934501051903 7.9199721543118384 3.3207750618457776 3.7995685003697872 2.3225057683885098 1.7179767433553932 7.7945248568430525 1.3753784811124199 1.8635803777724502 2.9003941901028156 4.4206459205597639 2.436940684914588 5.6527309226803464 7.5607842514291406
leaf_count=20 32 358 34 109 64 31 21 48 457 33 28 37 40 825 103 35 36 93 25 25 33 21 90 27 22 18 52 15 43 52
internal_value=0.000906026 0.000777032 -0.0175344 0.00115542 -0.00527858 0.00262266 -0.00248734 0.00158235 0.00527471 0.00359211 0.0196436 0.001948 0.000434356 -0.00073626 0.00415309 0.0142915 -0.019241 0.000242969 0.00772844 0.000406092 0.0134504 -0.00219119 -0.00102253 -0.0117967 0.0103174 -0.018494 -0.0128044 -7.83792e-05 0.000177728 -0.00832023
internal_weight=322.82 320.994 6.49878 314.495 19.5695 13.0024 10.3516 294.925 69.9477 67.1901 6.24266 60.9474 224.978 171.113 53.8645 15.8614 8.59986 162.513 23.5014 15.5815 7.84005 4.04048 139.012 13.9339 3.23896 10.6949 7.74142 38.0031 125.078 13.2135
internal_count=2827 2807 66 2741 225 161 130 2516 603 555 61 494 1913 1402 511 138 76 1326 249 156 79 54 1077 157 49 108 77 373 920 95
is_linear=0
shrinkage=0.05


Tree=180
num_leaves=31
num_cat=0
split_feature=0 0 3 0 0 0 3 3 3 3 0 0 3 3 2 2 0 3 0 0 0 0 0 0 0 3 0 2 0 0
split_gain=0.348074 0.455337 0.701448 0.533234 1.35518 0.970829 0.740567 1.23565 0.732249 0.559438 0.610782 1.35899 1.11136 0.531527 1.00445 0.814127 0.648315 0.514547 0.46373 0.499435 0.663055 0.482284 0.453725 0.937857 0.505543 0.806647 0.680635 1.73616 1.19501 1.00849
threshold=0.0087095452472567576 0.016331557184457782 19.500000000000004 0.013319531921297314 0.013688349630683662 0.013016127515584232 11.500000000000002 2.5000000000000004 6.5000000000000009 14.500000000000002 0.014063016045838596 0.014469849877059461 1.5000000000000002 7.5000000000000009 1.0000000180025095e-35 1.0000000180025095e-35 0.014921483583748342 16.500000000000004 0.017963821999728683 0.016558715142309669 0.016661843284964565 0.017805567942559723 0.018473540432751182 0.018291921354830269 0.01889823749661446 1.5000000000000002 0.019646776840090755 1.0000000180025095e-35 0.019773335196077827 0.020097580738365654
decision_type=2 2 2 2 2 2 2 2 2 2 2 2 2 2 2 2 2 2 2 2 2 2 2 2 2 2 2 2 2 2
left_child=-1 2 3 5 17 6 7 -2 -9 10 -6 -12 -13 14 -14 -15 -17 -5 19 -3 -21 -22 23 -20 25 -24 27 -26 -28 -30
right_child=1 18 -4 4 9 -7 -8 8 -10 -11 11 12 13 15 -16 16 -18 -19 22 20 21 -23 24 -25 26 -27 28 -29 29 -31
leaf_value=-0.014408352786768403 -0.00010092345563007906 -0.028179656151630147 0.023727206071203519 0.064088361028808369 -0.010748653741236963 -0.020318050143276197 -0.018321339852726715 0.012258779811595144 0.054749572006107194 -0.018285251239121975 0.036052980440884265 -0.012026640687321328 0.042258589683513974 -0.015164993635905625 0.0036830265398642655 -0.0056929805269081849 0.054105848434174687 0.018807502649656544 0.039023090059952553 0.011261818147053992 -0.0057805168411026713 -0.028814570824302523 0.0050237294618224442 -0.001250111052891323 -0.0098690843462549433 -0.036074904036864357 -0.030439077199656484 0.03511245513863237 0.017807987242863792 -0.00070154326290611648
leaf_weight=4.0601342674344769 16.71077607641929 2.4857718385756042 4.222837825305759 1.3109200419858125 4.3996364008635345 5.8781745093874624 3.6968713370151809 2.3749495688825837 1.7692925236187873 2.5342182442545882 3.998604558408263 6.8753083404153612 3.2794622182846052 3.0321212410926819 3.4762973356992006 0.82733614742755879 1.0024301959201691 1.2032388807274401 2.2707703774794927 5.1647649249061969 16.823545289691541 2.6273928335867813 2.2951465169899157 3.9780192095786333 4.0669444017112237 2.488260286860168 3.2786127226427189 4.5396831249818206 7.6434735222719601 197.76189158624038
leaf_count=40 115 17 63 25 30 44 66 19 56 24 33 44 16 16 34 11 32 16 35 26 137 21 20 29 36 25 18 46 50 1689
internal_value=0.000140024 0.000323457 0.00400573 0.00267045 0.00718308 -0.00206602 0.00230385 0.00595998 0.0303993 0.00417257 0.00628899 0.00962177 0.00390674 0.0133361 0.0224088 0.000729188 0.0270676 0.0424176 -0.00063656 -0.00682028 -0.00466334 -0.00889191 9.74356e-05 0.0133849 -0.000276452 -0.0163552 7.75036e-05 0.013857 -0.000490798 -1.2773e-05
internal_weight=326.077 322.017 66.5925 62.3696 31.9396 30.4301 24.5519 20.855 4.14424 29.4254 26.8912 22.4916 18.493 11.6176 6.75576 4.86189 1.82977 2.51416 255.424 27.1015 24.6157 19.4509 228.323 6.24879 222.074 4.78341 217.291 8.60663 208.684 205.405
internal_count=2833 2793 644 581 281 300 256 190 75 240 216 186 153 109 50 59 43 41 2149 201 184 158 1948 64 1884 45 1839 82 1757 1739
is_linear=0
shrinkage=0.05


Tree=181
num_leaves=31
num_cat=0
split_feature=0 0 3 0 3 0 0 0 0 0 0 3 3 0 2 0 0 3 3 2 0 3 0 0 2 1 0 0 0 0
split_gain=0.404897 0.940852 1.23922 0.605751 0.536765 1.85095 0.791697 0.832232 0.449392 0.862534 0.620817 0.615003 0.402635 0.343979 0.608353 0.817459 0.40655 0.319736 0.939611 0.267117 0.403384 0.250998 0.170917 0.787264 0.921528 1.00396 0.500842 0.481625 1.10659 0.770764
threshold=0.015837876126170162 0.014388924930244686 14.500000000000002 0.016441528685390953 1.5000000000000002 0.013688349630683662 0.0134530495852232 0.011630491819232704 0.011344788130372764 0.013016127515584232 0.013045935891568662 17.500000000000004 1.5000000000000002 0.014724517706781627 1.0000000180025095e-35 0.015112442430108787 0.015223377849906685 2.5000000000000004 17.500000000000004 1.0000000180025095e-35 0.010310030542314054 3.5000000000000004 0.019912107847630981 0.020615364424884323 1.0000000180025095e-35 1.0000000180025095e-35 0.021104273386299614 0.018745350651443008 0.019022217020392421 0.019239523448050026
decision_type=2 2 2 2 2 2 2 2 2 2 2 2 2 2 2 2 2 2 2 2 2 2 2 2 2 2 2 2 2 2
left_child=1 4 13 12 6 8 7 -1 19 17 -11 -12 -2 -3 16 -16 -15 -10 -19 -6 21 -21 27 24 -24 -26 -25 -5 -29 -30
right_child=3 2 -4 22 5 -7 -8 -9 9 10 11 -13 -14 14 15 -17 -18 18 -20 20 -22 -23 23 26 25 -27 -28 28 29 -31
leaf_value=0.010727675491098525 -0.03862795989879448 0.031411164954026398 -0.010802469651940238 -0.0019662104151661388 -0.021066635146058357 -0.030942555169953909 0.030672367076054204 -0.015904767943853256 0.0057735119831015405 -0.020482938076563241 0.018749432014836882 -0.018275144932470691 -0.006391498037391855 0.034113856706205974 0.020706857807321198 -0.020865564362270425 0.011344513149533809 0.053827636783310512 0.0071383364802330013 -0.016666168306075462 0.016716775304776645 0.0049826712930503168 -0.0249824256264463 0.015702799213602427 0.023277268188216307 -0.020802858099347177 -0.0011501325894118289 0.03076685777496993 -0.023888260933886254 0.0067945406595249979
leaf_weight=8.4759289419744146 1.7410949724726372 3.8644276107661488 4.678092084825038 32.830814868211746 2.5597482174634987 5.4867795696482053 2.8368085087276986 4.4857669295743099 2.7099023610353461 3.5061817197129113 3.4784904979169369 1.655342875048518 2.1832225099205971 3.9791954252868873 2.3964547296054661 2.3342965519987047 3.8642421788536012 1.920369113795459 2.455409481190145 3.8375866487622261 2.0328379096463323 2.0562823181971908 7.4032900640740973 4.5157275581732383 2.7412078590132296 2.4428655691444874 185.64071451686323 4.1768230884335962 2.4696025685407212 11.954737339634447
leaf_count=67 14 34 42 281 13 37 22 38 13 24 43 19 29 23 30 25 20 65 43 23 23 46 49 42 16 26 1603 35 21 91
internal_value=-0.000291929 0.00312193 0.011903 -0.00119948 -0.000782 -0.00453443 0.00674707 0.00151075 0.000993373 0.00633952 -0.0042649 0.0068113 -0.0206938 0.0183645 0.0143548 0.00019376 0.022896 0.0192701 0.0276286 -0.00702381 -0.002489 -0.00911321 -0.0008985 -0.00155154 -0.0136616 0.00250561 -0.000749919 0.00167576 0.0081038 0.00154131
internal_weight=326.714 68.6141 21.1167 258.1 47.4974 31.6989 15.7985 12.9617 26.2122 15.7257 8.64002 5.13383 3.92432 16.4386 12.5742 4.73075 7.84344 7.08568 4.37578 10.4865 7.92671 5.89387 254.176 202.744 12.5874 5.18407 190.156 51.432 18.6012 14.4243
internal_count=2857 650 174 2207 476 349 127 105 312 207 86 62 43 132 98 55 43 121 108 105 92 69 2164 1736 91 42 1645 428 147 112
is_linear=0
shrinkage=0.05


Tree=182
num_leaves=31
num_cat=0
split_feature=0 0 3 3 0 2 3 3 3 0 0 0 3 0 0 0 0 0 3 3 0 0 1 3 0 0 3 0 0 0
split_gain=0.350941 1.64504 0.81972 0.573998 0.5703 0.568766 0.855457 1.2214 0.52708 0.467577 0.339277 0.334393 0.427273 0.482892 0.687646 0.533403 0.282171 0.914277 0.532309 0.882127 0.379314 1.61549 0.514433 0.281826 0.360158 0.279486 0.273645 0.20273 0.889533 0.504931
threshold=0.21070312708616259 0.20477086305618289 8.5000000000000018 12.500000000000002 0.26739247143268591 1.0000000180025095e-35 10.500000000000002 19.500000000000004 20.500000000000004 0.42452575266361242 0.0087095452472567576 0.19420886039733889 23.000000000000004 0.069155588746070876 0.07298659905791284 0.063992727547884001 0.073132771998643889 0.073012433946132674 2.5000000000000004 8.5000000000000018 0.072381693869829192 0.072238828986883177 1.0000000180025095e-35 10.500000000000002 0.22997444868087771 0.071858659386634841 14.500000000000002 0.015380621422082187 0.015112442430108787 0.012910410296171905
decision_type=2 2 2 2 2 2 2 2 2 2 2 2 2 2 2 2 2 2 2 2 2 2 2 2 2 2 2 2 2 2
left_child=1 10 -2 -3 5 8 -7 26 23 -6 -1 12 16 15 -15 -14 17 20 -18 -20 21 25 -22 -4 -25 27 -8 28 29 -12
right_child=2 3 4 -5 9 6 7 -9 -10 -11 11 -13 13 14 -16 -17 18 -19 19 -21 22 -23 -24 24 -26 -27 -28 -29 -30 -31
leaf_value=-0.013591001545374973 -0.019232618534689969 0.044269214942435006 -0.015705069974868081 0.012276203910349826 0.023815318982519623 0.033963477608728594 -0.026982071214530431 0.031826721479072728 -0.027222071496865504 0.0005349115707506709 -0.0025681899853258442 -0.014445331379244567 -0.0034132907630799736 0.019122392194478713 -0.019860361383820902 -0.030970055540169419 -0.0083132351246573907 -0.023652232098859458 0.057906723699186397 0.0042678129194439664 0.00011036244003154511 -0.039111031043240381 0.028559523874599403 -0.0093491118742304521 0.01120676349970774 0.018409193106963997 -0.003845514545331222 0.00078287980922207606 0.033666481647894611 0.007120113355351722
leaf_weight=4.0839427486062041 7.0293943136930457 2.7678835345432153 4.2760833948850658 2.8409672770649195 3.7625389774329943 2.0725980624556559 2.5282430090010166 1.882043784484267 3.4505796469748011 5.0538241472095251 23.928367932094261 3.492351207882165 3.6993656852282566 2.9358562189154327 1.8404020834714172 3.3429106436669827 1.8187800464220334 3.6134493201971045 1.270978316664696 1.9311045622453091 3.3200995889492324 2.4405402448028317 3.0476453602313995 4.6834248229861242 3.9097962994128466 2.4987937016412607 2.584355466067791 181.56736817746423 2.4510694956406942 30.70696112466976
leaf_count=39 37 36 26 24 38 28 23 36 30 29 262 25 51 46 23 30 13 18 16 40 16 14 27 34 32 20 22 1506 21 266
internal_value=0.000628446 0.0012551 -0.00368166 0.0280643 -0.000485678 -0.00429042 0.00574999 -0.00261002 -0.00986881 0.0104702 0.000714185 0.000927475 0.00112601 -0.00817086 0.00410144 -0.0164943 0.00155091 0.0013185 0.0132885 0.0255583 0.00167948 0.00136456 0.0137263 -0.00521597 3.52602e-06 0.00177419 -0.0152868 0.00160001 0.00419896 0.00287697
internal_weight=324.832 283.599 41.2329 5.60885 34.2035 25.3871 9.06724 6.99464 16.3199 8.81636 277.99 273.906 270.414 11.8185 4.77626 7.04228 258.595 253.574 5.02086 3.20208 249.961 243.593 6.36774 12.8693 8.59322 241.153 5.1126 238.654 57.0864 54.6353
internal_count=2828 2493 335 60 298 231 109 81 122 67 2433 2394 2369 150 69 81 2219 2150 69 56 2132 2089 43 92 66 2075 45 2055 549 528
is_linear=0
shrinkage=0.05


Tree=183
num_leaves=31
num_cat=0
split_feature=0 0 0 2 0 0 0 3 3 3 0 0 0 0 0 3 3 3 0 0 0 3 3 0 0 0 0 0 3 0
split_gain=0.82537 0.46128 0.83968 0.414973 0.562545 0.84357 0.38855 0.76706 0.446001 0.542515 0.518309 0.397499 0.285756 1.00397 1.01594 0.757914 0.603574 0.584204 0.530838 0.419092 2.71758 0.536906 0.941102 0.497822 0.867545 1.49064 0.826776 1.07995 0.463365 0.583335
threshold=0.01505062496289611 0.014388924930244686 0.014724517706781627 1.0000000180025095e-35 0.011424486991018059 0.013030957430601122 0.011762528680264952 4.5000000000000009 10.500000000000002 13.500000000000002 0.0089109009131789225 0.010400011669844391 0.066575963050127043 0.068705819547176375 0.069074306637048735 25.000000000000004 5.5000000000000009 16.500000000000004 0.063992727547884001 0.069985084235668196 0.06985278427600862 18.500000000000004 20.500000000000004 0.073012433946132674 0.20603106915950778 0.13744717091321948 0.22666641324758532 0.28557106852531439 1.5000000000000002 0.072238828986883177
decision_type=2 2 2 2 2 2 2 2 2 2 2 2 2 2 2 2 2 2 2 2 2 2 2 2 2 2 2 2 2 2
left_child=1 3 -3 4 -1 -6 8 -8 10 -10 -5 -12 15 16 -15 -2 -14 -18 -17 20 -16 28 -23 -24 25 -25 -26 -28 29 -21
right_child=12 2 -4 6 5 -7 7 -9 9 -11 11 -13 13 14 19 18 17 -19 -20 21 -22 22 23 24 26 -27 27 -29 -30 -31
leaf_value=-0.015342012950222165 -0.0010406120170674308 0.034574270027103976 0.0049153746403673756 0.027757259035798898 0.018386685170410401 -0.0038581549512353777 0.010546055687678689 0.051572710815638349 -0.042043922432779782 0.0083822906995109879 -0.0067642270201714446 0.012176536612639358 0.0071853234809896339 -0.025638019009198529 -0.0019940984764912849 -0.0047342720671446721 0.056773068805031093 0.010739504267599747 -0.038436666566994286 0.021038128925727411 0.048127571249819145 0.037059769218780285 -0.015806686937165661 0.00039488456266000997 -0.017303312864030657 0.061918636615886292 0.03683659930565409 -0.005400536110752769 -0.0039718692805053709 -0.003281116533525039
leaf_weight=4.9638978168368366 153.34572540177032 3.8024508827365917 6.4081026562489569 2.6730309203267124 6.3860649261623648 12.812875872477887 5.7007482796907416 1.4238552241586147 1.0560736013576379 1.0776754859834909 5.2470037990715337 5.8677000682801008 3.5954379593022159 3.5941930543631306 12.498457605950533 2.3514411412179461 1.6885838303714993 1.164536280557513 2.3222243310883641 4.5134284314699453 3.4511671508662394 2.3300925213843611 2.8696224405430284 2.2971246447414151 4.3413774203509075 1.7229764023795722 2.472960326820612 3.900329202413559 55.14377291733399 5.4351759473793209
leaf_count=35 1206 33 38 22 56 79 37 111 28 19 37 49 24 33 102 33 39 29 20 35 48 30 35 27 33 20 40 23 480 32
internal_value=0.000882169 0.00632416 0.0159605 0.00423998 -0.000338192 0.00354105 0.00904001 0.0187453 0.00469707 -0.0165756 0.00798916 0.00323502 -0.000279287 0.0016648 0.000484057 -0.00164514 0.0208119 0.0379839 -0.0214801 0.00141386 0.00885119 1.87361e-05 0.0071984 0.00324599 0.00695653 0.0267634 -0.000474922 0.0109883 -0.00218003 0.00775191
internal_weight=326.458 57.4195 10.2106 47.2089 24.1628 19.1989 23.0461 7.1246 15.9215 2.13375 13.7877 11.1147 269.039 111.019 104.571 158.019 6.44856 2.85312 4.67367 100.976 15.9496 85.0269 19.9345 17.6044 14.7348 4.0201 10.7147 6.37329 65.0924 9.9486
internal_count=2833 544 71 473 170 135 303 148 155 47 108 86 2289 1030 938 1259 92 68 53 905 150 755 208 178 143 47 96 63 547 67
is_linear=0
shrinkage=0.05


Tree=184
num_leaves=31
num_cat=0
split_feature=0 0 0 0 0 0 0 0 2 3 3 3 3 0 0 0 0 0 0 0 0 0 0 0 3 0 0 0 0 3
split_gain=0.392528 0.945207 0.390051 0.292823 0.231911 0.471897 0.228598 1.11955 1.58177 0.657923 0.955745 1.01965 0.903752 1.50202 0.764661 0.474051 0.654325 0.454456 0.896158 0.430584 0.438926 0.335553 0.715807 0.271952 0.379902 0.252418 0.678695 0.514414 0.453696 0.695493
threshold=0.24623500555753711 0.26472581923007971 0.23922593146562579 0.28880871832370764 0.0087095452472567576 0.0093518267385661619 0.018871597945690158 0.017963821999728683 1.0000000180025095e-35 9.5000000000000018 13.500000000000002 17.500000000000004 8.5000000000000018 0.014388924930244686 0.013045935891568662 0.020127423107624057 0.020396301522850994 0.019912107847630981 0.019773335196077827 0.017724422737956051 0.016558715142309669 0.010310030542314054 0.01505062496289611 0.012910410296171905 18.500000000000004 0.22257384657859805 0.22382622212171557 0.2080323398113251 0.13744717091321948 10.500000000000002
decision_type=2 2 2 2 2 2 2 2 2 2 2 2 2 2 2 2 2 2 2 2 2 2 2 2 2 2 2 2 2 2
left_child=2 -2 4 -3 -1 -6 7 9 -9 12 14 21 -7 -14 -11 17 -17 18 -8 20 -16 -12 -23 -13 -25 27 -27 28 -18 -30
right_child=1 3 -4 -5 5 6 15 8 -10 10 11 23 13 -15 19 16 25 -19 -20 -21 -22 22 -24 24 -26 26 -28 -29 29 -31
leaf_value=-0.014083216351361491 0.02531528563369367 -0.012003868852014356 -0.016674207574946965 0.0039286629941185187 0.02188819850082882 -0.0011331307993887273 -0.011091999666778034 0.0059687098800099486 0.057343063208416471 -0.053433937303363044 -0.0031805182188116773 -0.024481698214328679 -0.011877989353537323 0.047377385994238776 -0.018051984554306694 0.020989141312053455 -0.0036166662594082997 -0.020583086086601005 0.019610210959012379 -0.036261353448543351 0.011569419945199895 0.054950793453398185 -0.0018800465441933944 0.011534204784244958 -0.011981827212398589 0.025019701027906106 -0.0015054544804729477 -0.019354771005437841 0.028113160151198566 -0.0018390004531723268
leaf_weight=4.0985778938047579 4.3822980560362366 4.4214301062747827 4.7738365279510608 8.2929086149670166 2.0348062459379426 66.860350336879492 12.601473143324258 7.7952224439941329 1.8547669812105594 1.5905572050251082 0.85653895139694158 2.1592367948032898 1.8537289188243438 2.5277440864592791 3.8926900695078075 2.9422793090343466 137.58540009893477 7.0840682075358918 2.9292430179193607 1.8526721894741056 1.8425650177523492 1.4591448763385417 0.89327198266983021 2.5257009332999587 5.3668108806014061 2.8937566280365017 14.4723953474313 4.9187454860657445 2.9067875947803241 5.8157556215301156
leaf_count=41 30 40 58 59 19 475 106 64 38 37 13 36 19 29 73 28 1174 41 21 11 25 40 13 20 49 24 105 43 39 66
internal_value=-0.0020843 0.00529022 -0.00249313 -0.0016119 -0.00227016 -0.00210851 -0.00227265 -0.000372751 0.0158431 -0.00204313 -0.00950926 -0.000924272 0.000308496 0.0223074 -0.0219125 -0.00328382 -0.00238673 -0.0100883 -0.00530127 -0.0153051 -0.00853552 0.0236144 0.0333707 -0.00875808 -0.00445641 -0.00279469 0.00291449 -0.0034503 -0.00291561 0.00814256
internal_weight=325.485 17.0966 308.388 12.7143 303.614 299.516 297.481 103.331 9.64999 93.681 22.4392 13.2607 71.2418 4.38147 9.17848 194.15 171.535 22.6148 15.5307 7.58793 5.73526 3.20896 2.35242 10.0517 7.89251 168.593 17.3662 151.227 146.308 8.72254
internal_count=2836 129 2707 99 2649 2608 2589 942 102 840 317 171 523 48 146 1647 1479 168 127 109 98 66 53 105 69 1451 129 1322 1279 105
is_linear=0
shrinkage=0.05


Tree=185
num_leaves=31
num_cat=0
split_feature=0 3 0 0 2 0 0 0 0 3 0 3 3 3 0 0 2 0 0 0 0 0 0 0 3 0 3 0 0 3
split_gain=1.01071 0.381331 0.921134 1.70698 0.918795 0.522979 0.850503 0.633075 0.499267 0.443707 1.11793 1.34653 0.679393 1.09727 1.1095 0.5509 0.52002 1.03395 0.860392 0.754453 0.690795 0.467899 0.378966 1.16839 1.12141 1.10186 1.6979 0.639059 0.929875 0.947505
threshold=0.0071774523239582786 26.500000000000004 0.22346362471580508 0.073521811515092864 1.0000000180025095e-35 0.066159199923276915 0.065406177192926421 0.066575963050127043 0.063629876822233214 2.5000000000000004 0.071710307151079192 6.5000000000000009 15.500000000000002 9.5000000000000018 0.069628302007913603 0.069368168711662306 1.0000000180025095e-35 0.068917568773031249 0.069985084235668196 0.072381693869829192 0.071224898099899306 0.070391923189163222 0.073521811515092864 0.19420886039733889 7.5000000000000009 0.073012433946132674 8.5000000000000018 0.26739247143268591 0.24861386418342593 9.5000000000000018
decision_type=2 2 2 2 2 2 2 2 2 2 2 2 2 2 2 2 2 2 2 2 2 2 2 2 2 2 2 2 2 2
left_child=-1 5 3 4 -3 6 -2 -7 -6 16 11 -11 13 -13 -15 -14 19 -18 -19 20 -9 -16 25 -24 -25 26 -12 28 29 -26
right_child=1 2 -4 -5 8 7 -8 9 -10 10 22 12 15 14 21 -17 17 18 -20 -21 -22 -23 23 24 27 -27 -28 -29 -30 -31
leaf_value=0.03975107071851855 0.0012488193583398447 0.0011977654867407566 0.036473106358037487 -0.029152032229827887 -0.0013798411491479762 -0.022018750409731794 0.027534946073709654 0.0083793400358776852 0.041114686023778352 0.044764397085902553 0.027942295068069258 -0.0057852210649484781 -0.023612089552048181 0.054670151180699803 -0.0038659019197886447 0.0096045034119989804 -0.037932023658221209 0.010025385052807348 -0.018336986613752358 0.025638715962884043 -0.027581537557222154 0.030358362827491461 0.033480429299226781 -0.024379920006919787 0.026723741140456593 -0.033559053368496128 -0.020006097243561886 0.012715368935211958 -0.02318083008089843 -0.0031005604535316107
leaf_weight=1.6549479877576221 201.11627961765043 6.552670896053316 2.4254081360995761 3.165861301124095 0.88965411856770549 4.0788868819363406 3.1250649495050302 2.9089148314669737 3.098688225261867 2.4872126691043404 3.0868317969143373 4.7980652768164891 2.9969980102032414 2.1923260260373354 2.3639972805976868 2.1392521392554045 3.3912669750861832 4.6346170851029438 6.3206118321977556 2.3887270926497877 2.4689002893865108 1.7291612550616262 2.2665870664641252 5.5368563532829276 3.001654686406261 3.8329746648669243 4.5942230448126793 7.5635156640782943 5.0287027973681679 23.608207491226494
leaf_count=19 1665 30 29 23 14 34 37 28 80 24 21 42 43 45 28 40 20 26 38 15 20 29 48 26 32 20 29 58 37 217
internal_value=0.00077623 0.000577024 0.00807037 0.00304455 0.0127144 0.000184107 0.00165102 -0.0027129 0.0316357 -0.0019202 -0.000132077 0.0105079 0.00525491 0.012221 0.0259662 -0.00977735 -0.00816496 -0.0138065 -0.00633827 0.00225617 -0.00812993 0.0105922 -0.00353338 -0.00154198 -0.0033163 -0.0116632 -0.000736788 -0.000341304 -0.00346263 0.000263691
internal_weight=325.447 323.792 16.1323 13.7069 10.541 307.66 204.241 103.418 3.98834 99.3396 77.2266 18.707 16.2198 11.0835 6.28548 5.13625 22.113 14.3465 10.9552 7.76654 5.37782 4.09316 58.5196 47.0055 44.7389 11.514 7.68105 39.2021 31.6386 26.6099
internal_count=2817 2798 176 147 124 2622 1702 920 94 886 739 251 227 144 102 83 147 84 64 63 48 57 488 418 370 70 50 344 286 249
is_linear=0
shrinkage=0.05


Tree=186
num_leaves=31
num_cat=0
split_feature=0 3 3 3 3 0 0 0 0 0 0 0 3 0 0 0 0 0 0 0 0 3 0 0 0 0 0 3 3 0
split_gain=0.200505 0.639815 0.60191 0.327034 0.419992 0.347253 0.482362 0.409152 0.336898 0.31236 0.339845 0.277454 0.843358 0.26266 0.298853 1.13367 0.392172 0.2538 0.483224 0.6664 0.516581 0.437242 0.223479 0.602814 0.57426 0.502209 0.993146 0.323544 0.161584 0.152991
threshold=0.017082292586565021 3.5000000000000004 4.5000000000000009 9.5000000000000018 10.500000000000002 0.010993865318596365 0.01505062496289611 0.016558715142309669 0.014221488498151304 0.016661843284964565 0.0093518267385661619 0.017430113628506664 1.5000000000000002 0.010993865318596365 0.013884788379073145 0.014553235843777658 0.015780820511281494 0.011630491819232704 0.013319531921297314 0.014553235843777658 0.012910410296171905 11.500000000000002 0.017963821999728683 0.017805567942559723 0.018197482451796535 0.018389097414910797 0.018473540432751182 8.5000000000000018 17.500000000000004 0.013180983252823355
decision_type=2 2 2 2 2 2 2 2 2 2 2 2 2 2 2 2 2 2 2 2 2 2 2 2 2 2 2 2 2 2
left_child=1 9 -3 5 -5 -4 8 -8 -7 10 -1 12 -2 -12 29 -16 -17 21 20 28 -19 -6 23 27 -24 -26 -27 -13 -20 -15
right_child=11 2 3 4 17 6 7 -9 -10 -11 13 22 -14 14 15 16 -18 18 19 -21 -22 -23 24 -25 25 26 -28 -29 -30 -31
leaf_value=-0.012208135461136754 -0.0071893236650033762 -0.035062253611278703 0.018878787364788437 -0.026219992468284405 0.00078466504027107666 0.00074953122913911188 0.019700295041135612 -0.0056415136584567274 -0.020141129010098003 -0.01298641831976307 0.013472250920165938 0.012506661409894777 0.031963002749398207 0.0010200827743716927 0.035154459599712529 -0.0054170566844486288 0.011131081819242309 -0.0056342660663987231 -0.016903328865148056 -0.00043176765413093822 0.026854438860861703 -0.046492998785554594 0.030440934911615782 -0.026794469914383778 -0.022953002561533764 0.032475017426988877 0.00088626009272759886 -0.011561855227533783 -0.037596885864680532 -0.009541628842411878
leaf_weight=3.2644570893608025 2.7649685791693619 1.7520211786031712 2.1576597718521979 3.1104343920014825 0.9645368661731506 3.4428358240984362 3.3236635848879814 3.058393825776875 4.391660594381392 3.1436479007825247 6.874925492797046 3.2204218301922065 2.7368744192644954 11.821895139291884 3.0260155862197307 8.5089208339340967 6.1811000539455554 2.7647985378280273 1.9448139583691939 6.3683082293719053 2.1948124235495925 0.99203315004706383 1.6692846915684629 2.6524787661619484 2.1661748555488876 2.5161250289529553 224.32657358190045 2.4650773825123906 1.8319177925586698 4.82946589635685
leaf_count=23 19 10 29 39 25 37 34 19 28 18 49 35 21 76 25 50 42 69 25 79 26 18 26 21 19 20 1907 29 22 28
internal_value=0.000455504 -0.00162182 -0.00643381 -0.00506136 -0.0093228 0.000188387 -0.00264827 0.00755606 -0.0109608 0.0022457 0.00332159 0.00118569 0.0122869 0.00455081 0.00276615 0.00728645 0.00154588 -0.00624227 -0.00404743 -0.0103004 0.00874319 -0.0231864 0.000930152 -0.00711154 0.00122082 0.00100783 0.00123664 0.00207121 -0.0269408 -0.00204318
internal_weight=330.466 85.9483 38.2979 36.5459 20.1717 16.3742 14.2166 6.38206 7.8345 47.6504 44.5068 244.518 5.50184 41.2423 34.3674 17.716 14.69 17.0612 15.1047 10.145 4.95961 1.95657 239.016 8.33798 230.678 229.009 226.843 5.6855 3.77673 16.6514
internal_count=2868 771 460 450 303 147 118 53 65 311 293 2097 40 270 221 117 92 264 221 126 95 43 2057 85 1972 1946 1927 64 47 104
is_linear=0
shrinkage=0.05


Tree=187
num_leaves=31
num_cat=0
split_feature=3 3 0 0 0 0 3 0 3 0 0 0 0 0 0 0 0 0 0 0 0 3 0 3 3 0 0 0 0 0
split_gain=0.366933 0.540934 0.678157 0.582139 0.881089 0.752811 0.519398 0.422944 0.992188 1.06485 0.413806 1.17479 0.447927 0.287289 1.40225 0.770236 0.382088 0.339793 1.03134 0.750113 0.552928 0.679074 0.422158 0.293735 0.58814 0.511637 0.65207 0.422982 2.12307 1.52228
threshold=23.000000000000004 13.500000000000002 0.2284648343920708 0.062838669866323485 0.060366710647940643 0.020615364424884323 18.500000000000004 0.23281815648078921 7.5000000000000009 0.24861386418342593 0.014921483583748342 0.013030957430601122 0.012417749967426063 0.13744717091321948 0.2080323398113251 0.20080817490816119 0.22257384657859805 0.073012433946132674 0.072689861059188857 0.072238828986883177 0.070391923189163222 2.5000000000000004 0.073132771998643889 5.5000000000000009 6.5000000000000009 0.020396301522850994 0.063921783119440093 0.013884788379073145 0.013045935891568662 0.01505062496289611
decision_type=2 2 2 2 2 2 2 2 2 2 2 2 2 2 2 2 2 2 2 2 2 2 2 2 2 2 2 2 2 2
left_child=1 2 13 4 5 6 10 -4 -9 -10 11 12 -3 17 15 -15 -16 18 19 20 23 -22 -19 -1 25 -25 -27 28 -26 -29
right_child=-2 3 7 -5 -6 -7 -8 8 9 -11 -12 -13 -14 14 16 -17 -18 22 -20 -21 21 -23 -24 24 27 26 -28 29 -30 -31
leaf_value=0.00072911621342280149 -0.0066588216638539663 0.019374789181495003 -0.022560295171682745 0.0095442962550784799 -0.026615188959617998 0.02811032156577857 -0.018749767073184771 -0.025905437150988777 0.034612928591881073 -0.010219443291781476 -0.011828074871629643 0.042950278614061532 -0.014655640747396429 0.0081186773212222861 -0.015170289463406733 0.046952257661822983 0.0051077983762916916 -0.026363683805061267 0.026006050484009481 -0.022182746202153242 -0.00090615747599918743 0.02762196166482403 0.00051505506720224263 -0.025940756671085655 -0.0084165302762198996 0.0097962288803766992 -0.025262628565520043 -0.025938524850514361 0.058654961890292213 8.1174244397632061e-05
leaf_weight=133.48423019144684 20.403847094159573 1.4504735753871516 5.2399336509406558 29.229320495389402 3.0012173131108275 2.4999066144227973 3.3619988136924794 3.3782038837671262 2.2823806125670671 3.1558405314572155 2.7874787729233503 2.004457182250917 2.9008261454291642 2.5097012259066096 4.5114544685929996 2.5993770994246006 4.7888115122914314 2.7993180244229725 3.7107618991285554 3.9444063440896562 4.4684325568377954 3.9123970679938793 3.0551514979451895 4.9039889266714436 3.9308730773627749 3.4178364388644695 2.1673161014914513 6.2756349248811594 1.6858653891831634 53.906076812651008
leaf_count=903 225 38 33 308 17 15 43 16 33 27 30 19 26 30 38 32 34 13 23 26 34 45 33 37 83 23 24 48 35 555
internal_value=-0.000165746 0.000265286 -0.000628549 0.00518766 -0.00188438 0.00306209 -0.00194527 -0.0113101 -0.00462375 0.00859637 0.0042338 0.0112781 -0.00331185 -1.83838e-05 0.00683184 0.0278763 -0.00472887 -0.000444466 -0.00013613 -0.00057291 -0.000182183 0.0124115 -0.012337 -0.000685329 -0.00316026 -0.0141559 -0.00380835 -0.0014074 0.011715 -0.00263211
internal_weight=327.768 307.364 260.128 47.2357 18.0064 15.0051 12.5052 14.0564 8.81643 5.43822 9.14324 6.35576 4.3513 246.072 14.4093 5.10908 9.30027 231.662 225.808 222.097 218.153 8.38083 5.85447 209.772 76.2876 10.4891 5.58515 65.7985 5.61674 60.1817
internal_count=2846 2621 2125 496 188 171 156 109 76 60 113 83 64 2016 134 62 72 1882 1836 1813 1787 79 46 1708 805 84 47 721 118 603
is_linear=0
shrinkage=0.05


Tree=188
num_leaves=31
num_cat=0
split_feature=0 0 0 0 0 3 0 3 3 3 0 0 3 3 0 0 0 0 0 2 0 0 1 3 0 3 0 3 3 0
split_gain=0.51493 0.923244 0.56143 0.362944 0.486838 0.442642 0.376092 1.28465 0.495848 0.729636 1.76737 0.565533 0.606152 0.44014 0.770353 1.48521 0.592973 0.548045 0.920791 0.754466 0.650843 0.786625 0.912634 0.933955 0.495544 1.07821 0.541493 1.95262 0.484606 1.04429
threshold=0.061963930726051338 0.062041370198130615 0.061847647652029998 0.062328308820724494 0.063483141362667098 8.5000000000000018 0.063968017697334303 6.5000000000000009 17.500000000000004 13.500000000000002 0.069628302007913603 0.069201733916997923 18.500000000000004 8.5000000000000018 0.072238828986883177 0.20080817490816119 0.2080323398113251 0.22858404368162158 0.073012433946132674 1.0000000180025095e-35 0.069785099476575865 0.067192967981100096 1.0000000180025095e-35 1.5000000000000002 0.06985278427600862 11.500000000000002 0.069201733916997923 10.500000000000002 2.5000000000000004 0.072047267109155669
decision_type=2 2 2 2 2 2 2 2 2 2 2 2 2 2 2 2 2 2 2 2 2 2 2 2 2 2 2 2 2 2
left_child=2 -2 -1 -3 5 -5 7 -6 9 13 -11 -10 -13 17 24 -16 -17 18 20 -20 21 22 23 -8 26 -26 27 -15 -22 -30
right_child=1 3 -4 4 6 -7 8 -9 11 10 -12 12 -14 14 15 16 -18 -19 19 -21 28 -23 -24 -25 25 -27 -28 -29 29 -31
leaf_value=-0.0014035068702604263 0.032100626293421919 -0.012530933772495085 -0.020022494332535948 0.024838162173724858 -0.034956503991105309 0.0025947234760014515 0.0017186841787877603 0.0035074782216351868 -0.017835830807397819 0.054518132063029315 0.0059669059582896098 -0.017830425662049548 0.0031715584950956707 -0.025082293011986785 -0.032703328466145168 0.022673104004102204 -0.0042548447858408202 0.019802485650986718 0.0018156830943971737 -0.030551504743317116 0.0076686471158239483 -0.0083692090898347359 -0.010850030564479586 0.036644347821026914 0.05676443948360263 -0.001718999895006978 -0.027727305009442135 0.054942805459385159 0.0060513800282312111 0.04942826341644288
leaf_weight=169.27222072845325 2.5282850335352114 4.390828988980501 4.1479916274547568 4.3312879935838264 3.0735581787303072 4.6247327877208591 3.6844098679721373 7.3906161747872829 5.5822642762213972 2.3269283683039239 9.6388636752963048 4.1035918593406704 21.104933379217982 1.6661550598219066 4.556658091023567 2.3464272478595403 15.883465616498141 5.5651590079069129 3.883234115317463 3.3566763428971171 11.220241147559138 11.680311971809713 3.5330162681639194 3.9839010797441006 1.5171757638454439 1.639981787651777 1.2303500212728975 1.4050874523818491 3.066830212250351 2.53401511721313
leaf_count=1459 19 29 22 29 22 31 38 54 57 47 105 24 228 22 41 29 143 30 25 35 76 79 33 21 25 19 24 31 24 22
internal_value=1.27179e-05 0.00213873 -0.00184885 0.00163142 0.00206049 0.013352 0.00131676 -0.00779024 0.00207604 0.00386788 0.0154084 -0.00343601 -0.000247268 0.00219916 -0.00260543 -0.00717084 -0.000788863 0.00496668 0.00320786 -0.0131909 0.00619822 0.000709367 0.0101762 0.0198635 0.0113419 0.0263853 0.000300858 0.011529 0.0136647 0.0256766
internal_weight=325.269 151.849 173.42 149.321 144.93 8.95602 135.974 10.4642 125.51 94.7189 11.9658 30.7908 25.2085 82.7531 30.2453 22.7866 18.2299 52.5078 46.9426 7.23991 39.7027 22.8816 11.2013 7.66831 7.45875 3.15716 4.30159 3.07124 16.8211 5.60085
internal_count=2843 1362 1481 1343 1314 60 1254 76 1178 869 152 309 252 717 334 213 172 383 353 60 293 171 92 59 121 44 77 53 122 46
is_linear=0
shrinkage=0.05


Tree=189
num_leaves=31
num_cat=0
split_feature=0 3 3 3 0 0 0 0 0 2 0 0 3 0 0 0 0 0 0 0 3 0 0 3 0 0 0 0 0 0
split_gain=0.888409 0.484062 0.913213 0.406907 0.834243 0.389978 0.62256 0.775842 1.29909 0.653766 0.563248 0.490741 0.897299 1.92086 0.374085 0.364723 0.376022 0.473981 0.352969 0.414156 0.582855 1.03591 0.895522 0.850056 0.348325 1.2417 0.33913 0.580112 0.456996 0.712255
threshold=0.0087095452472567576 15.500000000000002 14.500000000000002 18.500000000000004 0.063992727547884001 0.22257384657859805 0.069628302007913603 0.067474525421857848 0.068705819547176375 1.0000000180025095e-35 0.2284648343920708 0.23281815648078921 7.5000000000000009 0.24861386418342593 0.020512533374130729 0.069860793650150313 0.2080323398113251 0.1960060000419617 0.069985084235668196 0.070647068321704878 8.5000000000000018 0.072238828986883177 0.073521811515092864 5.5000000000000009 0.066251005977392211 0.065406177192926421 0.073063034564256682 0.20603106915950778 0.22382622212171557 0.28557106852531439
decision_type=2 2 2 2 2 2 2 2 2 2 2 2 2 2 2 2 2 2 2 2 2 2 2 2 2 2 2 2 2 2
left_child=-1 2 5 -3 14 6 7 24 -9 -10 -7 -12 -13 -14 -5 -8 17 18 -17 -20 23 -22 -23 -21 25 -2 -6 -28 -29 -30
right_child=1 3 -4 4 26 10 15 8 9 -11 11 12 13 -15 -16 16 -18 -19 19 20 21 22 -24 -25 -26 -27 27 28 29 -31
leaf_value=-0.025723813014146932 -0.00044764802640370402 -0.010704951967869204 0.02512359472755939 0.0064724160605112383 -0.011707160977575116 0.022108272876789823 -0.020750024013904075 0.050782956629058407 0.01911201988638745 -0.0097834567859241255 -0.010169031877409293 -0.010074331537943664 0.056208399020262347 -0.0020885134142227231 0.032026433950525984 0.011921247432454032 -0.018648668868264127 0.015887710035394128 -0.022992841205998239 -0.0050753200358175949 0.013991530885827899 -0.049453954246816069 -0.0052226239901002666 0.022226448709055591 -0.012781408257630231 0.030572324198748158 0.020917734827543416 -0.02016065500755675 0.012337616544480472 -0.01694166828301101
leaf_weight=3.5885450839996329 177.73527217656374 19.79412029357627 3.6220423802733412 5.4843501574359825 12.781091331969948 4.5155634433031109 3.9335485603660336 1.9434017920866589 4.0411827191710472 3.7964710714295506 5.3620284870266905 3.8685434684157354 2.3325482346117496 3.584305863827467 1.9383264696225522 2.8476933785714236 4.3137634471058837 3.0321973282843819 3.3695462546311346 14.174354897346353 1.9052379466593254 2.5758517310023308 2.0591284548863769 3.5689167883247128 5.3914671214297405 3.2857022872194639 2.5868488624691954 3.5851214881986371 5.3784847632050496 3.3838911280035973
leaf_count=35 1452 191 32 72 143 33 34 26 32 39 34 18 34 33 25 23 37 37 31 88 29 14 30 41 48 41 34 28 68 22
internal_value=-0.000985686 -0.000704926 0.000192139 -0.00497138 -0.00174153 -0.000158366 -0.000717539 0.000462617 0.0141891 0.00511538 0.0066091 0.00198867 0.00865064 0.0208934 0.0131455 -0.00625937 -0.0047533 -0.00296576 -0.00484006 -0.00656613 -0.00428678 -0.0170457 -0.0298038 0.000416212 -0.000257611 0.000115394 -0.00572853 -0.000611909 -0.00512245 0.00103042
internal_weight=319.78 316.191 261.259 54.9322 35.1381 257.637 237.974 196.193 9.78106 7.83765 19.663 15.1474 9.7854 5.91685 7.42268 41.7802 37.8467 33.5329 30.5007 27.653 24.2835 6.54022 4.63498 17.7433 186.412 181.021 27.7154 14.9343 12.3475 8.76238
internal_count=2804 2769 2186 583 392 2154 2002 1638 97 71 152 119 85 67 97 364 330 293 256 233 202 73 44 129 1541 1493 295 152 118 90
is_linear=0
shrinkage=0.05


Tree=190
num_leaves=31
num_cat=0
split_feature=0 0 0 0 3 0 0 0 0 3 2 3 0 3 3 0 3 0 3 2 0 0 0 3 3 0 0 0 3 3
split_gain=0.958689 1.292 1.01477 1.07997 0.693719 0.426129 0.717135 0.41665 0.578858 0.370479 0.917352 0.768166 0.5057 0.473343 0.352597 0.335078 0.332898 0.372236 0.280982 0.57664 0.855214 1.27444 0.476978 0.448479 0.805619 0.654461 1.03608 0.551956 0.58446 0.406302
threshold=0.014843435958027841 0.015112442430108787 0.0094179278239607828 0.0087095452472567576 14.500000000000002 0.062838669866323485 0.063195791095495238 0.053663928061723716 0.022184890694916252 2.5000000000000004 1.0000000180025095e-35 6.5000000000000009 0.057538069784641273 12.500000000000002 13.500000000000002 0.060366710647940643 21.500000000000004 0.012910410296171905 23.000000000000004 1.0000000180025095e-35 0.07298659905791284 0.063921783119440093 0.20477086305618289 7.5000000000000009 6.5000000000000009 0.071710307151079192 0.069985084235668196 0.073012433946132674 5.5000000000000009 28.000000000000004
decision_type=2 2 2 2 2 2 2 2 2 2 2 2 2 2 2 2 2 2 2 2 2 2 2 2 2 2 2 2 2 2
left_child=2 4 3 -1 -2 7 -7 8 -3 10 -9 -11 -12 15 -4 -13 17 -16 23 29 21 -21 -22 24 25 26 -8 -27 -29 -20
right_child=1 5 14 -5 -6 6 18 9 -10 11 12 13 -14 -15 16 -17 -18 -19 19 20 22 -23 -24 -25 -26 27 -28 28 -30 -31
leaf_value=-0.0067427010412131581 0.040637627874642153 -0.00023660534996500357 -0.010486464855272944 0.032050577090803146 0.0095936714052044236 0.029782299973408734 0.0013916893143952019 0.016450955629897301 0.022749978290176234 -0.02559919483622633 -0.025088653658784928 -0.0070295540393799111 -0.0010520454351127147 -0.010515232749851442 -0.0060896291546578456 0.02319351361779896 -0.015944848730258532 0.019073942597009081 -0.024684052825687978 -0.030112604505159277 -0.025073928827368003 0.055184109089295788 0.010681077351717092 0.0057076142393240135 -0.01587442110164369 0.018432686829206797 -0.02575513285207693 -0.013988194290550746 0.01325169919520381 -0.0041302519601621587
leaf_weight=3.7817329219542435 2.9839685196056953 87.138937025796622 38.717402931069955 3.4133708770386875 4.5338446050882339 2.4110507303848854 24.334949955809865 5.2778354703914347 2.8276926721446207 5.9707449376583126 3.3738887952640653 1.5432441346347316 6.2265437659807503 7.9523236155509949 2.7937175645492953 2.2602596990764141 2.1226240075193346 3.1008836440742016 3.3894449248909977 0.59108314942568485 1.7242640815675261 1.6899841232225297 2.0319293923676014 71.277636656537652 7.2351501435041419 8.9236980178393441 4.1081023972947142 3.7586769126355639 4.1360518410801888 8.2731795758008939
leaf_count=36 33 697 331 35 41 17 177 37 25 38 20 23 43 46 54 21 36 32 24 12 22 60 31 740 52 56 30 23 21 46
internal_value=0.000274602 0.00147409 -0.00581903 0.0116609 0.0219156 0.000897348 0.00274285 -0.00126906 0.000485874 -0.00611146 -0.000293818 -0.0109943 -0.00949925 -0.00357657 -0.00851018 0.0109307 0.00103383 0.00714779 0.00228203 -0.00361049 0.00893291 0.0330815 -0.0057321 0.00312467 -0.000382339 0.00209411 -0.0025292 0.00991296 0.000282798 -0.0101037
internal_weight=327.904 273.974 53.9297 7.1951 7.51781 266.457 143.885 122.571 89.9666 32.6048 14.8783 17.7266 9.60043 11.7558 46.7346 3.8035 8.01723 5.8946 141.474 17.6999 6.03726 2.28107 3.75619 123.774 52.4966 45.2615 28.4431 16.8184 7.89473 11.6626
internal_count=2859 2335 524 71 74 2261 1311 950 722 228 100 128 63 90 453 44 122 86 1294 195 125 72 53 1099 359 307 207 100 44 70
is_linear=0
shrinkage=0.05


Tree=191
num_leaves=31
num_cat=0
split_feature=0 0 2 0 3 3 3 0 0 3 0 0 3 0 0 3 3 3 3 0 0 0 0 0 0 0 3 0 0 0
split_gain=0.353098 1.71691 1.00496 1.05588 0.839965 0.776572 0.771958 0.744329 0.724064 0.610506 0.545891 1.24491 1.03361 0.839183 0.540352 1.30449 1.04152 3.54529 0.541687 0.554037 0.526456 0.388409 0.71802 0.489985 0.371362 0.459734 0.390924 0.336058 0.269964 0.28357
threshold=0.069074306637048735 0.069985084235668196 1.0000000180025095e-35 0.070796813815832152 1.5000000000000002 10.500000000000002 9.5000000000000018 0.069860793650150313 0.063061632215976729 11.500000000000002 0.21070312708616259 0.2284648343920708 23.000000000000004 0.26608741283416754 0.072238828986883177 1.5000000000000002 1.5000000000000002 2.5000000000000004 5.5000000000000009 0.44440254569053655 0.073063034564256682 0.061963930726051338 0.062144866213202483 0.061847647652029998 0.057538069784641273 0.060224367305636413 7.5000000000000009 0.0075713105034083137 0.010155373718589546 0.053663928061723716
decision_type=2 2 2 2 2 2 2 2 2 2 2 2 2 2 2 2 2 2 2 2 2 2 2 2 2 2 2 2 2 2
left_child=8 7 4 -4 -3 6 -6 -2 21 -7 20 -12 13 -13 16 -16 -5 -18 -17 -20 -11 23 -23 24 27 -26 -27 -1 -29 -30
right_child=1 2 3 14 5 9 -8 -9 -10 10 11 12 -14 -15 15 18 17 -19 19 -21 -22 22 -24 -25 25 26 -28 28 29 -31
leaf_value=0.019972746225908673 0.013886242900798677 0.025213514535819576 -0.041719978280782645 0.041615635898432035 0.0019115118648403749 0.025195820396331392 -0.020513190673831644 0.0431638889958154 -0.0060198703096293067 0.0028641847354229349 -0.022178234378300118 0.030259828176959339 -0.017414606446250824 0.00062363961212720054 -0.037571931311009832 0.020045909767139103 -0.082868417731690153 0.051482400322096437 -0.0028721784741141954 -0.034909516474318267 0.02814398564976784 0.028034389383776483 0.0014206842965034951 -0.015440958167322242 0.025302725098369529 -0.0058195464521716474 0.014659475668311257 -0.0090152053227075171 0.0010029035813645907 -0.011760611271903719
leaf_weight=2.1631166129373005 12.410220033023505 4.6774410554207853 1.963875897694378 1.7791397050023108 11.850731264799835 4.3609531223773983 5.6758741438388816 2.6311131003312758 42.409568934701383 4.1069424375891703 4.6616467535495785 5.004521753638981 3.0246883407235137 4.5698093548417091 2.981520484667274 2.3962655812501934 0.91972292959690083 1.0534799019806085 20.292261968832467 1.445614457130431 4.1310002580285072 3.7640975154936296 7.7572826822288334 4.6139817163348189 3.3151524951681486 5.0449643635656667 4.3306919746100903 7.6715555146802208 140.87712280638516 4.4904207251965991
leaf_count=26 118 39 27 11 66 27 33 28 391 24 32 50 23 23 18 12 4 50 289 10 30 27 46 24 36 34 28 64 1235 33
internal_value=0.00096241 0.00343796 0.000679399 -0.00617107 0.00499938 0.00300407 -0.00535058 0.0190077 -0.000130155 0.00790798 0.00495129 -0.000102833 0.00806508 0.0161145 -0.00390939 -0.0063703 0.0138739 -0.0111394 -0.00251566 -0.00500273 0.015541 0.00122714 0.0101155 0.0006335 0.00107525 0.00929875 0.00363988 0.000402822 0.000126212 0.000608637
internal_weight=326.375 99.9368 84.8955 32.8319 52.0636 47.3862 17.5266 15.0413 226.438 29.8596 25.4986 17.2607 12.599 9.57433 30.868 27.1157 3.75234 1.9732 24.1341 21.7379 8.23794 184.028 11.5214 172.507 167.893 12.6908 9.37566 155.202 153.039 145.368
internal_count=2858 914 768 421 347 308 99 146 1944 209 182 128 96 73 394 329 65 54 311 299 54 1553 73 1480 1456 98 62 1358 1332 1268
is_linear=0
shrinkage=0.05


Tree=192
num_leaves=31
num_cat=0
split_feature=3 0 0 0 0 0 0 0 0 0 0 0 0 0 0 0 0 0 3 3 3 3 2 0 3 3 0 0 0 0
split_gain=0.375744 0.739291 0.522055 0.68422 0.374746 0.790389 0.539831 1.35084 0.632526 0.702619 0.396089 0.427611 0.424022 0.787987 0.36211 0.704397 0.388752 0.987473 0.572109 0.453823 0.372926 0.691833 0.532075 0.531808 1.05349 0.819325 1.83151 0.507997 1.13657 0.491605
threshold=2.5000000000000004 0.0087095452472567576 0.23922593146562579 0.24623500555753711 0.010993865318596365 0.012367851100862028 0.017230210825800899 0.017724422737956051 0.016608297824859623 0.016144388355314735 0.018161195330321792 0.069785099476575865 0.067192967981100096 0.018593068234622482 0.010400011669844391 0.011630491819232704 0.013016127515584232 0.013045935891568662 17.500000000000004 20.500000000000004 11.500000000000002 12.500000000000002 1.0000000180025095e-35 0.019347880966961387 15.500000000000002 13.500000000000002 0.072047267109155669 0.2080323398113251 0.069691803306341185 0.017743511125445369
decision_type=2 2 2 2 2 2 2 2 2 2 2 2 2 2 2 2 2 2 2 2 2 2 2 2 2 2 2 2 2 2
left_child=4 -2 14 -4 -1 -6 8 -8 9 -7 -9 12 13 -12 -3 -16 18 -18 -17 20 -19 22 -22 24 29 27 -27 28 -25 -23
right_child=1 2 3 -5 5 6 7 10 -10 -11 11 -13 -14 -15 15 16 17 19 -20 -21 21 23 -24 25 -26 26 -28 -29 -30 -31
leaf_value=0.0089193669952989402 -0.025450511098387415 0.022337697273650144 -0.022016058316190336 -0.00015581860910105665 -0.019065802191566863 0.0046547983503111854 -0.030754357604775462 0.014539363306794268 0.019445840842665766 -0.020417694834169123 -0.028384497148803579 0.005674653560048426 -0.014623127411368298 -0.0010353386146142354 -0.026061080659345925 0.052740008495579804 -0.023430219421135181 0.0032270182680438986 0.0074453460594285682 -0.0029773229748461848 0.016430584816340493 0.021880037931534056 0.051929611786524443 -0.016405882223700076 -0.0014585342574804216 0.00063172571270173083 0.037157417835768175 -0.032195480125820748 0.031601157471438775 0.056686821158926204
leaf_weight=8.6467172328848374 2.3621589280664912 2.5551354298368087 4.4359597135335234 18.540547651704401 6.3218440911732605 20.480815968476243 4.1519636916927984 3.6706897956319144 5.9674016414210191 3.2357028340920797 2.7757324781268826 13.845286392373962 8.2158488812856358 51.48171172873117 2.0083482507616273 0.97775947581976597 3.3634145613759747 93.701117648743093 2.4291335777379572 20.546720487996936 4.4258225820958605 2.9090580847114307 1.3861478529870508 4.4804695020429808 3.9371968028135598 16.034815179649744 4.3666556430980554 1.9983245842158792 1.7009383942931888 1.5576136717572806
leaf_count=65 26 39 53 135 39 136 35 30 33 22 23 90 46 361 31 51 23 816 40 223 35 40 58 51 42 172 42 17 21 22
internal_value=0.000958817 0.00235039 0.00269358 -0.00437627 -0.00113424 -0.00185777 -0.00090204 -0.00294724 0.00489523 0.0012341 -0.00150387 -0.0022755 -0.00403741 -0.00243448 0.00365831 0.00337048 0.00373131 0.00337634 0.0204447 0.00395045 0.00499327 0.00886035 0.0248971 0.00634028 0.0173972 0.00308916 0.00844955 -0.0102805 -0.00319578 0.0340178
internal_weight=322.511 193.717 191.355 22.9765 128.794 120.147 113.825 84.1412 29.6839 23.7165 79.9893 76.3186 62.4733 54.2574 168.379 165.824 163.815 160.408 3.40689 157.045 136.498 42.797 5.81197 36.9851 8.40387 28.5812 20.4015 8.17973 6.18141 4.46667
internal_count=2817 1937 1911 188 880 815 776 585 191 158 550 520 430 384 1723 1684 1653 1562 91 1539 1316 500 93 407 104 303 214 89 72 62
is_linear=0
shrinkage=0.05


Tree=193
num_leaves=31
num_cat=0
split_feature=0 0 3 0 0 3 0 0 0 0 0 0 3 0 0 0 3 0 0 0 0 3 3 0 0 3 3 0 2 0
split_gain=1.11161 0.641366 0.391401 0.732377 1.29677 0.627924 0.939336 0.494108 0.601364 0.469546 0.836343 0.350545 0.320735 0.441188 0.839937 0.724081 0.718409 1.22919 1.16282 1.13844 0.668147 1.46898 0.63816 0.608067 0.435245 0.398185 0.559052 1.32789 0.681977 1.17
threshold=0.016721292398869995 0.44440254569053655 6.5000000000000009 0.012417749967426063 0.010714577510952951 3.5000000000000004 0.010077058337628843 0.01505062496289611 0.015780820511281494 0.016035764478147033 0.015112442430108787 0.0093518267385661619 21.500000000000004 0.22037933766841891 0.22382622212171557 0.20080817490816119 8.5000000000000018 0.072238828986883177 0.070796813815832152 0.073132771998643889 0.069628302007913603 13.500000000000002 18.500000000000004 0.073521811515092864 0.2080323398113251 14.500000000000002 9.5000000000000018 0.064849406480789198 1.0000000180025095e-35 0.069074306637048735
decision_type=2 2 2 2 2 2 2 2 2 2 2 2 2 2 2 2 2 2 2 2 2 2 2 2 2 2 2 2 2 2
left_child=2 12 5 4 11 6 -1 -5 -9 10 -8 -4 13 15 -15 16 19 18 20 -2 25 -22 -16 -19 -17 26 -18 -28 -29 -30
right_child=1 -3 3 7 -6 -7 9 8 -10 -11 -12 -13 -14 14 22 24 17 23 -20 -21 21 -23 -24 -25 -26 -27 27 28 29 -31
leaf_value=-0.027270355907766181 0.0026346922983449747 -0.023586020237794991 0.014975871243176337 -0.008652065410982724 0.05340687041760972 -0.024114852478044187 -0.002390387992256503 0.020644402872679518 -0.0060817356654527688 0.010292275616188645 -0.023738969073317923 -0.022443614248048468 0.0071945107654341521 -0.030826003956955585 -0.0046630537354220057 0.031211149910450594 -0.014200381729867076 -0.042372631828976104 0.037236084235097687 0.033548561260202829 0.003951278060051684 -0.050788585720084371 0.018760886404188229 -0.0089960628183546384 0.0057849230619812638 -0.010303846528282812 0.00093403435461774916 0.055390203008355815 0.051405689537986847 -0.054689548000841984
leaf_weight=4.7458677703980348 120.85673263249919 2.5676316358149043 1.2319782227277785 18.728337498381737 1.6170384017750619 5.5588896740227929 28.191226749215275 3.8088980792090279 4.7043800940737128 5.1900180471129707 5.4792556692846111 1.2721706209704278 22.687416520901024 2.7684574201703098 25.485998797230426 3.2284913333132854 4.7315141009166828 2.7751243263483039 1.9141018213704217 3.0533688631840041 2.820901680737733 2.1671618018299341 3.2821640754118553 2.6847998648881912 3.5161770321428776 8.4064909368753415 27.879041256848726 1.8039221651852122 0.59129646234214306 0.46358773298561573
leaf_count=38 859 16 24 190 65 40 184 59 42 34 35 25 238 26 195 45 46 18 44 32 33 23 33 44 30 87 272 24 37 11
internal_value=-0.000411612 0.00127142 -0.0055046 -0.00114015 0.0185041 -0.0082887 -0.0062712 -0.00411199 0.00587572 -0.00370666 -0.00586448 -0.00403417 0.00153612 0.000948407 -0.00452194 0.00187148 0.00126929 -0.00341754 -0.00099361 0.00339647 -0.00249115 -0.0198315 -0.00199061 -0.0259604 0.0179558 -0.000519792 0.0017991 0.00426192 0.0367154 0.00478024
internal_weight=324.212 243.684 80.5281 31.3628 4.12119 49.1653 43.6064 27.2416 8.51328 38.8605 33.6705 2.50415 241.117 218.429 31.5366 186.893 180.148 56.2379 50.778 123.91 48.8639 4.98806 28.7682 5.45992 6.74467 43.8759 35.4694 30.7378 2.85881 1.05488
internal_count=2849 2113 736 405 114 331 291 291 101 253 219 49 2097 1859 254 1605 1530 639 577 891 533 56 228 62 75 477 390 344 72 48
is_linear=0
shrinkage=0.05


Tree=194
num_leaves=31
num_cat=0
split_feature=0 0 0 1 3 0 0 0 0 0 0 0 0 0 0 0 3 0 0 2 0 0 0 0 0 0 0 0 0 0
split_gain=0.693741 0.554097 0.656052 0.556473 0.357466 0.597649 1.52244 0.538552 0.785743 0.740909 0.616666 0.662591 0.813777 0.651673 1.27976 0.404208 0.369932 0.476575 0.360303 0.319231 0.66162 0.367933 0.566187 0.855948 0.295062 1.39402 1.2482 0.944176 1.57667 0.463958
threshold=0.0075713105034083137 0.010077058337628843 0.010310030542314054 1.0000000180025095e-35 1.5000000000000002 0.01378528540953994 0.011630491819232704 0.015223377849906685 0.016608297824859623 0.020166392438113693 0.063759762793779387 0.069074306637048735 0.070647068321704878 0.066854614764451994 0.06465895846486093 0.062229327857494361 29.500000000000004 0.069201733916997923 0.061601502820849426 1.0000000180025095e-35 0.019022217020392421 0.019453601911664013 0.018161195330321792 0.017082292586565021 0.020066848956048492 0.020097580738365654 0.019912107847630981 0.020166392438113693 0.022047972306609157 0.038142754696309573
decision_type=2 2 2 2 2 2 2 2 2 2 2 2 2 2 2 2 2 2 2 2 2 2 2 2 2 2 2 2 2 2
left_child=-1 3 -3 -2 5 6 -4 -7 -9 19 15 13 -13 14 -12 18 24 -18 -11 21 -21 22 23 -10 26 -26 -6 -27 -29 -30
right_child=1 2 4 -5 16 7 -8 8 9 10 11 12 -14 -15 -16 -17 17 -19 -20 20 -22 -23 -24 -25 25 27 -28 28 29 -31
leaf_value=0.026857798020138018 -0.027856601388974361 0.025507222557964417 0.012863451550524013 0.0032370216726372841 -0.0020150766095339088 0.020203803658192531 -0.029257408996193959 -0.014763054164381673 -0.0073000575364016336 -0.0065953854604473578 0.036505003763972546 -0.018989192484070331 0.0086019080641547268 0.038565686508920206 -0.016353435116837022 -0.022466011456024441 0.0013826895465776426 0.037055195909343787 0.010610635137229769 0.0092686908126662967 0.039305276294856251 0.020735893275591756 -0.0099705519200429006 0.029564968075659628 0.04908686575187593 -0.036562476384430637 -0.036709328468252395 0.020323054420201409 -0.023739597961670772 -0.00044811285674533838
leaf_weight=2.5137824974954119 3.4005601534154257 2.6581644592806688 4.1227904353290779 2.4944538809359074 73.846054183784872 5.3196474830619982 4.4725783066824079 5.3198788794688872 2.8567549162544328 12.089964718325069 2.102683239150795 3.8259330755099645 8.8639887808822078 2.7213998311199248 2.5143972840160131 2.9246077667921773 2.5247645378112784 1.4881275738589463 4.0658451109193257 4.8596240663900963 2.9440361326560378 4.2054619807749978 4.6238234438933432 3.5081343092024326 1.4665857851505268 1.7356137335300434 2.6867587119340888 9.4226556401699764 2.1720742639154187 136.62702813977376
leaf_count=27 25 22 31 32 705 43 42 37 15 93 20 30 61 22 27 21 35 27 25 34 21 32 40 35 7 10 14 84 17 1214
internal_value=0.000693113 0.000488765 0.00077213 -0.0146994 0.000562275 0.00341434 -0.00905403 0.00488754 0.00367916 0.00525887 0.00107103 0.00719917 0.000283362 0.0191582 0.00771904 -0.00536157 -0.000437817 0.0146114 -0.00226524 0.0123805 0.0206004 0.00815874 0.00334537 0.0130188 -0.000702739 0.000576133 -0.00323305 0.000101698 0.00053102 -0.000812603
internal_weight=324.378 321.864 315.969 5.89501 313.311 81.3415 8.59537 72.7462 67.4265 62.1067 39.1088 20.0284 12.6899 7.33848 4.61708 19.0804 231.97 4.01289 16.1558 22.9978 7.80366 15.1942 10.9887 6.36489 227.957 151.424 76.5328 149.957 148.222 138.799
internal_count=2848 2821 2764 57 2742 629 73 556 513 476 299 160 91 69 47 139 2113 62 118 177 55 122 90 50 2051 1332 719 1325 1315 1231
is_linear=0
shrinkage=0.05


Tree=195
num_leaves=31
num_cat=0
split_feature=0 3 0 0 3 3 3 0 0 3 0 0 3 0 0 0 0 0 0 0 0 3 3 0 0 3 3 0 0 0
split_gain=0.919095 2.02605 0.654635 0.882902 0.782853 0.50665 0.629572 0.649631 0.745676 0.602647 0.589495 1.22977 0.921879 0.565881 1.28334 1.69295 0.512539 0.478207 1.15438 0.534677 1.69824 1.06987 0.536977 0.5368 0.521582 0.47807 0.695464 0.541049 0.95427 0.587851
threshold=0.073063034564256682 6.5000000000000009 0.063061632215976729 0.063277509063482298 20.500000000000004 2.5000000000000004 18.500000000000004 0.07284188270568849 0.071710307151079192 8.5000000000000018 0.067192967981100096 0.065984569489955916 1.5000000000000002 0.063968017697334303 0.066251005977392211 0.066575963050127043 0.064849406480789198 0.061963930726051338 0.062144866213202483 0.011344788130372764 0.010400011669844391 3.5000000000000004 5.5000000000000009 0.010077058337628843 0.0087095452472567576 15.500000000000002 12.500000000000002 0.069628302007913603 0.069074306637048735 0.070391923189163222
decision_type=2 2 2 2 2 2 2 2 2 2 2 2 2 2 2 2 2 2 2 2 2 2 2 2 2 2 2 2 2 2
left_child=2 -2 4 -4 17 10 7 8 13 -10 11 -5 -12 -7 16 -16 -15 19 -19 20 21 23 -21 -1 -23 26 27 28 -17 -29
right_child=1 -3 3 5 -6 6 -8 -9 9 -11 12 -13 -14 14 15 25 -18 18 -20 22 -22 24 -24 -25 -26 -27 -28 29 -30 -31
leaf_value=-0.01916398936923161 0.034491064464991408 0.0037137143939839946 -0.026721152827458041 -0.0092690306090055016 0.022651695133799259 -0.0067627222631075666 -0.0085725197135106315 0.031176218980484827 0.0032346111216518683 -0.028774026276289517 -0.0073988728300855844 0.029821025764928805 -0.034653416358278073 0.020160007874795074 -0.045725348273926603 -0.0012521111838503362 0.057844502052151726 0.033403892380918621 -0.00085785975500851739 0.0020072984179218545 0.042889668232193721 0.0019595571991081065 -0.0040518219506690996 0.0063773197408934952 0.038500679736527932 -0.012505191062084142 0.032022716091188015 -0.02002804798663391 0.041132315678108225 0.01425019269690672
leaf_weight=5.0798032113816571 5.9753460581414393 50.867624313570559 3.9784929146990171 6.9209090424701589 4.3193877004086962 6.9461420923471477 13.987287381198255 2.0608045272529116 2.7496291175484648 3.1610628329217434 14.999422206077726 2.8366691558621824 3.9118525087833396 2.071362603455785 1.5557238347828413 3.0794205628335494 1.598648670595139 3.8185491128824633 6.9025155012495816 90.041038953699172 3.0272079017013303 1.7297406718134873 61.5693793236278 3.4572024578228593 2.2427479894831777 2.2499352227896443 3.3931842911988488 2.977584594860673 2.3349496237933636 2.156667422503233
leaf_count=41 34 484 26 49 61 42 159 14 20 20 106 26 18 18 14 36 38 28 41 608 32 21 656 20 37 46 57 31 27 28
internal_value=0.00117957 0.00694904 -5.72555e-05 -0.00373869 0.0016193 -0.00258115 0.000441296 0.00391119 0.00227183 -0.0138837 -0.00788645 0.00209501 -0.0130366 0.00563848 0.00966046 0.00409472 0.0365753 0.00110855 0.0113452 0.000451951 0.00928583 0.00115394 -0.000453326 -0.00882061 0.0225896 0.0088815 0.0123329 0.00599925 0.0170262 -0.00562931
internal_weight=322 56.843 265.157 82.9697 182.188 78.9913 50.3224 36.3351 34.2743 5.91069 28.6689 9.75758 18.9113 28.3636 21.4175 17.7475 3.67001 177.868 10.7211 167.147 15.5367 12.5095 151.61 8.53701 3.97249 16.1917 13.9418 10.5486 5.41437 5.13425
internal_count=2838 518 2320 775 1545 749 550 391 377 40 199 75 124 337 295 239 56 1484 69 1415 151 119 1264 61 58 225 179 122 63 59
is_linear=0
shrinkage=0.05


Tree=196
num_leaves=31
num_cat=0
split_feature=0 0 3 0 0 0 0 0 0 3 0 0 0 0 0 0 3 0 0 3 0 0 0 0 2 0 3 0 0 3
split_gain=1.2261 0.792676 0.770926 0.555633 0.812446 0.283636 0.549436 1.41849 0.726168 0.413449 0.902091 1.65247 1.39879 0.471047 0.973724 1.03406 0.57333 1.20865 0.871251 0.647084 1.52193 0.657293 0.426233 0.439713 0.639557 1.66295 1.20231 0.362368 0.448112 0.641927
threshold=0.26739247143268591 0.25223581492900854 10.500000000000002 0.011344788130372764 0.0094179278239607828 0.012290012091398241 0.01378528540953994 0.014221488498151304 0.0134530495852232 6.5000000000000009 0.24178089201450351 0.22858404368162158 0.24861386418342593 0.083722770214080824 0.071710307151079192 0.07252297550439836 2.5000000000000004 0.017295801080763343 0.069985084235668196 5.5000000000000009 0.06072052754461766 0.061847647652029998 0.017922886647284034 0.016943091526627544 1.0000000180025095e-35 0.01505062496289611 12.500000000000002 0.021104273386299614 0.019492635503411296 12.500000000000002
decision_type=2 2 2 2 2 2 2 2 2 2 2 2 2 2 2 2 2 2 2 2 2 2 2 2 2 2 2 2 2 2
left_child=1 3 -2 4 -1 -5 8 -8 -7 13 11 22 -12 14 16 -16 18 -18 -9 20 -19 -21 23 24 -11 -26 -27 28 -24 -30
right_child=2 -3 -4 5 -6 6 7 9 -10 10 12 -13 -14 -15 15 -17 17 19 -20 21 -22 -23 27 -25 25 26 -28 -29 29 -31
leaf_value=0.0020108483641923139 -0.0056318146193484004 -0.02306168956575453 0.025244781324162541 0.010260778949968533 -0.021036992483051551 -0.0049511534279232505 0.029302885686808319 0.00051680676899582727 -0.037409846126857937 0.0027370398871124843 0.040634609241451791 -0.031604045571927926 -0.014353770647852893 -0.014718691298397056 0.032768652540347415 0.0034418649902932781 -0.020322088408302748 0.041373791880174988 -0.024838785484666396 -0.014437716680190341 0.0024772977216385452 0.015905632468720919 -0.0019719727686788417 -0.022188330726915104 -0.050552078176163334 0.05125868727574219 -0.015452301120400601 -0.0013310754565536392 0.033009509737388698 0.001643770739417369
leaf_weight=7.6430072009097767 2.7583031943067891 3.8499250076711169 7.5690283626317978 6.918970921309664 7.6514546279795468 16.302380652632568 4.2333579435944548 88.949721725424752 1.9267734573222686 10.808385875076061 2.9769744584336868 4.746631607413291 1.8912399150431154 4.0165156624279907 5.2751553840935212 6.9869076064787805 3.0270288586616543 5.082703400403263 3.522090275771915 3.1923333369195452 4.9778285883367062 4.0476099122315645 6.158977884333579 4.3586442042142144 2.3033198397606602 0.98166157864034209 2.1648569889366627 88.471619332209229 3.1617819257080555 3.3697473797947168
leaf_count=75 15 31 62 86 70 177 34 623 20 54 42 56 13 21 35 40 14 33 25 22 35 38 79 46 27 48 37 903 37 34
internal_value=5.07117e-05 -0.000515702 0.016998 -0.000231248 -0.00951944 0.000258854 1.42638e-05 0.000592477 -0.00838195 0.000125856 -0.00184856 -0.00266121 0.0192723 0.0021357 0.002677 0.0160583 0.00122236 0.00882531 -0.000448944 0.0139252 0.0221283 0.00252623 -0.0015331 -0.00808556 -0.00430477 -0.0182704 0.00536042 -0.0001977 0.0077036 0.0168273
internal_weight=319.325 308.998 10.3273 305.148 15.2945 289.853 282.934 264.705 18.2292 260.472 131.394 126.526 4.86821 129.078 125.061 12.2621 112.799 20.3275 92.4718 17.3005 10.0605 7.23994 121.779 20.6169 16.2582 5.44984 3.14652 101.162 12.6905 6.53153
internal_count=2832 2755 77 2724 145 2579 2493 2296 197 2262 1376 1321 55 886 865 75 790 142 648 128 68 60 1265 212 166 112 85 1053 150 71
is_linear=0
shrinkage=0.05


Tree=197
num_leaves=31
num_cat=0
split_feature=0 0 0 3 0 2 0 0 3 0 0 0 0 3 0 0 2 3 3 0 0 0 3 0 3 0 0 3 3 2
split_gain=0.776431 0.98346 1.19221 0.730591 0.677579 0.661579 1.35508 2.66296 2.19902 1.19518 2.16279 2.52767 0.629654 1.18014 1.05626 0.595107 0.841097 0.59306 1.33351 1.23805 1.22134 1.50635 0.891168 1.20292 0.869793 0.946562 0.716215 0.593298 0.580948 0.526671
threshold=0.24178089201450351 0.069887049496173873 0.069155588746070876 17.500000000000004 0.069368168711662306 1.0000000180025095e-35 0.015093456488102676 0.013884788379073145 14.500000000000002 0.016608297824859623 0.016331557184457782 0.015223377849906685 0.0075713105034083137 7.5000000000000009 0.010400011669844391 0.070647068321704878 1.0000000180025095e-35 18.500000000000004 9.5000000000000018 0.061963930726051338 0.017230210825800899 0.017743511125445369 6.5000000000000009 0.063759762793779387 15.500000000000002 0.063277509063482298 0.066251005977392211 11.500000000000002 28.000000000000004 1.0000000180025095e-35
decision_type=2 2 2 2 2 2 2 2 2 2 2 2 2 2 2 2 2 2 2 2 2 2 2 2 2 2 2 2 2 2
left_child=1 2 5 -2 -4 -1 7 12 -9 10 11 -8 -7 14 -14 16 -3 18 20 27 -11 -22 26 -24 25 -21 -23 -20 -19 -6
right_child=3 15 4 -5 29 6 9 8 -10 17 -12 -13 13 -15 -16 -17 -18 28 19 24 21 22 23 -25 -26 -27 -28 -29 -30 -31
leaf_value=-0.00014419266005806278 0.02080543241993835 -0.039129541169151412 0.034370024763989919 0.0015421833596474105 -0.0015302713275598767 0.033496911522399718 -0.045426078654993443 0.061140787034606119 -0.0069753824633274272 0.04185267508093013 -0.060041706009238499 0.028630700818704405 -0.017290292172629815 0.034181379098691032 0.0083492914342409921 -0.0024605355032017743 0.00086736962307155236 -0.038301276797151437 0.022790707248557633 -0.0029334344346575174 -0.035631140573763091 0.0022194838495323823 -0.00036087103837083388 -0.059616679307739388 -0.01880316479494348 0.053173461786850784 0.024623715527123759 0.063009459796074391 0.0091666204503145655 0.022805352370820407
leaf_weight=129.82023977162316 10.452406446915122 2.7436055876314631 4.1561433859169474 9.30306678265333 4.7218733695335668 1.9508450068533481 1.8664970528334368 4.5838681217283002 1.5979014784097669 1.8042870182543982 2.1360400831326842 3.0108146988786757 6.3642122228629949 2.7462586364708832 10.890728448051957 61.928802045993507 2.5232776221819222 1.6018312815576785 1.6778887100517734 1.5866163447499277 2.7973892786540082 34.194301148410887 2.4727709712460633 1.310320073738694 2.0114805847406387 1.4285517544485626 3.9826393430121234 2.0220008157193661 1.0786185981705783 4.2015903578139842
leaf_count=825 88 21 37 79 32 22 21 56 22 15 16 44 38 154 78 562 34 28 60 16 25 249 39 26 30 54 33 46 30 54
internal_value=0.00212973 0.00150396 0.00302338 0.0117342 0.0176947 0.00216261 0.00537872 0.0145456 0.0435337 0.00140992 -0.0180851 0.000289933 0.0063825 0.00373786 -0.00110746 -0.00383277 -0.0199677 0.00376853 0.00488209 0.0228189 0.00152039 -0.00010551 0.00226291 -0.0208848 0.00666142 0.0236494 0.00455671 0.0447704 -0.0192001 0.0099281
internal_weight=322.967 303.211 236.016 19.7555 13.0796 222.936 93.1159 28.1338 6.18177 64.982 7.01335 4.87731 21.952 20.0012 17.2549 67.1957 5.26688 57.9687 55.2882 8.72654 46.5617 44.7574 41.96 3.78309 5.02665 3.01517 38.1769 3.69989 2.68045 8.92346
internal_count=2834 2667 2050 167 123 1927 1102 370 78 732 81 65 292 270 116 617 55 651 593 206 387 372 347 65 100 70 282 106 58 86
is_linear=0
shrinkage=0.05


Tree=198
num_leaves=31
num_cat=0
split_feature=0 3 3 0 0 3 0 0 3 0 0 0 3 0 0 0 0 3 0 3 0 0 0 0 0 0 0 0 0 0
split_gain=0.630932 0.552941 0.289978 0.714013 1.38596 0.851087 0.707192 3.07844 0.638314 0.63329 1.15871 1.57118 1.38287 0.809993 1.0955 0.786966 0.731169 0.598186 0.959366 1.97304 1.24389 0.584344 0.582385 0.515107 0.35159 0.972365 0.3362 0.779752 0.623503 0.715949
threshold=0.42452575266361242 29.500000000000004 10.500000000000002 0.063968017697334303 0.066398397088050856 12.500000000000002 0.018593068234622482 0.016144388355314735 11.500000000000002 0.014469849877059461 0.012910410296171905 0.012417749967426063 21.500000000000004 0.062229327857494361 0.060224367305636413 0.010155373718589546 0.017295801080763343 12.500000000000002 0.19420886039733889 11.500000000000002 0.21592056751251223 0.021257515996694568 0.020615364424884323 0.019347880966961387 0.0087095452472567576 0.014221488498151304 0.069691803306341185 0.07252297550439836 0.071858659386634841 0.070647068321704878
decision_type=2 2 2 2 2 2 2 2 2 2 2 2 2 2 2 2 2 2 2 2 2 2 2 2 2 2 2 2 2 2
left_child=1 2 -1 5 -5 6 7 8 24 10 11 15 -12 14 16 -7 -11 18 19 -6 -20 -8 23 -18 -4 -26 -19 28 29 -28
right_child=-2 -3 3 4 17 9 21 -9 -10 13 12 -13 -14 -15 -16 -17 22 26 20 -21 -22 -23 -24 -25 25 -27 27 -29 -30 -31
leaf_value=-5.1034973538334637e-05 -0.018441584905644095 0.01725416830699527 -0.026811161258487943 0.03868838235709917 0.058557427735593318 -0.019644594911113589 0.011650722534670109 -0.1246134047451712 -0.046228808964540985 -0.017857648765918274 0.048669889637546933 -0.047248577735863356 -0.0084608096529642345 0.016080887423969459 -0.030520788330707718 0.051662556576337684 0.016673823084222255 -0.014661522186002932 -0.02083740007154963 -0.018961650540326683 0.018613784325761707 -0.017778581739634054 0.030963459144962485 -0.012430485778629589 -0.026402635715570257 0.061470210358127143 0.020835018744074764 -0.0057136314661350909 0.042495637877712149 -0.019834173198547581
leaf_weight=218.7463898207061 5.1618261225521556 4.1761603648774317 0.62468383833765972 2.2815217026509336 2.2656263047829253 0.66154464334249785 2.1379551375284773 0.78973895590752352 0.95969222486019123 5.6333085112273755 2.6423073811456561 1.6791937630623577 1.767895719502121 3.1099693551659575 5.4015109911561003 0.93209934048354626 2.4439652981236559 6.3150466731749466 3.9248620700091124 1.2871875064447524 4.0698923883028328 7.9921822547912598 1.7664740942418573 4.0224746819585562 0.60848950920626499 0.65230589173734188 2.7883343333378425 26.85191712807864 1.4705047365278003 1.7685270020738242
leaf_count=1654 29 60 11 32 37 7 29 19 16 56 34 26 23 23 30 44 31 86 33 22 37 66 18 38 27 15 43 261 18 34
internal_value=-0.00110026 -0.000820336 -0.00105951 -0.00333728 0.000565792 -0.00805947 -0.0183563 -0.0372758 -0.0130334 -0.00334448 0.00904099 -0.0134992 0.0257682 -0.00759684 -0.0114186 0.0220619 -0.00397748 -0.00114832 0.00885331 0.0304722 -0.000753972 -0.0115676 0.00551993 -0.00143063 0.00386276 0.0190607 -0.00409504 -0.00206556 0.0141866 0.00505122
internal_weight=324.934 319.772 315.596 96.8492 53.0234 43.8258 13.765 3.63491 2.84517 30.0607 7.68304 3.27284 4.4102 22.3777 19.2677 1.59364 13.8662 50.7419 11.5476 3.55281 7.99475 10.1301 8.23291 6.46644 1.88548 1.2608 39.1943 32.8793 6.02737 4.55686
internal_count=2859 2830 2770 1116 603 513 183 88 69 330 134 77 57 196 173 51 143 571 129 59 70 95 87 69 53 42 442 356 95 77
is_linear=0
shrinkage=0.05


Tree=199
num_leaves=31
num_cat=0
split_feature=0 0 0 3 2 0 0 0 0 3 0 0 3 0 0 0 0 3 3 0 0 0 0 0 2 0 0 3 0 0
split_gain=0.475253 0.990021 0.83665 1.01224 0.556767 1.12476 0.644293 0.480746 0.509595 0.437323 0.509226 0.395558 0.569685 0.56287 0.676437 0.612981 0.533006 0.447337 0.384072 0.354514 1.27125 0.703037 0.631802 0.598542 0.488485 0.418597 1.5161 0.615253 0.831262 0.693193
threshold=0.018745350651443008 0.020097580738365654 0.018161195330321792 5.5000000000000009 1.0000000180025095e-35 0.019022217020392421 0.019646776840090755 0.27557592093944555 0.26472581923007971 11.500000000000002 0.24318701773881915 0.011630491819232704 9.5000000000000018 0.017367155291140083 0.016661843284964565 0.016608297824859623 0.0087095452472567576 1.5000000000000002 13.500000000000002 0.07298659905791284 0.072238828986883177 0.083722770214080824 0.20080817490816119 0.22037933766841891 1.0000000180025095e-35 0.067474525421857848 0.066159199923276915 2.5000000000000004 0.069628302007913603 0.069985084235668196
decision_type=2 2 2 2 2 2 2 2 2 2 2 2 2 2 2 2 2 2 2 2 2 2 2 2 2 2 2 2 2 2
left_child=2 4 11 -4 -2 -6 -7 8 9 10 19 12 16 14 15 -13 -1 -16 -14 20 25 -21 -23 -24 -25 26 -3 -27 -29 -30
right_child=1 7 3 -5 5 6 -8 -9 -10 -11 -12 13 18 -15 17 -17 -18 -19 -20 21 -22 22 23 24 -26 27 -28 28 29 -31
leaf_value=-0.013473375386059375 0.0028504199144766297 -0.0017199032266907504 -0.043209810436748403 -0.0046801591691136802 -0.0099676876991610392 0.046533996032693821 0.01631538529608649 -0.0121015556761917 0.021613102446044599 0.0026727951015823991 -0.020339278835428878 -0.0053260462814224124 -0.032962362522968851 0.0063183638688797499 -0.031831602048874218 0.021300073657466594 0.0098151508630789433 -0.009517125578691837 0.0058098114290112109 0.018743569840084792 -0.025125417252956295 -0.020810595285101138 0.018357360725414659 0.0046650531788773441 -0.018874597660474619 -0.0024621840965484807 -0.029953114595085917 0.033226954643268289 -0.018768038464122904 0.017476276124612625
leaf_weight=2.9132280871272149 12.260068390518427 63.072802605340257 2.9419775274582198 4.0531263607554138 2.5169859267771244 3.0075129941105843 4.2657636674121022 9.663529522251336 2.5326378578320137 56.642530265729874 3.9289834387600413 56.528509741881862 1.6931687090545884 10.188506546895949 3.8669956363737565 2.2475232910364857 15.685237152036278 5.3577490737661719 1.0256245099008083 5.7104862141422954 6.2806310276500872 3.3994264234788742 4.4532028632238498 6.1002884916961175 3.4504785165190697 14.429270063992591 5.1426788172684601 3.5013029705733043 2.3098856769502163 3.0759096583351493
leaf_count=27 84 473 31 37 20 32 30 65 30 630 23 530 34 109 28 11 109 34 18 42 38 32 47 36 32 98 38 39 22 35
internal_value=-0.00143743 -8.83178e-05 -0.00417037 -0.0208848 0.00995028 0.0188412 0.0288108 -0.00123112 -0.000660311 -0.000971116 -0.00262423 -0.00299538 0.00304213 -0.00464142 -0.00628352 -0.0043079 0.00616728 -0.0188713 -0.0183361 -0.00204866 -0.00336469 0.00352047 -0.00147461 0.00321915 -0.0038393 -0.00187153 -0.00384837 0.003912 0.0142612 0.00193164
internal_weight=322.246 215.744 106.502 6.9951 22.0503 9.79026 7.27328 193.694 184.031 181.498 124.855 99.5065 21.3173 78.1893 68.0008 58.776 18.5985 9.22474 2.71879 120.926 97.8125 23.1139 17.4034 14.004 9.55077 91.5318 68.2155 23.3164 8.8871 5.3858
internal_count=2814 1846 968 68 166 82 62 1680 1615 1585 955 900 188 712 603 541 136 62 52 932 743 189 147 115 68 705 511 194 96 57
is_linear=0
shrinkage=0.05


end of trees

feature_importances:
semantic_sim=4114
user_cat_clicks=1557
price_fit=270
category_match=59

parameters:
[boosting: gbdt]
[objective: binary]
[metric: auc]
[tree_learner: serial]
[device_type: cpu]
[data_sample_strategy: bagging]
[data: ]
[valid: ]
[num_iterations: 200]
[learning_rate: 0.05]
[num_leaves: 31]
[num_threads: 0]
[seed: 0]
[deterministic: 0]
[force_col_wise: 0]
[force_row_wise: 0]
[histogram_pool_size: -1]
[max_depth: -1]
[min_data_in_leaf: 20]
[min_sum_hessian_in_leaf: 0.001]
[bagging_fraction: 0.9]
[pos_bagging_fraction: 1]
[neg_bagging_fraction: 1]
[bagging_freq: 1]
[bagging_seed: 3]
[bagging_by_query: 0]
[feature_fraction: 0.9]
[feature_fraction_bynode: 1]
[feature_fraction_seed: 2]
[extra_trees: 0]
[extra_seed: 6]
[early_stopping_round: 0]
[early_stopping_min_delta: 0]
[first_metric_only: 0]
[max_delta_step: 0]
[lambda_l1: 0]
[lambda_l2: 0]
[linear_lambda: 0]
[min_gain_to_split: 0]
[drop_rate: 0.1]
[max_drop: 50]
[skip_drop: 0.5]
[xgboost_dart_mode: 0]
[uniform_drop: 0]
[drop_seed: 4]
[top_rate: 0.2]
[other_rate: 0.1]
[min_data_per_group: 100]
[max_cat_threshold: 32]
[cat_l2: 10]
[cat_smooth: 10]
[max_cat_to_onehot: 4]
[top_k: 20]
[monotone_constraints: ]
[monotone_constraints_method: basic]
[monotone_penalty: 0]
[feature_contri: ]
[forcedsplits_filename: ]
[refit_decay_rate: 0.9]
[cegb_tradeoff: 1]
[cegb_penalty_split: 0]
[cegb_penalty_feature_lazy: ]
[cegb_penalty_feature_coupled: ]
[path_smooth: 0]
[interaction_constraints: ]
[verbosity: -1]
[saved_feature_importance_type: 0]
[use_quantized_grad: 0]
[num_grad_quant_bins: 4]
[quant_train_renew_leaf: 0]
[stochastic_rounding: 1]
[linear_tree: 0]
[max_bin: 255]
[max_bin_by_feature: ]
[min_data_in_bin: 3]
[bin_construct_sample_cnt: 200000]
[data_random_seed: 1]
[is_enable_sparse: 1]
[enable_bundle: 1]
[use_missing: 1]
[zero_as_missing: 0]
[feature_pre_filter: 1]
[pre_partition: 0]
[two_round: 0]
[header: 0]
[label_column: ]
[weight_column: ]
[group_column: ]
[ignore_column: ]
[categorical_feature: ]
[forcedbins_filename: ]
[precise_float_parser: 0]
[parser_config_file: ]
[objective_seed: 5]
[num_class: 1]
[is_unbalance: 0]
[scale_pos_weight: 1]
[sigmoid: 1]
[boost_from_average: 1]
[reg_sqrt: 0]
[alpha: 0.9]
[fair_c: 1]
[poisson_max_delta_step: 0.7]
[tweedie_variance_power: 1.5]
[lambdarank_truncation_level: 30]
[lambdarank_norm: 1]
[label_gain: ]
[lambdarank_position_bias_regularization: 0]
[eval_at: ]
[multi_error_top_k: 1]
[auc_mu_weights: ]
[num_machines: 1]
[local_listen_port: 12400]
[time_out: 120]
[machine_list_filename: ]
[machines: ]
[gpu_platform_id: -1]
[gpu_device_id: -1]
[gpu_use_dp: 0]
[num_gpu: 1]

end of parameters

pandas_categorical:[]
